price,target_package,J_target,J_full_catalogue_min,winner_package,raw_margin,conservative_margin_lower_bound,numerical_allowance
0.0,A32_B6_K14,605.8281244779448,462.879177346721,A32_B0_K4,142.9489471312238,142.94874513121587,0.00020200000792922767
0.0,A32_B6_K12,589.7064297382743,462.879177346721,A32_B0_K4,126.82725239155332,126.82705039154516,0.0002020000081579554
0.0,A32_B6_K10,575.1220547240008,462.879177346721,A32_B0_K4,112.2428773772798,112.24267537727087,0.00020200000892038115
0.0,A32_B6_K8,560.9222637866914,462.879177346721,A32_B0_K4,98.04308643997035,98.04288443996106,0.000202000009301594
0.0,A32_B4_K10,544.3925785327624,462.879177346721,A32_B0_K4,81.51340118604139,81.51319918603247,0.00020200000892038115
0.0,A32_B4_K8,528.7785190299612,462.879177346721,A32_B0_K4,65.89934168324021,65.89913968323091,0.000202000009301594
0.25,A32_B6_K14,606.0837752704393,463.38952402213937,A32_B0_K4,142.69425124829996,142.69404924829203,0.00020200000792922767
0.25,A32_B6_K12,589.9737948974566,463.38952402213937,A32_B0_K4,126.58427087531726,126.5840688753091,0.0002020000081579554
0.25,A32_B6_K10,575.4185778665685,463.38952402213937,A32_B0_K4,112.02905384442914,112.02885184442022,0.00020200000892038115
0.25,A32_B6_K8,561.2540746305558,463.38952402213937,A32_B0_K4,97.86455060841644,97.86434860840706,0.0002020000093778366
0.25,A32_B4_K10,544.753550741776,463.38952402213937,A32_B0_K4,81.36402671963668,81.36382471962769,0.0002020000089966237
0.25,A32_B4_K8,529.1460240924456,463.38952402213937,A32_B0_K4,65.75650007030623,65.75629807029685,0.0002020000093778366
0.5,A32_B6_K14,606.3523866939341,463.9099418034508,A32_B0_K4,142.44244489048333,142.4422428904753,0.00020200000800547026
0.5,A32_B6_K12,590.259143786391,463.9099418034508,A32_B0_K4,126.34920198294014,126.34899998293176,0.00020200000838668312
0.5,A32_B6_K10,575.7151010091362,463.9099418034508,A32_B0_K4,111.80515920568541,111.80495720567642,0.0002020000089966237
0.5,A32_B6_K8,561.6056160996454,463.9099418034508,A32_B0_K4,97.69567429619462,97.69547229618517,0.00020200000945407915
0.5,A32_B4_K10,545.116142640526,463.9099418034508,A32_B0_K4,81.20620083707524,81.20599883706618,0.0002020000090728663
0.5,A32_B4_K8,529.5141240047878,463.9099418034508,A32_B0_K4,65.60418220133704,65.60398020132759,0.00020200000945407915
0.75,A32_B6_K14,606.6345690831988,464.4415859396962,A32_B0_K4,142.1929831435026,142.19278114349459,0.00020200000800547026
0.75,A32_B6_K12,590.5613747970601,464.4415859396962,A32_B0_K4,126.11978885736391,126.11958685735553,0.00020200000838668312
0.75,A32_B6_K10,576.019210280048,464.4415859396962,A32_B0_K4,111.5776243403518,111.5774223403428,0.0002020000089966237
0.75,A32_B6_K8,561.9614246479842,464.4415859396962,A32_B0_K4,97.51983870828803,97.51963670827858,0.00020200000945407915
0.75,A32_B4_K10,545.4788401363405,464.4415859396962,A32_B0_K4,81.03725419664431,81.03705219663524,0.0002020000090728663
0.75,A32_B4_K8,529.8880158824779,464.4415859396962,A32_B0_K4,65.44642994278172,65.44622794277227,0.00020200000945407915
1.0,A32_B6_K14,606.9444450217653,464.97325030818917,A32_B0_K4,141.97119471357615,141.97099271356814,0.00020200000800547026
1.0,A32_B6_K12,590.8747867397593,464.97325030818917,A32_B0_K4,125.90153643157015,125.90133443156176,0.00020200000838668312
1.0,A32_B6_K10,576.3400373275637,464.97325030818917,A32_B0_K4,111.3667870193745,111.3665850193655,0.0002020000089966237
1.0,A32_B6_K8,562.317703997938,464.97325030818917,A32_B0_K4,97.34445368974883,97.34425168973938,0.00020200000945407915
1.0,A32_B4_K10,545.8440787938658,464.97325030818917,A32_B0_K4,80.87082848567667,80.8706264856676,0.0002020000090728663
1.0,A32_B4_K8,530.2667355308478,464.97325030818917,A32_B0_K4,65.2934852226586,65.29328322264915,0.00020200000945407915
1.25,A32_B6_K14,607.2746730472716,465.5049146766821,A32_B0_K4,141.76975837058944,141.76955637058143,0.00020200000800547026
1.25,A32_B6_K12,591.2072464499554,465.5049146766821,A32_B0_K4,125.70233177327327,125.70212977326489,0.00020200000838668312
1.25,A32_B6_K10,576.6616626476658,465.5049146766821,A32_B0_K4,111.1567479709837,111.1565459709747,0.0002020000089966237
1.25,A32_B6_K8,562.6746463275748,465.5049146766821,A32_B0_K4,97.16973165089269,97.16952965088323,0.00020200000945407915
1.25,A32_B4_K10,546.2093174513911,465.5049146766821,A32_B0_K4,80.70440277470902,80.7042007746998,0.00020200000922535144
1.25,A32_B4_K8,530.6454826290501,465.5049146766821,A32_B0_K4,65.14056795236797,65.14036595235852,0.00020200000945407915
1.5,A32_B6_K14,607.6180516267319,466.03657904517513,A32_B0_K4,141.5814725815568,141.58127058154864,0.0002020000081579554
1.5,A32_B6_K12,591.5598607666736,466.03657904517513,A32_B0_K4,125.5232817214985,125.52307972148996,0.00020200000853916826
1.5,A32_B6_K10,576.9856311153243,466.03657904517513,A32_B0_K4,110.94905207014915,110.94885007013993,0.00020200000922535144
1.5,A32_B6_K8,563.0315886572117,466.03657904517513,A32_B0_K4,96.9950096120366,96.99480761202683,0.00020200000975904945
1.5,A32_B4_K10,546.5745561089166,466.03657904517513,A32_B0_K4,80.53797706374144,80.53777506373206,0.0002020000093778366
1.5,A32_B4_K8,531.0288820589337,466.03657904517513,A32_B0_K4,64.9923030137586,64.99210101374884,0.00020200000975904945
1.75,A32_B6_K14,607.9633282764852,466.56824341366803,A32_B0_K4,141.39508486281716,141.3948828628089,0.00020200000823419797
1.75,A32_B6_K12,591.9210637292231,466.56824341366803,A32_B0_K4,125.35282031555505,125.35261831554644,0.00020200000861541085
1.75,A32_B6_K10,577.3117717879832,466.56824341366803,A32_B0_K4,110.74352837431513,110.74332637430591,0.00020200000922535144
1.75,A32_B6_K8,563.3885309868487,466.56824341366803,A32_B0_K4,96.82028757318062,96.82008557317086,0.00020200000975904945
1.75,A32_B4_K10,546.9412618649653,466.56824341366803,A32_B0_K4,80.3730184512973,80.37281645128792,0.0002020000093778366
1.75,A32_B4_K8,531.4242697791605,466.56824341366803,A32_B0_K4,64.85602636549243,64.85582436548266,0.00020200000975904945
2.0,A32_B6_K14,608.3165591739382,467.0999077821609,A32_B0_K4,141.2166513917773,141.21644939176906,0.00020200000823419797
2.0,A32_B6_K12,592.3013010451095,467.0999077821609,A32_B0_K4,125.20139326294861,125.20119126294,0.00020200000861541085
2.0,A32_B6_K10,577.6434260532696,467.0999077821609,A32_B0_K4,110.54351827110872,110.5433162710995,0.00020200000922535144
2.0,A32_B6_K8,563.7460825168766,467.0999077821609,A32_B0_K4,96.64617473471571,96.64597273470595,0.00020200000975904945
2.0,A32_B4_K10,547.3367862805114,467.0999077821609,A32_B0_K4,80.2368784983505,80.23667649834113,0.0002020000093778366
2.0,A32_B4_K8,531.8707171404398,467.0999077821609,A32_B0_K4,64.77080935827883,64.77060735826906,0.00020200000975904945
2.25,A32_B6_K14,608.6721718016306,467.64861745043555,A32_B0_K4,141.02355435119506,141.02335235118682,0.00020200000823419797
2.25,A32_B6_K12,592.6874667044252,467.64861745043555,A32_B0_K4,125.03884925398967,125.03864725398105,0.00020200000861541085
2.25,A32_B6_K10,577.975080318556,467.64861745043555,A32_B0_K4,110.32646286812047,110.32626086811125,0.00020200000922535144
2.25,A32_B6_K8,564.1145254670175,467.64861745043555,A32_B0_K4,96.46590801658198,96.46570601657221,0.00020200000975904945
2.25,A32_B4_K10,547.7502863921204,467.64861745043555,A32_B0_K4,80.10166894168486,80.10146694167548,0.0002020000093778366
2.25,A32_B4_K8,532.3781817613724,467.64861745043555,A32_B0_K4,64.72956431093684,64.72936231092707,0.00020200000975904945
2.5,A32_B6_K14,609.048183363586,468.2427034461558,A32_B0_K4,140.80547991743015,140.8052779174219,0.00020200000823419797
2.5,A32_B6_K12,593.077723586323,468.2427034461558,A32_B0_K4,124.83502014016722,124.8348181401586,0.00020200000861541085
2.5,A32_B6_K10,578.3067345838425,468.2427034461558,A32_B0_K4,110.0640311376867,110.06382913767732,0.0002020000093778366
2.5,A32_B6_K8,564.4945436001681,468.2427034461558,A32_B0_K4,96.25184015401226,96.25163815400249,0.00020200000975904945
2.5,A32_B4_K10,548.1798252984493,468.2427034461558,A32_B0_K4,79.93712185229344,79.9369198522839,0.0002020000095303217
2.5,A32_B4_K8,532.8970660864525,468.2427034461558,A32_B0_K4,64.65436264029665,64.65416064028689,0.00020200000975904945
2.75,A32_B6_K14,609.4351161760208,468.85013491914657,A32_B0_K4,140.5849812568742,140.58477925686566,0.00020200000853916826
2.75,A32_B6_K12,593.4882072309524,468.85013491914657,A32_B0_K4,124.63807231180584,124.63787031179692,0.00020200000892038115
2.75,A32_B6_K10,578.6545530411486,468.85013491914657,A32_B0_K4,109.804418122002,109.80421612199233,0.0002020000096828069
2.75,A32_B6_K8,564.8958215462719,468.85013491914657,A32_B0_K4,96.04568662712535,96.04548462711529,0.00020200001006401974
2.75,A32_B4_K10,548.6811254051181,468.85013491914657,A32_B0_K4,79.83099048597154,79.8307884859617,0.000202000009835292
2.75,A32_B4_K8,533.4272988316934,468.85013491914657,A32_B0_K4,64.57716391254684,64.57696191253677,0.00020200001006401974
3.0,A32_B6_K14,609.8306568104531,469.47384498411117,A32_B0_K4,140.35681182634193,140.3566098263334,0.00020200000853916826
3.0,A32_B6_K12,593.9108488234115,469.47384498411117,A32_B0_K4,124.4370038393003,124.43680183929138,0.00020200000892038115
3.0,A32_B6_K10,579.0245704377334,469.47384498411117,A32_B0_K4,109.55072545362219,109.55052345361251,0.0002020000096828069
3.0,A32_B6_K8,565.3159042639483,469.47384498411117,A32_B0_K4,95.84205927983709,95.84185727982695,0.0002020000101402623
3.0,A32_B4_K10,549.2038335613964,469.47384498411117,A32_B0_K4,79.72998857728527,79.72978657727543,0.000202000009835292
3.0,A32_B4_K8,533.9941943866882,469.47384498411117,A32_B0_K4,64.52034940257698,64.52014740256685,0.0002020000101402623
3.25,A32_B6_K14,610.2270133180134,470.12467607720396,A32_B0_K4,140.10233724080945,140.10213524080075,0.0002020000086916534
3.25,A32_B6_K12,594.3350584597156,470.12467607720396,A32_B0_K4,124.21038238251163,124.2101803825027,0.00020200000892038115
3.25,A32_B6_K10,579.4310988334872,470.12467607720396,A32_B0_K4,109.30642275628327,109.30622075627359,0.0002020000096828069
3.25,A32_B6_K8,565.7654584378872,470.12467607720396,A32_B0_K4,95.64078236068326,95.64058036067313,0.0002020000101402623
3.25,A32_B4_K10,549.7546603862506,470.12467607720396,A32_B0_K4,79.62998430904668,79.62978230903684,0.000202000009835292
3.25,A32_B4_K8,534.561089941683,470.12467607720396,A32_B0_K4,64.43641386447905,64.43621186446892,0.0002020000101402623
3.5,A32_B6_K14,610.628744504331,470.7762294284713,A32_B0_K4,139.85251507585974,139.85231307585104,0.0002020000086916534
3.5,A32_B6_K12,594.7593901524689,470.7762294284713,A32_B0_K4,123.98316072399757,123.9829587239885,0.0002020000090728663
3.5,A32_B6_K10,579.8552057180451,470.7762294284713,A32_B0_K4,109.0789762895738,109.07877428956412,0.0002020000096828069
3.5,A32_B6_K8,566.2538407473035,470.7762294284713,A32_B0_K4,95.47761131883215,95.47740931882201,0.0002020000101402623
3.5,A32_B4_K10,550.3054872111047,470.7762294284713,A32_B0_K4,79.52925778263341,79.5290557826235,0.0002020000099115346
3.5,A32_B4_K8,535.1279854966778,470.7762294284713,A32_B0_K4,64.35175606820644,64.35155406819631,0.0002020000101402623
3.75,A32_B6_K14,611.0430300012615,471.42778277973866,A32_B0_K4,139.61524722152285,139.61504522151415,0.0002020000086916534
3.75,A32_B6_K12,595.2047832049892,471.42778277973866,A32_B0_K4,123.77700042525055,123.77679842524148,0.0002020000090728663
3.75,A32_B6_K10,580.3216771700611,471.42778277973866,A32_B0_K4,108.89389439032243,108.89369239031275,0.0002020000096828069
3.75,A32_B6_K8,566.7618177526385,471.42778277973866,A32_B0_K4,95.33403497289987,95.33383297288958,0.00020200001029274745
3.75,A32_B4_K10,550.8610803113379,471.42778277973866,A32_B0_K4,79.43329753159924,79.43309553158933,0.0002020000099115346
3.75,A32_B4_K8,535.6950203867453,471.42778277973866,A32_B0_K4,64.26723760700668,64.26703560699639,0.00020200001029274745
4.0,A32_B6_K14,611.4718752137984,472.08416230384785,A32_B0_K4,139.38771290995055,139.38751090994185,0.0002020000086916534
4.0,A32_B6_K12,595.6612645427316,472.08416230384785,A32_B0_K4,123.57710223888375,123.57690023887469,0.0002020000090728663
4.0,A32_B6_K10,580.7884370649117,472.08416230384785,A32_B0_K4,108.70427476106386,108.70407276105402,0.000202000009835292
4.0,A32_B6_K8,567.2701274489639,472.08416230384785,A32_B0_K4,95.18596514511603,95.18576314510574,0.00020200001029274745
4.0,A32_B4_K10,551.4201174151415,472.08416230384785,A32_B0_K4,79.33595511129363,79.33575311128372,0.0002020000099115346
4.0,A32_B4_K8,536.2620560125836,472.08416230384785,A32_B0_K4,64.17789370873572,64.17769170872543,0.00020200001029274745
4.25,A32_B6_K14,611.9018547423099,472.7622076847599,A32_B0_K4,139.13964705754995,139.13944505754125,0.0002020000086916534
4.25,A32_B6_K12,596.1211404967644,472.7622076847599,A32_B0_K4,123.35893281200447,123.3587308119954,0.0002020000090728663
4.25,A32_B6_K10,581.2634726838223,472.7622076847599,A32_B0_K4,108.50126499906241,108.50106299905258,0.000202000009835292
4.25,A32_B6_K8,567.7784371452892,472.7622076847599,A32_B0_K4,95.0162294605293,95.01602746051901,0.00020200001029274745
4.25,A32_B4_K10,551.9948498750462,472.7622076847599,A32_B0_K4,79.23264219028624,79.23244019027634,0.0002020000099115346
4.25,A32_B4_K8,536.8395557176849,472.7622076847599,A32_B0_K4,64.07734803292499,64.0771460329147,0.00020200001029274745
4.5,A32_B6_K14,612.338582142886,473.46538650332764,A32_B0_K4,138.8731956395584,138.8729936395494,0.0002020000089966237
4.5,A32_B6_K12,596.5836104968934,473.46538650332764,A32_B0_K4,123.11822399356572,123.11802199355634,0.0002020000093778366
4.5,A32_B6_K10,581.752763861772,473.46538650332764,A32_B0_K4,108.28737735844436,108.28717535843423,0.0002020000101402623
4.5,A32_B6_K8,568.2873420538835,473.46538650332764,A32_B0_K4,94.82195555055591,94.82175355054531,0.00020200001059771775
4.5,A32_B4_K10,552.571461725897,473.46538650332764,A32_B0_K4,79.10607522256942,79.1058732225592,0.0002020000102165049
4.5,A32_B4_K8,537.4409739233454,473.46538650332764,A32_B0_K4,63.975587420017746,63.97538542000715,0.00020200001059771775
4.75,A32_B6_K14,612.7787918146369,474.17385752487064,A32_B0_K4,138.60493428976622,138.60473228975724,0.0002020000089966237
4.75,A32_B6_K12,597.0477356239065,474.17385752487064,A32_B0_K4,122.87387809903589,122.87367609902651,0.0002020000093778366
4.75,A32_B6_K10,582.2453979600637,474.17385752487064,A32_B0_K4,108.07154043519301,108.07133843518288,0.0002020000101402623
4.75,A32_B6_K8,568.7988381465258,474.17385752487064,A32_B0_K4,94.62498062165514,94.62477862164454,0.00020200001059771775
4.75,A32_B4_K10,553.1610286580374,474.17385752487064,A32_B0_K4,78.98717113316673,78.98696913315635,0.00020200001036899004
4.75,A32_B4_K8,538.0516603944009,474.17385752487064,A32_B0_K4,63.87780286953023,63.87760086951963,0.00020200001059771775
5.0,A32_B6_K14,613.2278381098483,474.8827585389362,A32_B0_K4,138.34507957091216,138.34487757090318,0.0002020000089966237
5.0,A32_B6_K12,597.5118607509196,474.8827585389362,A32_B0_K4,122.62910221198342,122.62890021197404,0.0002020000093778366
5.0,A32_B6_K10,582.7380320583553,474.8827585389362,A32_B0_K4,107.85527351941914,107.85507151940892,0.0002020000102165049
5.0,A32_B6_K8,569.310334239168,474.8827585389362,A32_B0_K4,94.42757570023184,94.4273737002211,0.0002020000107502029
5.0,A32_B4_K10,553.760041993157,474.8827585389362,A32_B0_K4,78.87728345422079,78.87708145421041,0.00020200001036899004
5.0,A32_B4_K8,538.6713638057496,474.8827585389362,A32_B0_K4,63.78860526681342,63.78840326680267,0.0002020000107502029
5.25,A32_B6_K14,613.670051163829,475.61132766630493,A32_B0_K4,138.0587234975241,138.05852149751496,0.00020200000914910886
5.25,A32_B6_K12,597.9652742845403,475.61132766630493,A32_B0_K4,122.3539466182354,122.35374461822602,0.0002020000093778366
5.25,A32_B6_K10,583.2200906045637,475.61132766630493,A32_B0_K4,107.60876293825874,107.60856093824852,0.0002020000102165049
5.25,A32_B6_K8,569.8114271704668,475.61132766630493,A32_B0_K4,94.20009950416187,94.19989750415112,0.0002020000107502029
5.25,A32_B4_K10,554.352854854046,475.61132766630493,A32_B0_K4,78.74152718774104,78.74132518773067,0.00020200001036899004
5.25,A32_B4_K8,539.2799879816392,475.61132766630493,A32_B0_K4,63.66866031533431,63.668458315323555,0.0002020000107502029
5.5,A32_B6_K14,614.1121686821341,476.34781593870014,A32_B0_K4,137.76435274343396,137.7641507434248,0.00020200000914910886
5.5,A32_B6_K12,598.4227742303576,476.34781593870014,A32_B0_K4,122.07495829165748,122.07475629164803,0.00020200000945407915
5.5,A32_B6_K10,583.7020616924387,476.34781593870014,A32_B0_K4,107.35424575373861,107.35404375372839,0.0002020000102165049
5.5,A32_B6_K8,570.3124340690795,476.34781593870014,A32_B0_K4,93.96461813037934,93.96441613036859,0.0002020000107502029
5.5,A32_B4_K10,554.9477542176611,476.34781593870014,A32_B0_K4,78.59993827896096,78.59973627895059,0.00020200001036899004
5.5,A32_B4_K8,539.8885205338047,476.34781593870014,A32_B0_K4,63.54070459510456,63.540502595093805,0.0002020000107502029
5.75,A32_B6_K14,614.5567936060559,477.1038723787066,A32_B0_K4,137.45292122734924,137.45271922733994,0.000202000009301594
5.75,A32_B6_K12,598.8876341204301,477.1038723787066,A32_B0_K4,121.78376174172348,121.78355974171387,0.0002020000096065643
5.75,A32_B6_K10,584.1910792085416,477.1038723787066,A32_B0_K4,107.087206829835,107.08700482982462,0.00020200001036899004
5.75,A32_B6_K8,570.8134409676921,477.1038723787066,A32_B0_K4,93.70956858898552,93.70936658897455,0.00020200001097893063
5.75,A32_B4_K10,555.5426535812762,477.1038723787066,A32_B0_K4,78.4387812025696,78.43857920255908,0.0002020000105214752
5.75,A32_B4_K8,540.4970530859702,477.1038723787066,A32_B0_K4,63.393180707263525,63.392978707252546,0.00020200001097893063
6.0,A32_B6_K14,615.002556812964,477.86350038758513,A32_B0_K4,137.1390564253789,137.1388544253696,0.000202000009301594
6.0,A32_B6_K12,599.3524940105027,477.86350038758513,A32_B0_K4,121.48899362291758,121.48879162290797,0.0002020000096065643
6.0,A32_B6_K10,584.6825931417812,477.86350038758513,A32_B0_K4,106.8190927541961,106.81889075418573,0.00020200001036899004
6.0,A32_B6_K8,571.3179092500359,477.86350038758513,A32_B0_K4,93.45440886245075,93.45420686243978,0.00020200001097893063
6.0,A32_B4_K10,556.1375529448914,477.86350038758513,A32_B0_K4,78.27405255730622,78.2738505572957,0.0002020000105214752
6.0,A32_B4_K8,541.1055856381356,477.86350038758513,A32_B0_K4,63.242085250550474,63.241883250539495,0.00020200001097893063
6.25,A32_B6_K14,615.4492600931445,478.6234464847764,A32_B0_K4,136.8258136083681,136.8256116083588,0.000202000009301594
6.25,A32_B6_K12,599.8173539005752,478.6234464847764,A32_B0_K4,121.19390741579878,121.19370541578917,0.0002020000096065643
6.25,A32_B6_K10,585.1778717471533,478.6234464847764,A32_B0_K4,106.55442526237687,106.55422326236649,0.00020200001036899004
6.25,A32_B6_K8,571.8303533495678,478.6234464847764,A32_B0_K4,93.20690686479134,93.20670486478036,0.00020200001097893063
6.25,A32_B4_K10,556.7324523085065,478.6234464847764,A32_B0_K4,78.10900582373006,78.10880382371946,0.00020200001059771775
6.25,A32_B4_K8,541.714118190301,478.6234464847764,A32_B0_K4,63.09067170552453,63.09046970551355,0.00020200001097893063
6.5,A32_B6_K14,615.895963373325,479.39124373141203,A32_B0_K4,136.50471964191297,136.50451764190367,0.000202000009301594
6.5,A32_B6_K12,600.2838806512533,479.39124373141203,A32_B0_K4,120.89263691984127,120.89243491983166,0.0002020000096065643
6.5,A32_B6_K10,585.6748656691725,479.39124373141203,A32_B0_K4,106.28362193776047,106.28341993774995,0.0002020000105214752
6.5,A32_B6_K8,572.3494482914185,479.39124373141203,A32_B0_K4,92.9582045600065,92.95800255999552,0.00020200001097893063
6.5,A32_B4_K10,557.3275317078118,479.39124373141203,A32_B0_K4,77.93628797639974,77.93608597638914,0.00020200001059771775
6.5,A32_B4_K8,542.3226507424663,479.39124373141203,A32_B0_K4,62.93140701105426,62.93120501104328,0.00020200001097893063
6.75,A32_B6_K14,616.3426666535055,480.1822884919786,A32_B0_K4,136.16037816152686,136.16017616151748,0.0002020000093778366
6.75,A32_B6_K12,600.7551993016845,480.1822884919786,A32_B0_K4,120.57291080970583,120.57270880969607,0.00020200000975904945
6.75,A32_B6_K10,586.1733851222485,480.1822884919786,A32_B0_K4,105.99109663026991,105.99089463025939,0.0002020000105214752
6.75,A32_B6_K8,572.8772656662736,480.1822884919786,A32_B0_K4,92.69497717429499,92.69477517428402,0.00020200001097893063
6.75,A32_B4_K10,557.9256983161605,480.1822884919786,A32_B0_K4,77.74340982418187,77.74320782417126,0.00020200001059771775
6.75,A32_B4_K8,542.9311832946318,480.1822884919786,A32_B0_K4,62.748894802653126,62.74869280264215,0.00020200001097893063
7.0,A32_B6_K14,616.789369933686,480.9733332525452,A32_B0_K4,135.81603668114076,135.81583468113138,0.0002020000093778366
7.0,A32_B6_K12,601.2270684158254,480.9733332525452,A32_B0_K4,120.25373516328023,120.25353316327046,0.00020200000975904945
7.0,A32_B6_K10,586.672233008645,480.9733332525452,A32_B0_K4,105.69889975609976,105.69869775608925,0.0002020000105214752
7.0,A32_B6_K8,573.4088243289606,480.9733332525452,A32_B0_K4,92.43549107641536,92.43528907640423,0.00020200001113141578
7.0,A32_B4_K10,558.5238649245093,480.9733332525452,A32_B0_K4,77.55053167196411,77.5503296719535,0.00020200001059771775
7.0,A32_B4_K8,543.5404869125125,480.9733332525452,A32_B0_K4,62.56715365996729,62.56695165995616,0.00020200001113141578
7.25,A32_B6_K14,617.2360732138663,481.7643780131118,A32_B0_K4,135.47169520075454,135.47149320074516,0.0002020000093778366
7.25,A32_B6_K12,601.698970493444,481.7643780131118,A32_B0_K4,119.93459248033219,119.93439048032242,0.00020200000975904945
7.25,A32_B6_K10,587.1765721233155,481.7643780131118,A32_B0_K4,105.4121941102037,105.41199211019318,0.0002020000105214752
7.25,A32_B6_K8,573.9408869657697,481.7643780131118,A32_B0_K4,92.17650895265785,92.17630695264673,0.00020200001113141578
7.25,A32_B4_K10,559.122031532858,481.7643780131118,A32_B0_K4,77.35765351974624,77.35745151973549,0.0002020000107502029
7.25,A32_B4_K8,544.1557364316997,481.7643780131118,A32_B0_K4,62.391358418587856,62.39115641857673,0.00020200001113141578
7.5,A32_B6_K14,617.6827764940468,482.55695772951447,A32_B0_K4,135.12581876453237,135.12561676452268,0.0002020000096828069
7.5,A32_B6_K12,602.1711990953214,482.55695772951447,A32_B0_K4,119.61424136580695,119.61403936579688,0.00020200001006401974
7.5,A32_B6_K10,587.6809112379862,482.55695772951447,A32_B0_K4,105.12395350847169,105.12375150846086,0.00020200001082644548
7.5,A32_B6_K8,574.4734855823166,482.55695772951447,A32_B0_K4,91.91652785280212,91.91632585279068,0.00020200001143638608
7.5,A32_B4_K10,559.7201981412068,482.55695772951447,A32_B0_K4,77.1632404116923,77.16303841168124,0.0002020000110551732
7.5,A32_B4_K8,544.7711980862498,482.55695772951447,A32_B0_K4,62.21424035673533,62.2140383567239,0.00020200001143638608
7.75,A32_B6_K14,618.1299687081198,483.35532247593426,A32_B0_K4,134.77464623218555,134.77444423217585,0.0002020000096828069
7.75,A32_B6_K12,602.6434276971988,483.35532247593426,A32_B0_K4,119.28810522126457,119.28790322125451,0.00020200001006401974
7.75,A32_B6_K10,588.1852503526568,483.35532247593426,A32_B0_K4,104.82992787672254,104.8297258767117,0.00020200001082644548
7.75,A32_B6_K8,575.0060841988634,483.35532247593426,A32_B0_K4,91.65076172292913,91.65055972291769,0.00020200001143638608
7.75,A32_B4_K10,560.3234816515215,483.35532247593426,A32_B0_K4,76.96815917558729,76.96795717557623,0.0002020000110551732
7.75,A32_B4_K8,545.3867232669352,483.35532247593426,A32_B0_K4,62.03140079100092,62.031198790989485,0.00020200001143638608
8.0,A32_B6_K14,618.5866496856397,484.1667381906499,A32_B0_K4,134.41991149498983,134.41970949498014,0.0002020000096828069
8.0,A32_B6_K12,603.1156562990762,484.1667381906499,A32_B0_K4,118.94891810842637,118.9487161084163,0.00020200001006401974
8.0,A32_B6_K10,588.6895894673273,484.1667381906499,A32_B0_K4,104.52285127667744,104.52264927666661,0.00020200001082644548
8.0,A32_B6_K8,575.5386828154103,484.1667381906499,A32_B0_K4,91.37194462476043,91.37174262474899,0.00020200001143638608
8.0,A32_B4_K10,560.9274751594049,484.1667381906499,A32_B0_K4,76.76073696875505,76.760534968744,0.0002020000110551732
8.0,A32_B4_K8,546.0022484476204,484.1667381906499,A32_B0_K4,61.835510256970565,61.83530825695913,0.00020200001143638608
8.25,A32_B6_K14,619.0482177780463,484.97914941798876,A32_B0_K4,134.06906836005749,134.0688663600478,0.0002020000096828069
8.25,A32_B6_K12,603.5878849009537,484.97914941798876,A32_B0_K4,118.6087354829649,118.60853348295484,0.00020200001006401974
8.25,A32_B6_K10,589.2020544945162,484.97914941798876,A32_B0_K4,104.22290507652747,104.22270307651657,0.00020200001090268804
8.25,A32_B6_K8,576.0712814319572,484.97914941798876,A32_B0_K4,91.09213201396847,91.09193001395703,0.00020200001143638608
8.25,A32_B4_K10,561.5314686672883,484.97914941798876,A32_B0_K4,76.55231924929956,76.5521172492885,0.0002020000110551732
8.25,A32_B4_K8,546.6177736283057,484.97914941798876,A32_B0_K4,61.63862421031695,61.638422210305514,0.00020200001143638608
8.5,A32_B6_K14,619.5113573646563,485.791649290039,A32_B0_K4,133.7197080746173,133.7195060746076,0.0002020000096828069
8.5,A32_B6_K12,604.0671856734762,485.791649290039,A32_B0_K4,118.27553638343716,118.27533438342694,0.0002020000102165049
8.5,A32_B6_K10,589.7234293141958,485.791649290039,A32_B0_K4,103.93178002415675,103.93157802414585,0.00020200001090268804
8.5,A32_B6_K8,576.603880048504,485.791649290039,A32_B0_K4,90.81223075846503,90.81202875845345,0.00020200001158887122
8.5,A32_B4_K10,562.1354621751717,485.791649290039,A32_B0_K4,76.3438128851327,76.34361088512149,0.00020200001120765834
8.5,A32_B4_K8,547.2332988089911,485.791649290039,A32_B0_K4,61.44164951895209,61.4414475189405,0.00020200001158887122
8.75,A32_B6_K14,619.9744969512664,486.6136965569582,A32_B0_K4,133.36080039430817,133.36059839429848,0.0002020000096828069
8.75,A32_B6_K12,604.553312697853,486.6136965569582,A32_B0_K4,117.93961614089483,117.93941414088461,0.0002020000102165049
8.75,A32_B6_K10,590.2448041338753,486.6136965569582,A32_B0_K4,103.63110757691709,103.63090557690619,0.00020200001090268804
8.75,A32_B6_K8,577.136478665051,486.6136965569582,A32_B0_K4,90.52278210809277,90.52258010808119,0.00020200001158887122
8.75,A32_B4_K10,562.7394556830551,486.6136965569582,A32_B0_K4,76.12575912609691,76.1255571260857,0.00020200001120765834
8.75,A32_B4_K8,547.8488239896764,486.6136965569582,A32_B0_K4,61.23512743271817,61.23492543270658,0.00020200001158887122
9.0,A32_B6_K14,620.4376365378765,487.44331876844126,A32_B0_K4,132.99431776943527,132.99411576942543,0.000202000009835292
9.0,A32_B6_K12,605.0415132905948,487.44331876844126,A32_B0_K4,117.59819452215356,117.59799252214334,0.0002020000102165049
9.0,A32_B6_K10,590.7661789535549,487.44331876844126,A32_B0_K4,103.32286018511365,103.3226581851026,0.0002020000110551732
9.0,A32_B6_K8,577.6699656007487,487.44331876844126,A32_B0_K4,90.22664683230744,90.22644483229585,0.00020200001158887122
9.0,A32_B4_K10,563.3434491909385,487.44331876844126,A32_B0_K4,75.90013042249723,75.89992842248601,0.00020200001120765834
9.0,A32_B4_K8,548.4643491703616,487.44331876844126,A32_B0_K4,61.02103040192037,61.02082840190878,0.00020200001158887122
9.25,A32_B6_K14,620.9020821663182,488.27294097992433,A32_B0_K4,132.6291411863939,132.62893918638406,0.000202000009835292
9.25,A32_B6_K12,605.533331291574,488.27294097992433,A32_B0_K4,117.26039031164964,117.26018831163942,0.0002020000102165049
9.25,A32_B6_K10,591.2875537732344,488.27294097992433,A32_B0_K4,103.0146127933101,103.01441079329905,0.0002020000110551732
9.25,A32_B6_K8,578.2112803763109,488.27294097992433,A32_B0_K4,89.9383393963866,89.93813739637493,0.00020200001166511378
9.25,A32_B4_K10,563.9474426988219,488.27294097992433,A32_B0_K4,75.67450171889755,75.67429971888633,0.00020200001120765834
9.25,A32_B4_K8,549.0830793480989,488.27294097992433,A32_B0_K4,60.810138368174535,60.809936368162944,0.00020200001158887122
9.5,A32_B6_K14,621.3719161375511,489.10256319140734,A32_B0_K4,132.26935294614378,132.2691509461338,0.00020200000998777716
9.5,A32_B6_K12,606.0251492925531,489.10256319140734,A32_B0_K4,116.92258610114578,116.9223841011354,0.00020200001036899004
9.5,A32_B6_K10,591.8105895371634,489.10256319140734,A32_B0_K4,102.70802634575608,102.70782434574487,0.00020200001120765834
9.5,A32_B6_K8,578.752595151873,489.10256319140734,A32_B0_K4,89.6500319604657,89.64982996045389,0.00020200001181759893
9.5,A32_B4_K10,564.5528170255516,489.10256319140734,A32_B0_K4,75.45025383414423,75.4500518341328,0.00020200001143638608
9.5,A32_B4_K8,549.7080388565043,489.10256319140734,A32_B0_K4,60.605475665097,60.605273665085264,0.00020200001174135637
9.75,A32_B6_K14,621.841750108784,489.93530098146255,A32_B0_K4,131.90644912732148,131.9062471273115,0.00020200000998777716
9.75,A32_B6_K12,606.5169934131981,489.93530098146255,A32_B0_K4,116.58169243173552,116.58149043172514,0.00020200001036899004
9.75,A32_B6_K10,592.3343886964558,489.93530098146255,A32_B0_K4,102.39908771499324,102.39888571498203,0.00020200001120765834
9.75,A32_B6_K8,579.2968911535584,489.93530098146255,A32_B0_K4,89.36159017209582,89.361388172084,0.00020200001181759893
9.75,A32_B4_K10,565.1588297325214,489.93530098146255,A32_B0_K4,75.2235287510589,75.22332675104745,0.00020200001143638608
9.75,A32_B4_K8,550.3368080364812,489.93530098146255,A32_B0_K4,60.40150705501867,60.40130505500693,0.00020200001174135637
10.0,A32_B6_K14,622.312329933792,490.7701250310451,A32_B0_K4,131.54220490274685,131.54200290273687,0.00020200000998777716
10.0,A32_B6_K12,607.0091097644464,490.7701250310451,A32_B0_K4,116.23898473340131,116.23878273339093,0.00020200001036899004
10.0,A32_B6_K10,592.8581878557484,490.7701250310451,A32_B0_K4,102.08806282470329,102.08786082469207,0.00020200001120765834
10.0,A32_B6_K8,579.8429583888837,490.7701250310451,A32_B0_K4,89.07283335783865,89.07263135782684,0.00020200001181759893
10.0,A32_B4_K10,565.7648424394914,490.7701250310451,A32_B0_K4,74.99471740844632,74.99451540843488,0.00020200001143638608
10.0,A32_B4_K8,550.9664585847172,490.7701250310451,A32_B0_K4,60.196333553672105,60.196131553660365,0.00020200001174135637
10.25,A32_B6_K14,622.7863869971892,491.60880829101535,A32_B0_K4,131.17757870617385,131.17737670616387,0.00020200000998777716
10.25,A32_B6_K12,607.5012261156947,491.60880829101535,A32_B0_K4,115.8924178246794,115.89221582466902,0.00020200001036899004
10.25,A32_B6_K10,593.3819870150407,491.60880829101535,A32_B0_K4,101.7731787240254,101.77297672401419,0.00020200001120765834
10.25,A32_B6_K8,580.38998341812,491.60880829101535,A32_B0_K4,88.78117512710463,88.78097312709282,0.00020200001181759893
10.25,A32_B4_K10,566.3708551464613,491.60880829101535,A32_B0_K4,74.76204685544593,74.76184485543449,0.00020200001143638608
10.25,A32_B4_K8,551.5986991353712,491.60880829101535,A32_B0_K4,59.9898908443559,59.98968884434416,0.00020200001174135637
10.5,A32_B6_K14,623.2604440605865,492.4571183535338,A32_B0_K4,130.80332570705264,130.80312370704235,0.00020200001029274745
10.5,A32_B6_K12,607.9933424669431,492.4571183535338,A32_B0_K4,115.53622411340928,115.53602211339853,0.0002020000107502029
10.5,A32_B6_K10,593.9057861743332,492.4571183535338,A32_B0_K4,101.44866782079941,101.4484658207879,0.00020200001151262864
10.5,A32_B6_K8,580.9389089421217,492.4571183535338,A32_B0_K4,88.48179058858784,88.48158858857549,0.00020200001235129696
10.5,A32_B4_K10,566.9768678534313,492.4571183535338,A32_B0_K4,74.51974949989744,74.5195474998857,0.00020200001174135637
10.5,A32_B4_K8,552.2309396860252,492.4571183535338,A32_B0_K4,59.773821332491366,59.773619332479015,0.00020200001235129696
10.75,A32_B6_K14,623.7345011239836,493.30582305271827,A32_B0_K4,130.42867807126532,130.42847607125503,0.00020200001029274745
10.75,A32_B6_K12,608.4854588181913,493.30582305271827,A32_B0_K4,115.17963576547305,115.1794337654623,0.0002020000107502029
10.75,A32_B6_K10,594.4295853336257,493.30582305271827,A32_B0_K4,101.12376228090744,101.12356028089577,0.00020200001166511378
10.75,A32_B6_K8,581.4946943244565,493.30582305271827,A32_B0_K4,88.18887127173826,88.18866927172591,0.00020200001235129696
10.75,A32_B4_K10,567.5828805604011,493.30582305271827,A32_B0_K4,74.27705750768285,74.27685550767112,0.00020200001174135637
10.75,A32_B4_K8,552.8631802366792,493.30582305271827,A32_B0_K4,59.55735718396096,59.55715518394861,0.00020200001235129696
11.0,A32_B6_K14,624.2085581873808,494.16272769197127,A32_B0_K4,130.04583049540958,130.0456284953992,0.00020200001036899004
11.0,A32_B6_K12,608.9782393195984,494.16272769197127,A32_B0_K4,114.81551162762713,114.81530962761639,0.0002020000107502029
11.0,A32_B6_K10,594.9533844929182,494.16272769197127,A32_B0_K4,100.79065680094692,100.79045480093525,0.00020200001166511378
11.0,A32_B6_K8,582.0504797067913,494.16272769197127,A32_B0_K4,87.88775201482002,87.88755001480767,0.00020200001235129696
11.0,A32_B4_K10,568.188893267371,494.16272769197127,A32_B0_K4,74.02616557539972,74.02596357538782,0.00020200001189384152
11.0,A32_B4_K8,553.4954207873332,494.16272769197127,A32_B0_K4,59.33269309536189,59.33249109534954,0.00020200001235129696
11.25,A32_B6_K14,624.6826152507781,495.0213710054366,A32_B0_K4,129.6612442453415,129.66104224533112,0.00020200001036899004
11.25,A32_B6_K12,609.4717132978744,495.0213710054366,A32_B0_K4,114.45034229243782,114.45014029242708,0.0002020000107502029
11.25,A32_B6_K10,595.4771836522107,495.0213710054366,A32_B0_K4,100.45581264677406,100.4556106467624,0.00020200001166511378
11.25,A32_B6_K8,582.606265089126,495.0213710054366,A32_B0_K4,87.58489408368945,87.5846920836771,0.00020200001235129696
11.25,A32_B4_K10,568.794905974341,495.0213710054366,A32_B0_K4,73.77353496890436,73.77333296889246,0.00020200001189384152
11.25,A32_B4_K8,554.1276613379871,495.0213710054366,A32_B0_K4,59.106290332550486,59.106088332538135,0.00020200001235129696
11.5,A32_B6_K14,625.1566723141752,495.8863609515853,A32_B0_K4,129.27031136258995,129.27010936257957,0.00020200001036899004
11.5,A32_B6_K12,609.9655221130381,495.8863609515853,A32_B0_K4,114.07916116145282,114.07895916144207,0.0002020000107502029
11.5,A32_B6_K10,596.000982811503,495.8863609515853,A32_B0_K4,100.11462185991775,100.11441985990616,0.00020200001158887122
11.5,A32_B6_K8,583.1620504714608,495.8863609515853,A32_B0_K4,87.27568951987553,87.27548751986318,0.00020200001235129696
11.5,A32_B4_K10,569.4046478471265,495.8863609515853,A32_B0_K4,73.51828689554122,73.51808489552933,0.00020200001189384152
11.5,A32_B4_K8,554.7599018886411,495.8863609515853,A32_B0_K4,58.87354093705585,58.8733389370435,0.00020200001235129696
11.75,A32_B6_K14,625.6307293775725,496.75877462678113,A32_B0_K4,128.87195475079136,128.87175275078098,0.00020200001036899004
11.75,A32_B6_K12,610.4593309282017,496.75877462678113,A32_B0_K4,113.70055630142053,113.70035430140963,0.00020200001090268804
11.75,A32_B6_K10,596.5247819707955,496.75877462678113,A32_B0_K4,99.76600734401438,99.7658053440028,0.00020200001158887122
11.75,A32_B6_K8,583.7178358537956,496.75877462678113,A32_B0_K4,86.95906122701444,86.9588592270021,0.00020200001235129696
11.75,A32_B4_K10,570.0156869704551,496.75877462678113,A32_B0_K4,73.256912343674,73.2567103436621,0.00020200001189384152
11.75,A32_B4_K8,555.3933573482716,496.75877462678113,A32_B0_K4,58.63458272149046,58.63438072147811,0.00020200001235129696
12.0,A32_B6_K14,626.1064207680583,497.64634622042956,A32_B0_K4,128.46007454762878,128.4598725476184,0.00020200001036899004
12.0,A32_B6_K12,610.9531397433652,497.64634622042956,A32_B0_K4,113.30679352293566,113.30659152292476,0.00020200001090268804
12.0,A32_B6_K10,597.048581130088,497.64634622042956,A32_B0_K4,99.40223490965843,99.40203290964685,0.00020200001158887122
12.0,A32_B6_K8,584.2736212361303,497.64634622042956,A32_B0_K4,86.62727501570077,86.62707301568842,0.00020200001235129696
12.0,A32_B4_K10,570.6267260937836,497.64634622042956,A32_B0_K4,72.98037987335408,72.98017787334219,0.00020200001189384152
12.0,A32_B4_K8,556.028627959083,497.64634622042956,A32_B0_K4,58.38228173865343,58.38207973864108,0.00020200001235129696
12.25,A32_B6_K14,626.5850092456062,498.55672075564246,A32_B0_K4,128.02828848996376,128.02808648995324,0.0002020000105214752
12.25,A32_B6_K12,611.4469485585289,498.55672075564246,A32_B0_K4,112.89022780288644,112.89002580287554,0.00020200001090268804
12.25,A32_B6_K10,597.5724696626004,498.55672075564246,A32_B0_K4,99.01574890695792,99.01554690694603,0.00020200001189384152
12.25,A32_B6_K8,584.8294066184652,498.55672075564246,A32_B0_K4,86.27268586282275,86.2724838628104,0.00020200001235129696
12.25,A32_B4_K10,571.2377652171123,498.55672075564246,A32_B0_K4,72.68104446146981,72.68084246145776,0.00020200001204632667
12.25,A32_B4_K8,556.6638985698945,498.55672075564246,A32_B0_K4,58.107177814252054,58.1069758142397,0.00020200001235129696
12.5,A32_B6_K14,627.0624652314874,499.4744476647496,A32_B0_K4,127.58801756673779,127.58781556672696,0.00020200001082644548
12.5,A32_B6_K12,611.9407573736925,499.4744476647496,A32_B0_K4,112.46630970894284,112.46610770893163,0.00020200001120765834
12.5,A32_B6_K10,598.0966322186816,499.4744476647496,A32_B0_K4,98.62218455393202,98.62198255391982,0.00020200001219881182
12.5,A32_B6_K8,585.3859810264689,499.4744476647496,A32_B0_K4,85.91153336171931,85.91133136170666,0.00020200001265626726
12.5,A32_B4_K10,571.8482380946075,499.4744476647496,A32_B0_K4,72.37379042985788,72.37358842984553,0.00020200001235129696
12.5,A32_B4_K8,557.299169180706,499.4744476647496,A32_B0_K4,57.82472151595641,57.824519515943756,0.00020200001265626726
12.75,A32_B6_K14,627.5351683796187,500.3921745738568,A32_B0_K4,127.14299380576188,127.14279180575105,0.00020200001082644548
12.75,A32_B6_K12,612.434566188856,500.3921745738568,A32_B0_K4,112.04239161499925,112.04218961498803,0.00020200001120765834
12.75,A32_B6_K10,598.6207947747629,500.3921745738568,A32_B0_K4,98.22862020090611,98.22841820089391,0.00020200001219881182
12.75,A32_B6_K8,585.9442382330744,500.3921745738568,A32_B0_K4,85.55206365921765,85.551861659205,0.00020200001265626726
12.75,A32_B4_K10,572.4563345532277,500.3921745738568,A32_B0_K4,72.06415997937097,72.06395797935862,0.00020200001235129696
12.75,A32_B4_K8,557.9344397915175,500.3921745738568,A32_B0_K4,57.54226521766077,57.54206321764811,0.00020200001265626726
13.0,A32_B6_K14,628.00787152775,501.30990148296394,A32_B0_K4,126.69797004478608,126.69776804477524,0.00020200001082644548
13.0,A32_B6_K12,612.9283750040196,501.30990148296394,A32_B0_K4,111.61847352105565,111.61827152104443,0.00020200001120765834
13.0,A32_B6_K10,599.1449573308441,501.30990148296394,A32_B0_K4,97.8350558478802,97.834853847868,0.00020200001219881182
13.0,A32_B6_K8,586.5050352280919,501.30990148296394,A32_B0_K4,85.19513374512792,85.19493174511511,0.0002020000128087524
13.0,A32_B4_K10,573.064431011848,501.30990148296394,A32_B0_K4,71.75452952888406,71.75432752887171,0.00020200001235129696
13.0,A32_B4_K8,558.5697104023291,501.30990148296394,A32_B0_K4,57.25980891936513,57.25960691935232,0.0002020000128087524
13.25,A32_B6_K14,628.4805746758811,502.23127635566027,A32_B0_K4,126.24929832022087,126.24909632021004,0.00020200001082644548
13.25,A32_B6_K12,613.4221838191831,502.23127635566027,A32_B0_K4,111.19090746352288,111.19070546351166,0.00020200001120765834
13.25,A32_B6_K10,599.6691198869253,502.23127635566027,A32_B0_K4,97.437843531265,97.43764153125281,0.00020200001219881182
13.25,A32_B6_K8,587.0666333568447,502.23127635566027,A32_B0_K4,84.83535700118443,84.83515500117163,0.0002020000128087524
13.25,A32_B4_K10,573.6725274704684,502.23127635566027,A32_B0_K4,71.4412511148081,71.44104911479575,0.00020200001235129696
13.25,A32_B4_K8,559.2058087071889,502.23127635566027,A32_B0_K4,56.97453235152864,56.97433035151583,0.0002020000128087524
13.5,A32_B6_K14,628.9532778240124,503.1600280722941,A32_B0_K4,125.79324975171829,125.79304775170746,0.00020200001082644548
13.5,A32_B6_K12,613.9159926343468,503.1600280722941,A32_B0_K4,110.75596456205272,110.75576256204151,0.00020200001120765834
13.5,A32_B6_K10,600.1932824430066,503.1600280722941,A32_B0_K4,97.03325437071254,97.03305237070035,0.00020200001219881182
13.5,A32_B6_K8,587.6320072462535,503.1600280722941,A32_B0_K4,84.47197917395937,84.47177717394656,0.0002020000128087524
13.5,A32_B4_K10,574.2806239290885,503.1600280722941,A32_B0_K4,71.12059585679441,71.12039385678206,0.00020200001235129696
13.5,A32_B4_K8,559.8450974658954,503.1600280722941,A32_B0_K4,56.68506939360128,56.684867393588476,0.0002020000128087524
13.75,A32_B6_K14,629.4259809721435,504.0887797889278,A32_B0_K4,125.33720118321571,125.33699918320488,0.00020200001082644548
13.75,A32_B6_K12,614.4098014495104,504.0887797889278,A32_B0_K4,110.32102166058257,110.32081966057122,0.0002020000113601435
13.75,A32_B6_K10,600.7174449990878,504.0887797889278,A32_B0_K4,96.62866521015997,96.62846321014777,0.00020200001219881182
13.75,A32_B6_K8,588.1977808359823,504.0887797889278,A32_B0_K4,84.10900104705445,84.10879904704164,0.0002020000128087524
13.75,A32_B4_K10,574.8887203877089,504.0887797889278,A32_B0_K4,70.79994059878106,70.79973859876871,0.00020200001235129696
13.75,A32_B4_K8,560.4848071218743,504.0887797889278,A32_B0_K4,56.39602733294646,56.395825332933654,0.0002020000128087524
14.0,A32_B6_K14,629.8986841202748,505.03960674198413,A32_B0_K4,124.85907737829064,124.8588753782798,0.00020200001082644548
14.0,A32_B6_K12,614.903610264674,505.03960674198413,A32_B0_K4,109.86400352268981,109.86380152267846,0.0002020000113601435
14.0,A32_B6_K10,601.241607555169,505.03960674198413,A32_B0_K4,96.2020008131849,96.2017988131727,0.00020200001219881182
14.0,A32_B6_K8,588.7660977709477,505.03960674198413,A32_B0_K4,83.72649102896355,83.72628902895075,0.0002020000128087524
14.0,A32_B4_K10,575.496816846329,505.03960674198413,A32_B0_K4,70.45721010434488,70.45700810433253,0.00020200001235129696
14.0,A32_B4_K8,561.124516777853,505.03960674198413,A32_B0_K4,56.084910035868916,56.08470803585611,0.0002020000128087524
14.25,A32_B6_K14,630.371387268406,505.99239079241215,A32_B0_K4,124.37899647599386,124.37879447598273,0.00020200001113141578
14.25,A32_B6_K12,615.3974190798376,505.99239079241215,A32_B0_K4,109.40502828742547,109.40482628741388,0.00020200001158887122
14.25,A32_B6_K10,601.7657701112503,505.99239079241215,A32_B0_K4,95.77337931883812,95.77317731882562,0.0002020000125037821
14.25,A32_B6_K8,589.334414705913,505.99239079241215,A32_B0_K4,83.34202391350084,83.34182191348788,0.00020200001296123756
14.25,A32_B4_K10,576.1049133049494,505.99239079241215,A32_B0_K4,70.11252251253723,70.11232051252472,0.0002020000125037821
14.25,A32_B4_K8,561.7642264338319,505.99239079241215,A32_B0_K4,55.771835641419784,55.77163364140682,0.00020200001296123756
14.5,A32_B6_K14,630.8440904165373,506.9462288467248,A32_B0_K4,123.89786156981245,123.89765956980132,0.00020200001113141578
14.5,A32_B6_K12,615.8912278950012,506.9462288467248,A32_B0_K4,108.94499904827637,108.94479704826479,0.00020200001158887122
14.5,A32_B6_K10,602.2899326673315,506.9462288467248,A32_B0_K4,95.34370382060672,95.34350182059421,0.0002020000125037821
14.5,A32_B6_K8,589.9027316408783,506.9462288467248,A32_B0_K4,82.9565027941535,82.95630079414053,0.00020200001296123756
14.5,A32_B4_K10,576.7130097635695,506.9462288467248,A32_B0_K4,69.76678091684471,69.7665789168319,0.0002020000128087524
14.5,A32_B4_K8,562.4039360898107,506.9462288467248,A32_B0_K4,55.457707243085906,55.457505243072944,0.00020200001296123756
14.75,A32_B6_K14,631.3167935646685,507.900554212756,A32_B0_K4,123.41623935191251,123.41603735190138,0.00020200001113141578
14.75,A32_B6_K12,616.3850367101647,507.900554212756,A32_B0_K4,108.48448249740875,108.48428049739717,0.00020200001158887122
14.75,A32_B6_K10,602.8151860639508,507.900554212756,A32_B0_K4,94.91463185119483,94.91442985118232,0.0002020000125037821
14.75,A32_B6_K8,590.4710485758437,507.900554212756,A32_B0_K4,82.57049436308773,82.57029236307447,0.00020200001326620785
14.75,A32_B4_K10,577.3211062221899,507.900554212756,A32_B0_K4,69.42055200943389,69.42035000942109,0.0002020000128087524
14.75,A32_B4_K8,563.0436457457895,507.900554212756,A32_B0_K4,55.1430915330335,55.14288953302023,0.00020200001326620785
15.0,A32_B6_K14,631.7894967127997,508.85487957878695,A32_B0_K4,122.9346171340128,122.93441513400167,0.00020200001113141578
15.0,A32_B6_K12,616.8788455253283,508.85487957878695,A32_B0_K4,108.02396594654135,108.02376394652977,0.00020200001158887122
15.0,A32_B6_K10,603.3417924581436,508.85487957878695,A32_B0_K4,94.48691287935662,94.48671087934412,0.0002020000125037821
15.0,A32_B6_K8,591.0393655108089,508.85487957878695,A32_B0_K4,82.18448593202197,82.18428393200871,0.00020200001326620785
15.0,A32_B4_K10,577.92920268081,508.85487957878695,A32_B0_K4,69.07432310202307,69.07412110201027,0.0002020000128087524
15.0,A32_B4_K8,563.6833554017683,508.85487957878695,A32_B0_K4,54.82847582298132,54.82827382296805,0.00020200001326620785
15.25,A32_B6_K14,632.2621998609309,509.809204944818,A32_B0_K4,122.45299491611286,122.45279291610173,0.00020200001113141578
15.25,A32_B6_K12,617.3738345146445,509.809204944818,A32_B0_K4,107.56462956982648,107.5644275698149,0.00020200001158887122
15.25,A32_B6_K10,603.8688720778608,509.809204944818,A32_B0_K4,94.05966713304281,94.0594651330303,0.0002020000125037821
15.25,A32_B6_K8,591.6076824457743,509.809204944818,A32_B0_K4,81.79847750095632,81.79827550094306,0.00020200001326620785
15.25,A32_B4_K10,578.5372991394304,509.809204944818,A32_B0_K4,68.72809419461237,68.72789219459956,0.0002020000128087524
15.25,A32_B4_K8,564.324232789256,509.809204944818,A32_B0_K4,54.51502784443801,54.51482584442474,0.00020200001326620785
15.5,A32_B6_K14,632.7349030090622,510.7635303108491,A32_B0_K4,121.97137269821314,121.9711706982017,0.00020200001143638608
15.5,A32_B6_K12,617.8721909629688,510.7635303108491,A32_B0_K4,107.10866065211974,107.10845865210784,0.00020200001189384152
15.5,A32_B6_K10,604.3988010480563,510.7635303108491,A32_B0_K4,93.63527073720718,93.63506873719437,0.0002020000128087524
15.5,A32_B6_K8,592.1759993807397,510.7635303108491,A32_B0_K4,81.41246906989056,81.41226706987699,0.00020200001357117812
15.5,A32_B4_K10,579.1453955980505,510.7635303108491,A32_B0_K4,68.38186528720144,68.38166328718832,0.0002020000131137227
15.5,A32_B4_K8,564.9659513837772,510.7635303108491,A32_B0_K4,54.20242107292813,54.20221907291456,0.00020200001357117812
15.75,A32_B6_K14,633.2076061571934,511.71785567688016,A32_B0_K4,121.4897504803132,121.48954848030176,0.00020200001143638608
15.75,A32_B6_K12,618.3705474112932,511.71785567688016,A32_B0_K4,106.652691734413,106.6524897344011,0.00020200001189384152
15.75,A32_B6_K10,604.9287300182516,511.71785567688016,A32_B0_K4,93.21087434137144,93.21067234135863,0.0002020000128087524
15.75,A32_B6_K8,592.744316315705,511.71785567688016,A32_B0_K4,81.0264606388248,81.02625863881123,0.00020200001357117812
15.75,A32_B4_K10,579.7534920566709,511.71785567688016,A32_B0_K4,68.03563637979073,68.03543437977761,0.0002020000131137227
15.75,A32_B4_K8,565.6076699782984,511.71785567688016,A32_B0_K4,53.889814301418255,53.88961230140468,0.00020200001357117812
16.0,A32_B6_K14,633.6803093053246,512.6721810429112,A32_B0_K4,121.00812826241338,121.00792626240194,0.00020200001143638608
16.0,A32_B6_K12,618.8689038596174,512.6721810429112,A32_B0_K4,106.19672281670614,106.19652081669425,0.00020200001189384152
16.0,A32_B6_K10,605.458658988447,512.6721810429112,A32_B0_K4,92.78647794553581,92.786275945523,0.0002020000128087524
16.0,A32_B6_K8,593.3126332506703,512.6721810429112,A32_B0_K4,80.64045220775904,80.64025020774547,0.00020200001357117812
16.0,A32_B4_K10,580.361588515291,512.6721810429112,A32_B0_K4,67.6894074723798,67.68920547236668,0.0002020000131137227
16.0,A32_B4_K8,566.2493885728197,512.6721810429112,A32_B0_K4,53.57720752990849,53.57700552989492,0.00020200001357117812
16.25,A32_B6_K14,634.1530124534559,513.6265064089423,A32_B0_K4,120.52650604451355,120.52630404450204,0.00020200001151262864
16.25,A32_B6_K12,619.3672603079417,513.6265064089423,A32_B0_K4,105.7407538989994,105.7405518989875,0.00020200001189384152
16.25,A32_B6_K10,605.9885879586424,513.6265064089423,A32_B0_K4,92.36208154970006,92.36187954968726,0.0002020000128087524
16.25,A32_B6_K8,593.8809501856356,513.6265064089423,A32_B0_K4,80.25444377669328,80.2542417766797,0.00020200001357117812
16.25,A32_B4_K10,580.9696849739113,513.6265064089423,A32_B0_K4,67.34317856496898,67.34297656495586,0.0002020000131137227
16.25,A32_B4_K8,566.8911071673409,513.6265064089423,A32_B0_K4,53.264600758398615,53.26439875838504,0.00020200001357117812
16.5,A32_B6_K14,634.625715601587,514.5808317749734,A32_B0_K4,120.04488382661361,120.0446818266021,0.00020200001151262864
16.5,A32_B6_K12,619.8678498130594,514.5808317749734,A32_B0_K4,105.28701803808599,105.2868160380741,0.00020200001189384152
16.5,A32_B6_K10,606.5213446128859,514.5808317749734,A32_B0_K4,91.94051283791248,91.94031083789967,0.0002020000128087524
16.5,A32_B6_K8,594.449267120601,514.5808317749734,A32_B0_K4,79.86843534562763,79.86823334561406,0.00020200001357117812
16.5,A32_B4_K10,581.5777814325315,514.5808317749734,A32_B0_K4,66.99694965755816,66.99674765754504,0.0002020000131137227
16.5,A32_B4_K8,567.5328257618621,514.5808317749734,A32_B0_K4,52.95199398688874,52.951791986875165,0.00020200001357117812
16.75,A32_B6_K14,635.0984187497183,515.5343800199107,A32_B0_K4,119.56403872980763,119.56383672979612,0.00020200001151262864
16.75,A32_B6_K12,620.3710859108099,515.5343800199107,A32_B0_K4,104.83670589089922,104.83650389088733,0.00020200001189384152
16.75,A32_B6_K10,607.0554700801904,515.5343800199107,A32_B0_K4,91.52109006027968,91.52088806026687,0.0002020000128087524
16.75,A32_B6_K8,595.0175840555663,515.5343800199107,A32_B0_K4,79.4832040356556,79.48300203564203,0.00020200001357117812
16.75,A32_B4_K10,582.1858778911518,515.5343800199107,A32_B0_K4,66.65149787124108,66.65129587122796,0.0002020000131137227
16.75,A32_B4_K8,568.1745443563834,515.5343800199107,A32_B0_K4,52.64016433647271,52.639962336459135,0.00020200001357117812
17.0,A32_B6_K14,635.5711218978495,516.4978181473965,A32_B0_K4,119.07330375045296,119.07310175044145,0.00020200001151262864
17.0,A32_B6_K12,620.8743220085604,516.4978181473965,A32_B0_K4,104.37650386116388,104.37630186115199,0.00020200001189384152
17.0,A32_B6_K10,607.5895955474948,516.4978181473965,A32_B0_K4,91.0917774000983,91.09157540008549,0.0002020000128087524
17.0,A32_B6_K8,595.5859009905316,516.4978181473965,A32_B0_K4,79.08808284313511,79.08788084312154,0.00020200001357117812
17.0,A32_B4_K10,582.793974349772,516.4978181473965,A32_B0_K4,66.29615620237553,66.29595420236241,0.0002020000131137227
17.0,A32_B4_K8,568.8162629509045,516.4978181473965,A32_B0_K4,52.31844480350799,52.318242803494414,0.00020200001357117812
17.25,A32_B6_K14,636.0438250459807,517.4670135499697,A32_B0_K4,118.57681149601103,118.57660949599922,0.00020200001181759893
17.25,A32_B6_K12,621.377558106311,517.4670135499697,A32_B0_K4,103.91054455634128,103.91034255632908,0.00020200001219881182
17.25,A32_B6_K10,608.1237210147991,517.4670135499697,A32_B0_K4,90.65670746482942,90.65650546481601,0.000202000013418693
17.25,A32_B6_K8,596.154217925497,517.4670135499697,A32_B0_K4,78.68720437552736,78.68700237551317,0.0002020000141811187
17.25,A32_B4_K10,583.4020708083924,517.4670135499697,A32_B0_K4,65.93505725842272,65.9348552584093,0.000202000013418693
17.25,A32_B4_K8,569.4579815454258,517.4670135499697,A32_B0_K4,51.99096799545612,51.99076599544193,0.0002020000141811187
17.5,A32_B6_K14,636.516528194112,518.4371409247713,A32_B0_K4,118.07938726934071,118.07918526932875,0.00020200001197008408
17.5,A32_B6_K12,621.8807942040614,518.4371409247713,A32_B0_K4,103.44365327929017,103.44345127927782,0.00020200001235129696
17.5,A32_B6_K10,608.6578464821034,518.4371409247713,A32_B0_K4,90.22070555733217,90.22050355731875,0.000202000013418693
17.5,A32_B6_K8,596.7225348604622,518.4371409247713,A32_B0_K4,78.28539393569099,78.2851919356768,0.0002020000141811187
17.5,A32_B4_K10,584.0103572012433,518.4371409247713,A32_B0_K4,65.57321627647207,65.5730142764585,0.00020200001357117812
17.5,A32_B4_K8,570.099700139947,518.4371409247713,A32_B0_K4,51.66255921517575,51.66235721516156,0.0002020000141811187
17.75,A32_B6_K14,636.9892313422432,519.4072682995728,A32_B0_K4,117.5819630426704,117.58176104265843,0.00020200001197008408
17.75,A32_B6_K12,622.3840303018119,519.4072682995728,A32_B0_K4,102.97676200223907,102.97656000222672,0.00020200001235129696
17.75,A32_B6_K10,609.1919719494078,519.4072682995728,A32_B0_K4,89.78470364983502,89.7845016498216,0.000202000013418693
17.75,A32_B6_K8,597.2908517954276,519.4072682995728,A32_B0_K4,77.88358349585474,77.88338149584055,0.0002020000141811187
17.75,A32_B4_K10,584.6205222994587,519.4072682995728,A32_B0_K4,65.21325399988586,65.21305199987229,0.00020200001357117812
17.75,A32_B4_K8,570.7414187344682,519.4072682995728,A32_B0_K4,51.33415043489538,51.333948434881194,0.0002020000141811187
18.0,A32_B6_K14,637.4619344903745,520.3826904669452,A32_B0_K4,117.07924402342928,117.07904202341732,0.00020200001197008408
18.0,A32_B6_K12,622.8872663995625,520.3826904669452,A32_B0_K4,102.50457593261729,102.50437393260493,0.00020200001235129696
18.0,A32_B6_K10,609.7260974167123,520.3826904669452,A32_B0_K4,89.34340694976709,89.34320494975367,0.000202000013418693
18.0,A32_B6_K8,597.8591687303929,520.3826904669452,A32_B0_K4,77.47647826344769,77.4762762634335,0.0002020000141811187
18.0,A32_B4_K10,585.2322702178022,520.3826904669452,A32_B0_K4,64.84957975085706,64.84937775084349,0.00020200001357117812
18.0,A32_B4_K8,571.3831373289894,520.3826904669452,A32_B0_K4,51.000446862044214,51.00024486203003,0.0002020000141811187
18.25,A32_B6_K14,637.9350705282629,521.3590547010226,A32_B0_K4,116.57601582724033,116.57581382722836,0.00020200001197008408
18.25,A32_B6_K12,623.3912156666613,521.3590547010226,A32_B0_K4,102.0321609656387,102.03195896562634,0.00020200001235129696
18.25,A32_B6_K10,610.2602228840167,521.3590547010226,A32_B0_K4,88.90116818299407,88.90096618298065,0.000202000013418693
18.25,A32_B6_K8,598.4274856653583,521.3590547010226,A32_B0_K4,77.06843096433568,77.06822896432149,0.0002020000141811187
18.25,A32_B4_K10,585.8456114347465,521.3590547010226,A32_B0_K4,64.48655673372389,64.48635473371031,0.00020200001357117812
18.25,A32_B4_K8,572.0248559235106,521.3590547010226,A32_B0_K4,50.66580122248797,50.66559922247379,0.0002020000141811187
18.5,A32_B6_K14,638.4093216441292,522.3354189351,A32_B0_K4,116.0739027090292,116.07370070901707,0.00020200001212256923
18.5,A32_B6_K12,623.8971572536852,522.3354189351,A32_B0_K4,101.56173831858518,101.56153631857268,0.0002020000125037821
18.5,A32_B6_K10,610.7943483513211,522.3354189351,A32_B0_K4,88.45892941622105,88.45872741620748,0.00020200001357117812
18.5,A32_B6_K8,598.9958026003236,522.3354189351,A32_B0_K4,76.66038366522355,76.66018166520921,0.00020200001433360386
18.5,A32_B4_K10,586.4589526516908,522.3354189351,A32_B0_K4,64.12353371659071,64.12333171657698,0.00020200001372366327
18.5,A32_B4_K8,572.6665745180319,522.3354189351,A32_B0_K4,50.33115558293184,50.33095358291751,0.00020200001433360386
18.75,A32_B6_K14,638.8835727599956,523.3117831691775,A32_B0_K4,115.57178959081807,115.57158759080602,0.00020200001204632667
18.75,A32_B6_K12,624.4066225925271,523.3117831691775,A32_B0_K4,101.09483942334964,101.09463742333713,0.0002020000125037821
18.75,A32_B6_K10,611.3284738186255,523.3117831691775,A32_B0_K4,88.01669064944804,88.01648864943446,0.00020200001357117812
18.75,A32_B6_K8,599.5641195352889,523.3117831691775,A32_B0_K4,76.25233636611142,76.25213436609708,0.00020200001433360386
18.75,A32_B4_K10,587.072293868635,523.3117831691775,A32_B0_K4,63.76051069945754,63.76030869944382,0.00020200001372366327
18.75,A32_B4_K8,573.308293112553,523.3117831691775,A32_B0_K4,49.996509943375486,49.99630794336115,0.00020200001433360386
19.0,A32_B6_K14,639.3578238758619,524.2881474032549,A32_B0_K4,115.06967647260694,115.06947447259489,0.00020200001204632667
19.0,A32_B6_K12,624.915637762494,524.2881474032549,A32_B0_K4,100.62749035923912,100.62728835922661,0.0002020000125037821
19.0,A32_B6_K10,611.862149117055,524.2881474032549,A32_B0_K4,87.57400171380004,87.57379971378647,0.00020200001357117812
19.0,A32_B6_K8,600.1324364702542,524.2881474032549,A32_B0_K4,75.8442890669993,75.84408706698481,0.000202000014486089
19.0,A32_B4_K10,587.685410000746,524.2881474032549,A32_B0_K4,63.39726259749102,63.3970605974773,0.00020200001372366327
19.0,A32_B4_K8,573.9500117070743,524.2881474032549,A32_B0_K4,49.66186430381936,49.66166230380487,0.000202000014486089
19.25,A32_B6_K14,639.8340694069025,525.2681816784129,A32_B0_K4,114.56588772848954,114.56568572847749,0.00020200001204632667
19.25,A32_B6_K12,625.4243724014714,525.2681816784129,A32_B0_K4,100.15619072305844,100.15598872304594,0.0002020000125037821
19.25,A32_B6_K10,612.3955438844948,525.2681816784129,A32_B0_K4,87.1273622060819,87.12716020606833,0.00020200001357117812
19.25,A32_B6_K8,600.7007534052195,525.2681816784129,A32_B0_K4,75.4325717268066,75.43236972679212,0.000202000014486089
19.25,A32_B4_K10,588.2983858677527,525.2681816784129,A32_B0_K4,63.03020418933977,63.03000218932574,0.00020200001402863356
19.25,A32_B4_K8,574.5917303015955,525.2681816784129,A32_B0_K4,49.323548623182546,49.32334662316806,0.000202000014486089
19.5,A32_B6_K14,640.3111884505973,526.2510903433201,A32_B0_K4,114.06009810727721,114.05989610726486,0.00020200001235129696
19.5,A32_B6_K12,625.9331070404487,526.2510903433201,A32_B0_K4,99.68201669712857,99.68181469711607,0.0002020000125037821
19.5,A32_B6_K10,612.9289386519346,526.2510903433201,A32_B0_K4,86.67784830861444,86.67764630860087,0.00020200001357117812
19.5,A32_B6_K8,601.269070340185,526.2510903433201,A32_B0_K4,75.01797999686482,75.01777799685034,0.000202000014486089
19.5,A32_B4_K10,588.9113617347595,526.2510903433201,A32_B0_K4,62.66027139143932,62.660069391425296,0.00020200001402863356
19.5,A32_B4_K8,575.2334488961167,526.2510903433201,A32_B0_K4,48.98235855279654,48.98215655278205,0.000202000014486089
19.75,A32_B6_K14,640.7883074942923,527.2339990082273,A32_B0_K4,113.554308486065,113.55410648605265,0.00020200001235129696
19.75,A32_B6_K12,626.4418416794261,527.2339990082273,A32_B0_K4,99.20784267119882,99.20764067118601,0.0002020000128087524
19.75,A32_B6_K10,613.4623334193744,527.2339990082273,A32_B0_K4,86.2283344111471,86.22813241113353,0.00020200001357117812
19.75,A32_B6_K8,601.8373872751501,527.2339990082273,A32_B0_K4,74.60338826692282,74.60318626690834,0.000202000014486089
19.75,A32_B4_K10,589.5243376017663,527.2339990082273,A32_B0_K4,62.29033859353899,62.29013659352496,0.00020200001402863356
19.75,A32_B4_K8,575.875167490638,527.2339990082273,A32_B0_K4,48.64116848241065,48.64096648239616,0.000202000014486089
20.0,A32_B6_K14,641.2654265379873,528.2208380472031,A32_B0_K4,113.04458849078424,113.04438649077188,0.00020200001235129696
20.0,A32_B6_K12,626.9505763184034,528.2208380472031,A32_B0_K4,98.72973827120029,98.72953627118748,0.0002020000128087524
20.0,A32_B6_K10,613.9957281868142,528.2208380472031,A32_B0_K4,85.7748901396111,85.77468813959753,0.00020200001357117812
20.0,A32_B6_K8,602.4057042101156,528.2208380472031,A32_B0_K4,74.1848661629125,74.18466416289802,0.000202000014486089
20.0,A32_B4_K10,590.1373702783156,528.2208380472031,A32_B0_K4,61.91653223111257,61.91633023109854,0.00020200001402863356
20.0,A32_B4_K8,576.5168860851592,528.2208380472031,A32_B0_K4,48.2960480379561,48.29584603794161,0.000202000014486089
20.25,A32_B6_K14,641.7425455816823,529.2085919177009,A32_B0_K4,112.53395366398138,112.53375166396873,0.00020200001265626726
20.25,A32_B6_K12,627.4593109573808,529.2085919177009,A32_B0_K4,98.2507190396799,98.25051703966678,0.0002020000131137227
20.25,A32_B6_K10,614.529122954254,529.2085919177009,A32_B0_K4,85.32053103655312,85.32032903653909,0.00020200001402863356
20.25,A32_B6_K8,602.9750921410259,529.2085919177009,A32_B0_K4,73.76650022332501,73.76629822331022,0.0002020000147910593
20.25,A32_B4_K10,590.7505381081094,529.2085919177009,A32_B0_K4,61.54194619040845,61.54174419039412,0.00020200001433360386
20.25,A32_B4_K8,577.1586046796804,529.2085919177009,A32_B0_K4,47.95001276197945,47.94981076196466,0.0002020000147910593
20.5,A32_B6_K14,642.2196646253772,530.1965664273243,A32_B0_K4,112.02309819805282,112.02289619804017,0.00020200001265626726
20.5,A32_B6_K12,627.969740712879,530.1965664273243,A32_B0_K4,97.77317428555466,97.77297228554154,0.0002020000131137227
20.5,A32_B6_K10,615.0625177216939,530.1965664273243,A32_B0_K4,84.86595129436955,84.86574929435552,0.00020200001402863356
20.5,A32_B6_K8,603.5454895659404,530.1965664273243,A32_B0_K4,73.3489231386161,73.3487211386013,0.0002020000147910593
20.5,A32_B4_K10,591.363705937903,530.1965664273243,A32_B0_K4,61.167139510578636,61.1669375105643,0.00020200001433360386
20.5,A32_B4_K8,577.8003232742017,530.1965664273243,A32_B0_K4,47.60375684687733,47.603554846862544,0.0002020000147910593
20.75,A32_B6_K14,642.6967836690721,531.1846528936776,A32_B0_K4,111.51213077539455,111.5119287753819,0.00020200001265626726
20.75,A32_B6_K12,628.480206879722,531.1846528936776,A32_B0_K4,97.29555398604441,97.29535198603129,0.0002020000131137227
20.75,A32_B6_K10,615.5959124891336,531.1846528936776,A32_B0_K4,84.41125959545604,84.41105759544202,0.00020200001402863356
20.75,A32_B6_K8,604.1158869908552,531.1846528936776,A32_B0_K4,72.9312340971776,72.9310320971628,0.0002020000147910593
20.75,A32_B4_K10,591.9770804550244,531.1846528936776,A32_B0_K4,60.79242756134681,60.79222556133248,0.00020200001433360386
20.75,A32_B4_K8,578.4420418687228,531.1846528936776,A32_B0_K4,47.25738897504516,47.25718697503037,0.0002020000147910593
21.0,A32_B6_K14,643.1739027127671,532.1727393600311,A32_B0_K4,111.00116335273606,111.00096135272341,0.00020200001265626726
21.0,A32_B6_K12,628.9906730465651,532.1727393600311,A32_B0_K4,96.81793368653405,96.81773168652093,0.0002020000131137227
21.0,A32_B6_K10,616.1298483109371,532.1727393600311,A32_B0_K4,83.95710895090599,83.95690695089196,0.00020200001402863356
21.0,A32_B6_K8,604.6862844157697,532.1727393600311,A32_B0_K4,72.51354505573863,72.51334305572384,0.0002020000147910593
21.0,A32_B4_K10,592.5920536595354,532.1727393600311,A32_B0_K4,60.41931429950432,60.41911229948999,0.00020200001433360386
21.0,A32_B4_K8,579.0837604632441,532.1727393600311,A32_B0_K4,46.91102110321299,46.9108191031982,0.0002020000147910593
21.25,A32_B6_K14,643.6510217564621,533.1608258263846,A32_B0_K4,110.49019593007756,110.48999393006491,0.00020200001265626726
21.25,A32_B6_K12,629.5011392134081,533.1608258263846,A32_B0_K4,96.34031338702357,96.34011138701045,0.0002020000131137227
21.25,A32_B6_K10,616.6682614430397,533.1608258263846,A32_B0_K4,83.50743561665513,83.5072336166411,0.00020200001402863356
21.25,A32_B6_K8,605.2566818406842,533.1608258263846,A32_B0_K4,72.09585601429967,72.09565401428488,0.0002020000147910593
21.25,A32_B4_K10,593.2070268640464,533.1608258263846,A32_B0_K4,60.04620103766183,60.0459990376475,0.00020200001433360386
21.25,A32_B4_K8,579.7254790577653,533.1608258263846,A32_B0_K4,46.5646532313807,46.564451231365915,0.0002020000147910593
21.5,A32_B6_K14,644.1281408001571,534.148912292738,A32_B0_K4,109.97922850741907,109.97902650740642,0.00020200001265626726
21.5,A32_B6_K12,630.0116053802512,534.148912292738,A32_B0_K4,95.86269308751321,95.86249108750009,0.0002020000131137227
21.5,A32_B6_K10,617.2087803122722,534.148912292738,A32_B0_K4,83.05986801953418,83.05966601952015,0.00020200001402863356
21.5,A32_B6_K8,605.8270792655989,534.148912292738,A32_B0_K4,71.67816697286082,71.67796497284603,0.0002020000147910593
21.5,A32_B4_K10,593.8220000685573,534.148912292738,A32_B0_K4,59.673087775819226,59.67288577580489,0.00020200001433360386
21.5,A32_B4_K8,580.3671976522864,534.148912292738,A32_B0_K4,46.21828535954842,46.21808335953363,0.0002020000147910593
21.75,A32_B6_K14,644.6052598438521,535.1374846927844,A32_B0_K4,109.46777515106771,109.46757315105506,0.00020200001265626726
21.75,A32_B6_K12,630.5220715470944,535.1374846927844,A32_B0_K4,95.38458685430999,95.38438485429687,0.0002020000131137227
21.75,A32_B6_K10,617.7524213290766,535.1374846927844,A32_B0_K4,82.61493663629221,82.61473463627819,0.00020200001402863356
21.75,A32_B6_K8,606.3974904435878,535.1374846927844,A32_B0_K4,71.26000575080343,71.25980375078863,0.0002020000147910593
21.75,A32_B4_K10,594.4369732730681,535.1374846927844,A32_B0_K4,59.299488580283764,59.29928658026943,0.00020200001433360386
21.75,A32_B4_K8,581.0089162468076,535.1374846927844,A32_B0_K4,45.871431554023275,45.87122955400849,0.0002020000147910593
22.0,A32_B6_K14,645.082378887547,536.1284213031529,A32_B0_K4,108.95395758439406,108.95375558438141,0.00020200001265626726
22.0,A32_B6_K12,631.0325377139375,536.1284213031529,A32_B0_K4,94.90411641078458,94.90391441077146,0.0002020000131137227
22.0,A32_B6_K10,618.2960623458808,536.1284213031529,A32_B0_K4,82.16764104272795,82.16743904271392,0.00020200001402863356
22.0,A32_B6_K8,606.9730845836557,536.1284213031529,A32_B0_K4,70.8446632805028,70.8444612804877,0.0002020000150960296
22.0,A32_B4_K10,595.0519464775791,536.1284213031529,A32_B0_K4,58.92352517442623,58.9233231744119,0.00020200001433360386
22.0,A32_B4_K8,581.6506348413288,536.1284213031529,A32_B0_K4,45.52221353817595,45.522011538160854,0.0002020000150960296
22.25,A32_B6_K14,645.5594979312419,537.1233531963715,A32_B0_K4,108.43614473487048,108.43594273485783,0.00020200001265626726
22.25,A32_B6_K12,631.5430038807805,537.1233531963715,A32_B0_K4,94.41965068440902,94.4194486843959,0.0002020000131137227
22.25,A32_B6_K10,618.8397033626852,537.1233531963715,A32_B0_K4,81.71635016631376,81.71614816629942,0.00020200001433360386
22.25,A32_B6_K8,607.5486787237238,537.1233531963715,A32_B0_K4,70.42532552735236,70.42512352733726,0.0002020000150960296
22.25,A32_B4_K10,595.6669196820901,537.1233531963715,A32_B0_K4,58.54356648571866,58.54336448570432,0.00020200001433360386
22.25,A32_B4_K8,582.2923534358501,537.1233531963715,A32_B0_K4,45.16900023947869,45.1687982394636,0.0002020000150960296
22.5,A32_B6_K14,646.0366169749369,538.0629477813525,A32_B0_K0,107.97366919358444,107.97346719357026,0.0002020000141811187
22.5,A32_B6_K12,632.0543534644119,538.0629477813525,A32_B0_K0,93.99140568305938,93.99120368304474,0.00020200001463857416
22.5,A32_B6_K10,619.3833443794896,538.0629477813525,A32_B0_K0,81.32039659813711,81.32019459812125,0.00020200001585845534
22.5,A32_B6_K8,608.1242728637918,538.0629477813525,A32_B0_K0,70.06132508243934,70.06112308242272,0.00020200001662088108
22.5,A32_B4_K10,596.281892886601,538.0629477813525,A32_B0_K0,58.21894510524851,58.21874310523234,0.00020200001616342564
22.5,A32_B4_K8,582.9340720303713,538.0629477813525,A32_B0_K0,44.87112424901886,44.87092224900224,0.00020200001662088108
22.75,A32_B6_K14,646.5137360186318,538.8633334990168,A32_B0_K0,107.650402519615,107.65020051960082,0.0002020000141811187
22.75,A32_B6_K12,632.5675145716399,538.8633334990168,A32_B0_K0,93.7041810726231,93.70397907260846,0.00020200001463857416
22.75,A32_B6_K10,619.926985396294,538.8633334990168,A32_B0_K0,81.06365189727717,81.06344989726131,0.00020200001585845534
22.75,A32_B6_K8,608.6998670038598,538.8633334990168,A32_B0_K0,69.83653350484303,69.83633150482642,0.00020200001662088108
22.75,A32_B4_K10,596.8968660911119,538.8633334990168,A32_B0_K0,58.03353259209507,58.033330592078904,0.00020200001616342564
22.75,A32_B4_K8,583.5757906248925,538.8633334990168,A32_B0_K0,44.712457125875744,44.71225512585912,0.00020200001662088108
23.0,A32_B6_K14,646.9908550623268,539.6637192166811,A32_B0_K0,107.32713584564567,107.32693384563149,0.0002020000141811187
23.0,A32_B6_K12,633.0806756788678,539.6637192166811,A32_B0_K0,93.4169564621867,93.41675446217207,0.00020200001463857416
23.0,A32_B6_K10,620.4706264130982,539.6637192166811,A32_B0_K0,80.80690719641711,80.80670519640125,0.00020200001585845534
23.0,A32_B6_K8,609.2754611439278,539.6637192166811,A32_B0_K0,69.61174192724673,69.61153992723011,0.00020200001662088108
23.0,A32_B4_K10,597.5118392956228,539.6637192166811,A32_B0_K0,57.84812007894175,57.84791807892558,0.00020200001616342564
23.0,A32_B4_K8,584.2175092194138,539.6637192166811,A32_B0_K0,44.55379000273274,44.55358800271612,0.00020200001662088108
23.25,A32_B6_K14,647.4679741060218,540.4641049343454,A32_B0_K0,107.00386917167634,107.00366717166216,0.0002020000141811187
23.25,A32_B6_K12,633.5938367860958,540.4641049343454,A32_B0_K0,93.12973185175042,93.12952985173578,0.00020200001463857416
23.25,A32_B6_K10,621.0165910565285,540.4641049343454,A32_B0_K0,80.55248612218304,80.55228412216718,0.00020200001585845534
23.25,A32_B6_K8,609.8510552839958,540.4641049343454,A32_B0_K0,69.38695034965042,69.3867483496338,0.00020200001662088108
23.25,A32_B4_K10,598.1268125001338,540.4641049343454,A32_B0_K0,57.66270756578842,57.66250556577226,0.00020200001616342564
23.25,A32_B4_K8,584.8593779607677,540.4641049343454,A32_B0_K0,44.395273026422274,44.39507102640565,0.00020200001662088108
23.5,A32_B6_K14,647.9450931497167,541.2644906520097,A32_B0_K0,106.68060249770701,106.68040049769267,0.00020200001433360386
23.5,A32_B6_K12,634.1069978933238,541.2644906520097,A32_B0_K0,92.84250724131402,92.84230524129939,0.00020200001463857416
23.5,A32_B6_K10,621.5639194654632,541.2644906520097,A32_B0_K0,80.29942881345346,80.2992268134376,0.00020200001585845534
23.5,A32_B6_K8,610.426649424064,541.2644906520097,A32_B0_K0,69.16215877205423,69.16195677203761,0.00020200001662088108
23.5,A32_B4_K10,598.7417857046447,541.2644906520097,A32_B0_K0,57.477295052634986,57.47709305261882,0.00020200001616342564
23.5,A32_B4_K8,585.5018784238848,541.2644906520097,A32_B0_K0,44.23738777187509,44.23718577185847,0.00020200001662088108
23.75,A32_B6_K14,648.4222121934117,542.064876369674,A32_B0_K0,106.35733582373769,106.35713382372334,0.00020200001433360386
23.75,A32_B6_K12,634.6201590005517,542.064876369674,A32_B0_K0,92.55528263087763,92.55508063086269,0.00020200001494354445
23.75,A32_B6_K10,622.1112478743978,542.064876369674,A32_B0_K0,80.04637150472377,80.0461695047079,0.00020200001585845534
23.75,A32_B6_K8,611.002243564132,542.064876369674,A32_B0_K0,68.93736719445792,68.9371651944413,0.00020200001662088108
23.75,A32_B4_K10,599.3567589091557,542.064876369674,A32_B0_K0,57.29188253948166,57.291680539465496,0.00020200001616342564
23.75,A32_B4_K8,586.1477591789032,542.064876369674,A32_B0_K0,44.082882809229204,44.08268080921258,0.00020200001662088108
24.0,A32_B6_K14,648.8993312371067,542.8652620873384,A32_B0_K0,106.03406914976836,106.03386714975402,0.00020200001433360386
24.0,A32_B6_K12,635.1333201077797,542.8652620873384,A32_B0_K0,92.26805802044134,92.26785602042641,0.00020200001494354445
24.0,A32_B6_K10,622.6585762833324,542.8652620873384,A32_B0_K0,79.79331419599407,79.79311219597821,0.00020200001585845534
24.0,A32_B6_K8,611.5778377042,542.8652620873384,A32_B0_K0,68.71257561686161,68.712373616845,0.00020200001662088108
24.0,A32_B4_K10,599.9717321136666,542.8652620873384,A32_B0_K0,57.106470026328225,57.10626802631206,0.00020200001616342564
24.0,A32_B4_K8,586.7948105317952,542.8652620873384,A32_B0_K0,43.92954844445683,43.929346444440206,0.00020200001662088108
24.25,A32_B6_K14,649.3764502808017,543.6807756266255,A32_B0_K0,105.69567465417617,105.69547265416183,0.00020200001433360386
24.25,A32_B6_K12,635.6464812150076,543.6807756266255,A32_B0_K0,91.9657055883821,91.96550358836716,0.00020200001494354445
24.25,A32_B6_K10,623.2059046922672,543.6807756266255,A32_B0_K0,79.52512906564164,79.52492706562577,0.00020200001585845534
24.25,A32_B6_K8,612.153431844268,543.6807756266255,A32_B0_K0,68.47265621764245,68.47245421762584,0.00020200001662088108
24.25,A32_B4_K10,600.5867053181776,543.6807756266255,A32_B0_K0,56.905929691552046,56.90572769153588,0.00020200001616342564
24.25,A32_B4_K8,587.4418618846871,543.6807756266255,A32_B0_K0,43.761086258061596,43.760884258044975,0.00020200001662088108
24.5,A32_B6_K14,649.8535693244967,544.4971407881254,A32_B0_K0,105.35642853637125,105.35622653635691,0.00020200001433360386
24.5,A32_B6_K12,636.1596423222356,544.4971407881254,A32_B0_K0,91.66250153411022,91.66229953409528,0.00020200001494354445
24.5,A32_B6_K10,623.7532331012019,544.4971407881254,A32_B0_K0,79.25609231307646,79.2558903130606,0.00020200001585845534
24.5,A32_B6_K8,612.729025984336,544.4971407881254,A32_B0_K0,68.23188519621056,68.23168319619394,0.00020200001662088108
24.5,A32_B4_K10,601.2016785226886,544.4971407881254,A32_B0_K0,56.70453773456313,56.704335734546966,0.00020200001616342564
24.5,A32_B4_K8,588.0901077919397,544.4971407881254,A32_B0_K0,43.59296700381424,43.592765003797616,0.00020200001662088108
24.75,A32_B6_K14,650.3306883681915,545.3135059496253,A32_B0_K0,105.01718241856622,105.01698041855188,0.00020200001433360386
24.75,A32_B6_K12,636.6728034294636,545.3135059496253,A32_B0_K0,91.35929747983823,91.3590954798233,0.00020200001494354445
24.75,A32_B6_K10,624.3005615101365,545.3135059496253,A32_B0_K0,78.98705556051118,78.98685356049532,0.00020200001585845534
24.75,A32_B6_K8,613.304620124404,545.3135059496253,A32_B0_K0,67.99111417477866,67.99091217476204,0.00020200001662088108
24.75,A32_B4_K10,601.8166517271994,545.3135059496253,A32_B0_K0,56.503145777574105,56.50294377755794,0.00020200001616342564
24.75,A32_B4_K8,588.739259187464,545.3135059496253,A32_B0_K0,43.42575323783865,43.42555123782203,0.00020200001662088108
25.0,A32_B6_K14,650.8078074118865,546.1298711111251,A32_B0_K0,104.67793630076142,104.67773430074708,0.00020200001433360386
25.0,A32_B6_K12,637.1860039224264,546.1298711111251,A32_B0_K0,91.05613281130127,91.05593081128633,0.00020200001494354445
25.0,A32_B6_K10,624.8478899190711,546.1298711111251,A32_B0_K0,78.71801880794601,78.71781680793015,0.00020200001585845534
25.0,A32_B6_K8,613.880214264472,546.1298711111251,A32_B0_K0,67.75034315334688,67.75014115333026,0.00020200001662088108
25.0,A32_B4_K10,602.4316249317103,546.1298711111251,A32_B0_K0,56.30175382058519,56.301551820568875,0.00020200001631591078
25.0,A32_B4_K8,589.3884105829883,546.1298711111251,A32_B0_K0,43.25853947186317,43.25833747184655,0.00020200001662088108
25.25,A32_B6_K14,651.2849264555815,546.9568937404849,A32_B0_K0,104.32803271509658,104.32783071508224,0.00020200001433360386
25.25,A32_B6_K12,637.7009428326086,546.9568937404849,A32_B0_K0,90.74404909212365,90.74384709210871,0.00020200001494354445
25.25,A32_B6_K10,625.3952183280059,546.9568937404849,A32_B0_K0,78.43832458752092,78.43812258750476,0.00020200001616342564
25.25,A32_B6_K8,614.45580840454,546.9568937404849,A32_B0_K0,67.49891466405506,67.4987126640383,0.00020200001677336623
25.25,A32_B4_K10,603.0465981362213,546.9568937404849,A32_B0_K0,56.08970439573636,56.08950239572005,0.00020200001631591078
25.25,A32_B4_K8,590.0375619785126,546.9568937404849,A32_B0_K0,43.08066823802767,43.0804662380109,0.00020200001677336623
25.5,A32_B6_K14,651.7620454992764,547.7946366021677,A32_B0_K0,103.96740889710873,103.96720689709439,0.00020200001433360386
25.5,A32_B6_K12,638.2158817427908,547.7946366021677,A32_B0_K0,90.42124514062311,90.42104314060818,0.00020200001494354445
25.5,A32_B6_K10,625.9425467369406,547.7946366021677,A32_B0_K0,78.14791013477293,78.14770813475677,0.00020200001616342564
25.5,A32_B6_K8,615.0328039446445,547.7946366021677,A32_B0_K0,67.2381673424768,67.23796534246003,0.00020200001677336623
25.5,A32_B4_K10,603.6648672351945,547.7946366021677,A32_B0_K0,55.870230633026836,55.87002863301052,0.00020200001631591078
25.5,A32_B4_K8,590.6867133740369,547.7946366021677,A32_B0_K0,42.892076771869256,42.891874771852486,0.00020200001677336623
25.75,A32_B6_K14,652.2391645429714,548.640125292993,A32_B0_K0,103.59903924997832,103.59883724996398,0.00020200001433360386
25.75,A32_B6_K12,638.7312750288066,548.640125292993,A32_B0_K0,90.09114973581359,90.09094773579865,0.00020200001494354445
25.75,A32_B6_K10,626.4898751458752,548.640125292993,A32_B0_K0,77.84974985288216,77.849547852866,0.00020200001616342564
25.75,A32_B6_K8,615.6103344591074,548.640125292993,A32_B0_K0,66.97020916611439,66.97000716609762,0.00020200001677336623
25.75,A32_B4_K10,604.2836785726524,548.640125292993,A32_B0_K0,55.643553279659386,55.64335127964307,0.00020200001631591078
25.75,A32_B4_K8,591.3386615993569,548.640125292993,A32_B0_K0,42.69853630636385,42.69833430634708,0.00020200001677336623
26.0,A32_B6_K14,652.7162835866663,549.510571102174,A32_B0_K0,103.20571248449232,103.20551048447768,0.00020200001463857416
26.0,A32_B6_K12,639.2480195070607,549.510571102174,A32_B0_K0,89.73744840488666,89.73724640487157,0.0002020000150960296
26.0,A32_B6_K10,627.0376598545429,549.510571102174,A32_B0_K0,77.52708875236885,77.5268867523527,0.00020200001616342564
26.0,A32_B6_K8,616.1884138429967,549.510571102174,A32_B0_K0,66.67784274082271,66.67764074080594,0.00020200001677336623
26.0,A32_B4_K10,604.9024899101103,549.510571102174,A32_B0_K0,55.391918807936236,55.39171680791992,0.00020200001631591078
26.0,A32_B4_K8,591.9920853278311,549.510571102174,A32_B0_K0,42.481514225657065,42.481312225640295,0.00020200001677336623
26.25,A32_B6_K14,653.1934026303613,550.3884428462807,A32_B0_K0,102.80495978408067,102.80475778406603,0.00020200001463857416
26.25,A32_B6_K12,639.7647639853146,550.3884428462807,A32_B0_K0,89.37632113903396,89.37611913901887,0.0002020000150960296
26.25,A32_B6_K10,627.5875102164291,550.3884428462807,A32_B0_K0,77.19906737014844,77.19886537013228,0.00020200001616342564
26.25,A32_B6_K8,616.7668022554394,550.3884428462807,A32_B0_K0,66.37835940915875,66.37815740914198,0.00020200001677336623
26.25,A32_B4_K10,605.5213012475681,550.3884428462807,A32_B0_K0,55.13285840128742,55.132656401271106,0.00020200001631591078
26.25,A32_B4_K8,592.6455090563052,550.3884428462807,A32_B0_K0,42.257066210024504,42.256864210007734,0.00020200001677336623
26.5,A32_B6_K14,653.6705216740563,551.2672831624625,A32_B0_K0,102.40323851159383,102.40303651157919,0.00020200001463857416
26.5,A32_B6_K12,640.2815084635687,551.2672831624625,A32_B0_K0,89.0142253011062,89.0140233010911,0.0002020000150960296
26.5,A32_B6_K10,628.1373605783152,551.2672831624625,A32_B0_K0,76.87007741585273,76.86987541583657,0.00020200001616342564
26.5,A32_B6_K8,617.3451906678822,551.2672831624625,A32_B0_K0,66.07790750541972,66.07770550540295,0.00020200001677336623
26.5,A32_B4_K10,606.1401125850259,551.2672831624625,A32_B0_K0,54.87282942256343,54.87262742254711,0.00020200001631591078
26.5,A32_B4_K8,593.2989327847795,551.2672831624625,A32_B0_K0,42.03164962231699,42.03144762230022,0.00020200001677336623
26.75,A32_B6_K14,654.1476407177513,552.1566575693826,A32_B0_K0,101.99098314836874,101.99078114835349,0.00020200001524851475
26.75,A32_B6_K12,640.7982529418227,552.1566575693826,A32_B0_K0,88.64159537244018,88.64139337242447,0.0002020000157059702
26.75,A32_B6_K10,628.6872109402016,552.1566575693826,A32_B0_K0,76.530553370819,76.53035137080224,0.00020200001677336623
26.75,A32_B6_K8,617.9235790803248,552.1566575693826,A32_B0_K0,65.76692151094221,65.76671951092483,0.00020200001738330682
26.75,A32_B4_K10,606.7589239224837,552.1566575693826,A32_B0_K0,54.602266353101186,54.60206435308426,0.00020200001692585138
26.75,A32_B4_K8,593.9523565132536,552.1566575693826,A32_B0_K0,41.795698943871,41.79549694385362,0.00020200001738330682
27.0,A32_B6_K14,654.6247597614463,553.0467458123344,A32_B0_K0,101.57801394911189,101.57781194909664,0.00020200001524851475
27.0,A32_B6_K12,641.3149974200767,553.0467458123344,A32_B0_K0,88.26825160774229,88.26804960772658,0.0002020000157059702
27.0,A32_B6_K10,629.2382405613728,553.0467458123344,A32_B0_K0,76.19149474903838,76.19129274902161,0.00020200001677336623
27.0,A32_B6_K8,618.5019674927676,553.0467458123344,A32_B0_K0,65.45522168043317,65.45501968041579,0.00020200001738330682
27.0,A32_B4_K10,607.3777352599416,553.0467458123344,A32_B0_K0,54.33098944760718,54.330787447590254,0.00020200001692585138
27.0,A32_B4_K8,594.6057802417279,553.0467458123344,A32_B0_K0,41.55903442939348,41.558832429376096,0.00020200001738330682
27.25,A32_B6_K14,655.1018788051412,553.9368340552862,A32_B0_K0,101.16504474985493,101.16484274983968,0.00020200001524851475
27.25,A32_B6_K12,641.8318556240317,553.9368340552862,A32_B0_K0,87.8950215687455,87.8948195687298,0.0002020000157059702
27.25,A32_B6_K10,629.7910701684746,553.9368340552862,A32_B0_K0,75.85423611318834,75.85403411317141,0.00020200001692585138
27.25,A32_B6_K8,619.0806775841093,553.9368340552862,A32_B0_K0,65.14384352882303,65.14364152880565,0.00020200001738330682
27.25,A32_B4_K10,607.9965465973994,553.9368340552862,A32_B0_K0,54.059712542113175,54.05951054209625,0.00020200001692585138
27.25,A32_B4_K8,595.2592039702021,553.9368340552862,A32_B0_K0,41.32236991491584,41.32216791489846,0.00020200001738330682
27.5,A32_B6_K14,655.5789978488361,554.8269222982381,A32_B0_K0,100.75207555059808,100.75187355058283,0.00020200001524851475
27.5,A32_B6_K12,642.3489061395434,554.8269222982381,A32_B0_K0,87.52198384130531,87.52178184128961,0.0002020000157059702
27.5,A32_B6_K10,630.3446105545397,554.8269222982381,A32_B0_K0,75.51768825630165,75.51748625628473,0.00020200001692585138
27.5,A32_B6_K8,619.6616891518007,554.8269222982381,A32_B0_K0,64.83476685356266,64.83456485354496,0.00020200001768827712
27.5,A32_B4_K10,608.6153579348572,554.8269222982381,A32_B0_K0,53.78843563661917,53.78823363660224,0.00020200001692585138
27.5,A32_B4_K8,595.9126276986763,554.8269222982381,A32_B0_K0,41.0857054004382,41.085503400420514,0.00020200001768827712
27.75,A32_B6_K14,656.0561168925311,555.7170105411899,A32_B0_K0,100.33910635134123,100.33890435132598,0.00020200001524851475
27.75,A32_B6_K12,642.865956655055,555.7170105411899,A32_B0_K0,87.14894611386512,87.14874411384942,0.0002020000157059702
27.75,A32_B6_K10,630.8981509406048,555.7170105411899,A32_B0_K0,75.18114039941486,75.18093839939793,0.00020200001692585138
27.75,A32_B6_K8,620.2452265026943,555.7170105411899,A32_B0_K0,64.52821596150443,64.52801396148674,0.00020200001768827712
27.75,A32_B4_K10,609.2341692723151,555.7170105411899,A32_B0_K0,53.517158731125164,53.51695673110824,0.00020200001692585138
27.75,A32_B4_K8,596.5660514271505,555.7170105411899,A32_B0_K0,40.84904088596056,40.848838885942875,0.00020200001768827712
28.0,A32_B6_K14,656.533235936226,556.6070987841417,A32_B0_K0,99.92613715208427,99.92593515206902,0.00020200001524851475
28.0,A32_B6_K12,643.3830071705667,556.6070987841417,A32_B0_K0,86.77590838642493,86.77570638640923,0.0002020000157059702
28.0,A32_B6_K10,631.4516913266698,556.6070987841417,A32_B0_K0,74.84459254252806,74.84439054251114,0.00020200001692585138
28.0,A32_B6_K8,620.8287638535878,556.6070987841417,A32_B0_K0,64.22166506944609,64.2214630694284,0.00020200001768827712
28.0,A32_B4_K10,609.8529806097729,556.6070987841417,A32_B0_K0,53.24588182563116,53.24567982561423,0.00020200001692585138
28.0,A32_B4_K8,597.2194751556247,556.6070987841417,A32_B0_K0,40.612376371482924,40.61217437146524,0.00020200001768827712
28.25,A32_B6_K14,657.010354979921,557.5061184233414,A32_B0_K0,99.5042365565796,99.50403455656435,0.00020200001524851475
28.25,A32_B6_K12,643.9000576860782,557.5061184233414,A32_B0_K0,86.39393926273681,86.3937372627211,0.0002020000157059702
28.25,A32_B6_K10,632.0052317127348,557.5061184233414,A32_B0_K0,74.49911328939345,74.49891128937652,0.00020200001692585138
28.25,A32_B6_K8,621.4123012044815,557.5061184233414,A32_B0_K0,63.90618278114016,63.90598078112247,0.00020200001768827712
28.25,A32_B4_K10,610.4717919472307,557.5061184233414,A32_B0_K0,52.965673523889336,52.96547152387241,0.00020200001692585138
28.25,A32_B4_K8,597.8733159085962,557.5061184233414,A32_B0_K0,40.36719748525479,40.366995485237105,0.00020200001768827712
28.5,A32_B6_K14,657.487474023616,558.417134107983,A32_B0_K0,99.07033991563299,99.07013791561774,0.00020200001524851475
28.5,A32_B6_K12,644.4171082015898,558.417134107983,A32_B0_K0,85.99997409360685,85.99977209359115,0.0002020000157059702
28.5,A32_B6_K10,632.5587720988,558.417134107983,A32_B0_K0,74.141637990817,74.14143599080008,0.00020200001692585138
28.5,A32_B6_K8,621.9958385553751,558.417134107983,A32_B0_K0,63.57870444739217,63.57850244737448,0.00020200001768827712
28.5,A32_B4_K10,611.0906032846887,558.417134107983,A32_B0_K0,52.67346917670568,52.67326717668875,0.00020200001692585138
28.5,A32_B4_K8,598.5271941370627,558.417134107983,A32_B0_K0,40.110060029079705,40.10985802906202,0.00020200001768827712
28.75,A32_B6_K14,657.964593067311,559.3334129889251,A32_B0_K0,98.6311800783858,98.63097807837055,0.00020200001524851475
28.75,A32_B6_K12,644.9341587171015,559.3334129889251,A32_B0_K0,85.60074572817632,85.60054372816062,0.0002020000157059702
28.75,A32_B6_K10,633.112312484865,559.3334129889251,A32_B0_K0,73.77889949593987,73.77869749592294,0.00020200001692585138
28.75,A32_B6_K8,622.5816219209489,559.3334129889251,A32_B0_K0,63.24820893202377,63.248006932006085,0.00020200001768827712
28.75,A32_B4_K10,611.7094146221465,559.3334129889251,A32_B0_K0,52.376001633221335,52.3757996332041,0.00020200001723082167
28.75,A32_B4_K8,599.1810723655291,559.3334129889251,A32_B0_K0,39.84765937660393,39.84745737658624,0.00020200001768827712
29.0,A32_B6_K14,658.4417121110059,560.2625338415424,A32_B0_K0,98.17917826946348,98.17897626944823,0.00020200001524851475
29.0,A32_B6_K12,645.4512092326131,560.2625338415424,A32_B0_K0,85.18867539107066,85.18847339105496,0.0002020000157059702
29.0,A32_B6_K10,633.66585287093,560.2625338415424,A32_B0_K0,73.4033190293876,73.40311702937068,0.00020200001692585138
29.0,A32_B6_K8,623.1708195272499,560.2625338415424,A32_B0_K0,62.90828568570748,62.908083685689796,0.00020200001768827712
29.0,A32_B4_K10,612.3282259596043,560.2625338415424,A32_B0_K0,52.06569211806186,52.06549011804463,0.00020200001723082167
29.0,A32_B4_K8,599.8349505939956,560.2625338415424,A32_B0_K0,39.57241675245314,39.57221475243545,0.00020200001768827712
29.25,A32_B6_K14,658.9188311547009,561.193698494135,A32_B0_K0,97.72513266056592,97.72493066055067,0.00020200001524851475
29.25,A32_B6_K12,645.9682597481246,561.193698494135,A32_B0_K0,84.77456125398965,84.77435925397394,0.0002020000157059702
29.25,A32_B6_K10,634.2193932569951,561.193698494135,A32_B0_K0,73.0256947628601,73.02549276284317,0.00020200001692585138
29.25,A32_B6_K8,623.760017133551,561.193698494135,A32_B0_K0,62.566318639415954,62.56611663939827,0.00020200001768827712
29.25,A32_B4_K10,612.9470372970621,561.193698494135,A32_B0_K0,51.753338802927146,51.753136802909914,0.00020200001723082167
29.25,A32_B4_K8,600.4888288224621,561.193698494135,A32_B0_K0,39.295130328327105,39.29492832830942,0.00020200001768827712
29.5,A32_B6_K14,659.3959501983959,562.1248631467276,A32_B0_K0,97.27108705166825,97.270885051653,0.00020200001524851475
29.5,A32_B6_K12,646.4853102636363,562.1248631467276,A32_B0_K0,84.36044711690863,84.36024511689293,0.0002020000157059702
29.5,A32_B6_K10,634.7729336430602,562.1248631467276,A32_B0_K0,72.6480704963326,72.64786849631567,0.00020200001692585138
29.5,A32_B6_K8,624.349214739852,562.1248631467276,A32_B0_K0,62.22435159312431,62.224149593106624,0.00020200001768827712
29.5,A32_B4_K10,613.5658486345201,562.1248631467276,A32_B0_K0,51.44098548779243,51.4407834877752,0.00020200001723082167
29.5,A32_B4_K8,601.1427070509286,562.1248631467276,A32_B0_K0,39.01784390420096,39.01764190418327,0.00020200001768827712
29.75,A32_B6_K14,659.8730692420909,563.0595217711598,A32_B0_K0,96.8135474709311,96.81334547091585,0.00020200001524851475
29.75,A32_B6_K12,647.0023607791479,563.0595217711598,A32_B0_K0,83.94283900798814,83.94263700797244,0.0002020000157059702
29.75,A32_B6_K10,635.3264740291253,563.0595217711598,A32_B0_K0,72.2669522579655,72.26675025794857,0.00020200001692585138
29.75,A32_B6_K8,624.938412346153,563.0595217711598,A32_B0_K0,61.87889057499319,61.878688574975506,0.00020200001768827712
29.75,A32_B4_K10,614.1846599719779,563.0595217711598,A32_B0_K0,51.12513820081813,51.124936200800896,0.00020200001723082167
29.75,A32_B4_K8,601.7965852793951,563.0595217711598,A32_B0_K0,38.73706350823534,38.73686150821765,0.00020200001768827712
30.0,A32_B6_K14,660.3501882857857,563.9954430925113,A32_B0_K0,96.35474519327443,96.35454319325918,0.00020200001524851475
30.0,A32_B6_K12,647.5194112946594,563.9954430925113,A32_B0_K0,83.52396820214813,83.52376620213211,0.0002020000160109405
30.0,A32_B6_K10,635.8800144151903,563.9954430925113,A32_B0_K0,71.884571322679,71.88436932266207,0.00020200001692585138
30.0,A32_B6_K8,625.5276099524541,563.9954430925113,A32_B0_K0,61.53216685994278,61.53196485992509,0.00020200001768827712
30.0,A32_B4_K10,614.8034713094356,563.9954430925113,A32_B0_K0,50.8080282169243,50.80782621690707,0.00020200001723082167
30.0,A32_B4_K8,602.4504635078616,563.9954430925113,A32_B0_K0,38.455020415350305,38.45481841533262,0.00020200001768827712
30.25,A32_B6_K14,660.8273073294807,564.9313644138631,A32_B0_K0,95.89594291561764,95.89574091560239,0.00020200001524851475
30.25,A32_B6_K12,648.0372895307867,564.9313644138631,A32_B0_K0,83.10592511692357,83.10572311690755,0.0002020000160109405
30.25,A32_B6_K10,636.4335548012554,564.9313644138631,A32_B0_K0,71.50219038739226,71.50198838737504,0.00020200001723082167
30.25,A32_B6_K8,626.116807558755,564.9313644138631,A32_B0_K0,61.185443144891906,61.18524114487422,0.00020200001768827712
30.25,A32_B4_K10,615.4222826468936,564.9313644138631,A32_B0_K0,50.49091823303047,50.49071623301324,0.00020200001723082167
30.25,A32_B4_K8,603.104341736328,564.9313644138631,A32_B0_K0,38.17297732246493,38.172775322447244,0.00020200001768827712
30.5,A32_B6_K14,661.3044263731757,565.8691041578918,A32_B0_K0,95.43532221528392,95.43512021526837,0.00020200001555348504
30.5,A32_B6_K12,648.555631643822,565.8691041578918,A32_B0_K0,82.68652748593024,82.68632548591422,0.0002020000160109405
30.5,A32_B6_K10,636.9870951873204,565.8691041578918,A32_B0_K0,71.1179910294286,71.11778902941137,0.00020200001723082167
30.5,A32_B6_K8,626.7060051650561,565.8691041578918,A32_B0_K0,60.83690100716433,60.83669900714664,0.00020200001768827712
30.5,A32_B4_K10,616.0410939843514,565.8691041578918,A32_B0_K0,50.171989826459594,50.17178782644236,0.00020200001723082167
30.5,A32_B4_K8,603.7582199647945,565.8691041578918,A32_B0_K0,37.88911580690274,37.88891380688505,0.00020200001768827712
30.75,A32_B6_K14,661.7815454168706,566.8141451561308,A32_B0_K0,94.96740026073974,94.96719826072419,0.00020200001555348504
30.75,A32_B6_K12,649.0739737568573,566.8141451561308,A32_B0_K0,82.25982860072645,82.25962660071043,0.0002020000160109405
30.75,A32_B6_K10,637.5406355733855,566.8141451561308,A32_B0_K0,70.7264904172547,70.72628841723747,0.00020200001723082167
30.75,A32_B6_K8,627.2952027713571,566.8141451561308,A32_B0_K0,60.48105761522629,60.480855615208604,0.00020200001768827712
30.75,A32_B4_K10,616.6599053218092,566.8141451561308,A32_B0_K0,49.84576016567837,49.84555816566114,0.00020200001723082167
30.75,A32_B4_K8,604.412098193261,566.8141451561308,A32_B0_K0,37.597953037130196,37.59775103711251,0.00020200001768827712
31.0,A32_B6_K14,662.2586644605656,567.7609592021831,A32_B0_K0,94.49770525838244,94.49750325836689,0.00020200001555348504
31.0,A32_B6_K12,649.5923158698927,567.7609592021831,A32_B0_K0,81.83135666770954,81.83115466769353,0.0002020000160109405
31.0,A32_B6_K10,638.0942175368103,567.7609592021831,A32_B0_K0,70.3332583346272,70.33305633460998,0.00020200001723082167
31.0,A32_B6_K8,627.8844003776582,567.7609592021831,A32_B0_K0,60.12344117547502,60.12323917545703,0.0002020000179932474
31.0,A32_B4_K10,617.278716659267,567.7609592021831,A32_B0_K0,49.51775745708392,49.517555457066685,0.00020200001723082167
31.0,A32_B4_K8,605.0659764217276,567.7609592021831,A32_B0_K0,37.305017219544425,37.30481521952643,0.0002020000179932474
31.25,A32_B6_K14,662.7358155365903,568.7077732482354,A32_B0_K0,94.02804228835487,94.02784028833932,0.00020200001555348504
31.25,A32_B6_K12,650.1106579829279,568.7077732482354,A32_B0_K0,81.40288473469252,81.4026827346765,0.0002020000160109405
31.25,A32_B6_K10,638.6478439604361,568.7077732482354,A32_B0_K0,69.94007071220074,69.93986871218351,0.00020200001723082167
31.25,A32_B6_K8,628.4735979839592,568.7077732482354,A32_B0_K0,59.765824735723754,59.76562273570576,0.0002020000179932474
31.25,A32_B4_K10,617.8975279967249,568.7077732482354,A32_B0_K0,49.18975474848946,49.18955274847223,0.00020200001723082167
31.25,A32_B4_K8,605.7198546501941,568.7077732482354,A32_B0_K0,37.01208140195865,37.01187940194066,0.0002020000179932474
31.5,A32_B6_K14,663.2159902778969,569.6545872942877,A32_B0_K0,93.56140298360924,93.5612009835937,0.00020200001555348504
31.5,A32_B6_K12,650.6290000959632,569.6545872942877,A32_B0_K0,80.9744128016755,80.97421080165948,0.0002020000160109405
31.5,A32_B6_K10,639.2014703840621,569.6545872942877,A32_B0_K0,69.54688308977438,69.54668108975716,0.00020200001723082167
31.5,A32_B6_K8,629.0627955902602,569.6545872942877,A32_B0_K0,59.408208295972486,59.40800629595449,0.0002020000179932474
31.5,A32_B4_K10,618.5163393341827,569.6545872942877,A32_B0_K0,48.86175203989501,48.86155003987778,0.00020200001723082167
31.5,A32_B4_K8,606.3737328786606,569.6545872942877,A32_B0_K0,36.71914558437288,36.71894358435489,0.0002020000179932474
31.75,A32_B6_K14,663.6961650192036,570.60140134034,A32_B0_K0,93.09476367886361,93.09456167884807,0.00020200001555348504
31.75,A32_B6_K12,651.1473422089986,570.60140134034,A32_B0_K0,80.54594086865859,80.54573886864257,0.0002020000160109405
31.75,A32_B6_K10,639.755096807688,570.60140134034,A32_B0_K0,69.15369546734803,69.1534934673308,0.00020200001723082167
31.75,A32_B6_K8,629.6519931965612,570.60140134034,A32_B0_K0,59.05059185622122,59.050389856203225,0.0002020000179932474
31.75,A32_B4_K10,619.1351506716405,570.60140134034,A32_B0_K0,48.533749331300555,48.53354733128332,0.00020200001723082167
31.75,A32_B4_K8,607.0276111071271,570.60140134034,A32_B0_K0,36.42620976678711,36.42600776676912,0.0002020000179932474
32.0,A32_B6_K14,664.1763397605102,571.5482153863924,A32_B0_K0,92.62812437411787,92.62792237410233,0.00020200001555348504
32.0,A32_B6_K12,651.6656843220338,571.5482153863924,A32_B0_K0,80.11746893564145,80.11726693562544,0.0002020000160109405
32.0,A32_B6_K10,640.3087232313139,571.5482153863924,A32_B0_K0,68.76050784492156,68.76030584490434,0.00020200001723082167
32.0,A32_B6_K8,630.2411908028623,571.5482153863924,A32_B0_K0,58.69297541646995,58.692773416451956,0.0002020000179932474
32.0,A32_B4_K10,619.7539620090984,571.5482153863924,A32_B0_K0,48.20574662270599,48.205544622688755,0.00020200001723082167
32.0,A32_B4_K8,607.6814893355936,571.5482153863924,A32_B0_K0,36.133273949201225,36.13307194918323,0.0002020000179932474
32.25,A32_B6_K14,664.656894904592,572.5146680744253,A32_B0_K0,92.14222683016669,92.14202483015114,0.00020200001555348504
32.25,A32_B6_K12,652.1840264350692,572.5146680744253,A32_B0_K0,79.66935836064386,79.66915636062784,0.0002020000160109405
32.25,A32_B6_K10,640.8623496549399,572.5146680744253,A32_B0_K0,68.34768158051452,68.34747958049729,0.00020200001723082167
32.25,A32_B6_K8,630.8303884091633,572.5146680744253,A32_B0_K0,58.31572033473799,58.31551833472,0.0002020000179932474
32.25,A32_B4_K10,620.3727733465562,572.5146680744253,A32_B0_K0,47.85810527213084,47.85790327211361,0.00020200001723082167
32.25,A32_B4_K8,608.3353675640601,572.5146680744253,A32_B0_K0,35.82069948963476,35.82049748961677,0.0002020000179932474
32.5,A32_B6_K14,665.1376923002595,573.4944224927281,A32_B0_K0,91.6432698075314,91.64306780751585,0.00020200001555348504
32.5,A32_B6_K12,652.7023685481045,573.4944224927281,A32_B0_K0,79.2079460553764,79.20774405536038,0.0002020000160109405
32.5,A32_B6_K10,641.4159760785658,573.4944224927281,A32_B0_K0,67.92155358583773,67.9213515858205,0.00020200001723082167
32.5,A32_B6_K8,631.4195860154642,573.4944224927281,A32_B0_K0,57.92516352273617,57.92496152271818,0.0002020000179932474
32.5,A32_B4_K10,620.991584684014,573.4944224927281,A32_B0_K0,47.49716219128595,47.49696019126872,0.00020200001723082167
32.5,A32_B4_K8,608.9892457925266,573.4944224927281,A32_B0_K0,35.494823299798554,35.49462129978056,0.0002020000179932474
32.75,A32_B6_K14,665.6184896959268,574.4741769110308,A32_B0_K0,91.14431278489599,91.14411078488028,0.0002020000157059702
32.75,A32_B6_K12,653.2207106611398,574.4741769110308,A32_B0_K0,78.74653375010905,78.74633175009303,0.0002020000160109405
32.75,A32_B6_K10,641.9696025021917,574.4741769110308,A32_B0_K0,67.49542559116094,67.49522359114371,0.00020200001723082167
32.75,A32_B6_K8,632.0087836217654,574.4741769110308,A32_B0_K0,57.53460671073458,57.534404710716586,0.0002020000179932474
32.75,A32_B4_K10,621.6103960214718,574.4741769110308,A32_B0_K0,47.13621911044106,47.13601711042368,0.00020200001738330682
32.75,A32_B4_K8,609.6431240209931,574.4741769110308,A32_B0_K0,35.168947109962346,35.16874510994435,0.0002020000179932474
33.0,A32_B6_K14,666.0992870915942,575.4539313293335,A32_B0_K0,90.64535576226069,90.64515376224499,0.0002020000157059702
33.0,A32_B6_K12,653.739052774175,575.4539313293335,A32_B0_K0,78.28512144484148,78.28491944482546,0.0002020000160109405
33.0,A32_B6_K10,642.5232289258176,575.4539313293335,A32_B0_K0,67.06929759648415,67.06909559646692,0.00020200001723082167
33.0,A32_B6_K8,632.5979812280664,575.4539313293335,A32_B0_K0,57.144049898732874,57.14384789871488,0.0002020000179932474
33.0,A32_B4_K10,622.2292073589298,575.4539313293335,A32_B0_K0,46.775276029596284,46.7750740295789,0.00020200001738330682
33.0,A32_B4_K8,610.2970022494595,575.4539313293335,A32_B0_K0,34.843070920126024,34.84286892010803,0.0002020000179932474
33.25,A32_B6_K14,666.5800844872615,576.4336857476362,A32_B0_K0,90.14639873962528,90.14619673960958,0.0002020000157059702
33.25,A32_B6_K12,654.2573948872104,576.4336857476362,A32_B0_K0,77.82370913957413,77.82350713955812,0.0002020000160109405
33.25,A32_B6_K10,643.0768553494436,576.4336857476362,A32_B0_K0,66.64316960180736,66.64296760179013,0.00020200001723082167
33.25,A32_B6_K8,633.1871788343674,576.4336857476362,A32_B0_K0,56.75349308673117,56.753291086713176,0.0002020000179932474
33.25,A32_B4_K10,622.8480186963876,576.4336857476362,A32_B0_K0,46.414332948751394,46.41413094873401,0.00020200001738330682
33.25,A32_B4_K8,610.950880477926,576.4336857476362,A32_B0_K0,34.517194730289816,34.516992730271824,0.0002020000179932474
33.5,A32_B6_K14,667.0608818829289,577.4134401659389,A32_B0_K0,89.64744171698999,89.64723971697428,0.0002020000157059702
33.5,A32_B6_K12,654.7757370002457,577.4134401659389,A32_B0_K0,77.36229683430679,77.36209483429077,0.0002020000160109405
33.5,A32_B6_K10,643.6314023299044,577.4134401659389,A32_B0_K0,66.21796216396547,66.21776016394809,0.00020200001738330682
33.5,A32_B6_K8,633.7763764406684,577.4134401659389,A32_B0_K0,56.36293627472946,56.36273427471147,0.0002020000179932474
33.5,A32_B4_K10,623.4668300338454,577.4134401659389,A32_B0_K0,46.0533898679065,46.05318786788912,0.00020200001738330682
33.5,A32_B4_K8,611.6047587063924,577.4134401659389,A32_B0_K0,34.191318540453494,34.1911165404355,0.0002020000179932474
33.75,A32_B6_K14,667.5416792785963,578.3931945842415,A32_B0_K0,89.1484846943548,89.1482826943391,0.0002020000157059702
33.75,A32_B6_K12,655.294079113281,578.3931945842415,A32_B0_K0,76.90088452903944,76.90068252902329,0.00020200001616342564
33.75,A32_B6_K10,644.186709123059,578.3931945842415,A32_B0_K0,65.79351453881748,65.7933125388001,0.00020200001738330682
33.75,A32_B6_K8,634.3655740469694,578.3931945842415,A32_B0_K0,55.97237946272787,55.97217746270988,0.0002020000179932474
33.75,A32_B4_K10,624.0856413713034,578.3931945842415,A32_B0_K0,45.69244678706184,45.69224478704446,0.00020200001738330682
33.75,A32_B4_K8,612.258636934859,578.3931945842415,A32_B0_K0,33.86544235061751,33.86524035059952,0.0002020000179932474
34.0,A32_B6_K14,668.0224766742637,579.3729490025444,A32_B0_K0,88.64952767171928,88.64932567170358,0.0002020000157059702
34.0,A32_B6_K12,655.8124212263164,579.3729490025444,A32_B0_K0,76.43947222377199,76.43927022375583,0.00020200001616342564
34.0,A32_B6_K10,644.7420159162139,579.3729490025444,A32_B0_K0,65.36906691366949,65.3688649136521,0.00020200001738330682
34.0,A32_B6_K8,634.9547716532704,579.3729490025444,A32_B0_K0,55.58182265072605,55.58162065070806,0.0002020000179932474
34.0,A32_B4_K10,624.7044527087611,579.3729490025444,A32_B0_K0,45.33150370621672,45.33130170619934,0.00020200001738330682
34.0,A32_B4_K8,612.9128360701577,579.3729490025444,A32_B0_K0,33.539887067613336,33.53968506759534,0.0002020000179932474
34.25,A32_B6_K14,668.503274069931,580.352703420847,A32_B0_K0,88.15057064908399,88.15036864906828,0.0002020000157059702
34.25,A32_B6_K12,656.3307633393516,580.352703420847,A32_B0_K0,75.97805991850464,75.97785791848848,0.00020200001616342564
34.25,A32_B6_K10,645.2973227093686,580.352703420847,A32_B0_K0,64.94461928852161,64.94441728850423,0.00020200001738330682
34.25,A32_B6_K8,635.5442469060702,580.352703420847,A32_B0_K0,55.19154348522318,55.19134148520503,0.00020200001814573256
34.25,A32_B4_K10,625.323264046219,580.352703420847,A32_B0_K0,44.97056062537206,44.97035862535468,0.00020200001738330682
34.25,A32_B4_K8,613.5701399714455,580.352703420847,A32_B0_K0,33.21743655059856,33.217234550580415,0.00020200001814573256
34.5,A32_B6_K14,668.9840714655984,581.3361571291215,A32_B0_K0,87.6479143364769,87.64771233646088,0.0002020000160109405
34.5,A32_B6_K12,656.8491054523869,581.3361571291215,A32_B0_K0,75.51294832326539,75.51274632324892,0.00020200001646839593
34.5,A32_B6_K10,645.8526295025233,581.3361571291215,A32_B0_K0,64.51647237340183,64.51627037338413,0.00020200001768827712
34.5,A32_B6_K8,636.1340554263197,581.3361571291215,A32_B0_K0,54.79789829719823,54.79769629717978,0.00020200001845070286
34.5,A32_B4_K10,625.9420753836769,581.3361571291215,A32_B0_K0,44.60591825455538,44.60571625453769,0.00020200001768827712
34.5,A32_B4_K8,614.2274438727334,581.3361571291215,A32_B0_K0,32.891286743611886,32.89108474359344,0.00020200001845070286
34.75,A32_B6_K14,669.4648688612658,582.325796166388,A32_B0_K0,87.13907269487777,87.13887069486175,0.0002020000160109405
34.75,A32_B6_K12,657.3674475654223,582.325796166388,A32_B0_K0,75.04165139903421,75.04144939901774,0.00020200001646839593
34.75,A32_B6_K10,646.4079362956782,582.325796166388,A32_B0_K0,64.08214012929011,64.08193812927242,0.00020200001768827712
34.75,A32_B6_K8,636.7238639465692,582.325796166388,A32_B0_K0,54.39806778018112,54.397865780162675,0.00020200001845070286
34.75,A32_B4_K10,626.5608867211347,582.325796166388,A32_B0_K0,44.23509055474665,44.23488855472896,0.00020200001768827712
34.75,A32_B4_K8,614.8860983078,582.325796166388,A32_B0_K0,32.56030214141197,32.56010014139352,0.00020200001845070286
35.0,A32_B6_K14,669.9456662569331,583.3156550830145,A32_B0_K0,86.63001117391866,86.62980917390264,0.0002020000160109405
35.0,A32_B6_K12,657.8857896784575,583.3156550830145,A32_B0_K0,74.57013459544305,74.56993259542658,0.00020200001646839593
35.0,A32_B6_K10,646.9632430888329,583.3156550830145,A32_B0_K0,63.64758800581842,63.64738600580073,0.00020200001768827712
35.0,A32_B6_K8,637.3136724668186,583.3156550830145,A32_B0_K0,53.998017383804154,53.997815383785706,0.00020200001845070286
35.0,A32_B4_K10,627.1796980585925,583.3156550830145,A32_B0_K0,43.86404297557806,43.863840975560066,0.0002020000179932474
35.0,A32_B4_K8,615.5482570988855,583.3156550830145,A32_B0_K0,32.232602015871066,32.23240001585262,0.00020200001845070286
35.25,A32_B6_K14,670.4264636526005,584.305516860925,A32_B0_K0,86.12094679167558,86.12074479165956,0.0002020000160109405
35.25,A32_B6_K12,658.4041317914928,584.305516860925,A32_B0_K0,74.0986149305678,74.09841293055133,0.00020200001646839593
35.25,A32_B6_K10,647.5185498819876,584.305516860925,A32_B0_K0,63.21303302106264,63.21283102104465,0.0002020000179932474
35.25,A32_B6_K8,637.9034809870682,584.305516860925,A32_B0_K0,53.59796412614321,53.59776212612476,0.00020200001845070286
35.25,A32_B4_K10,627.7985093960503,584.305516860925,A32_B0_K0,43.49299253512538,43.49279053510739,0.0002020000179932474
35.25,A32_B4_K8,616.2131560812454,584.305516860925,A32_B0_K0,31.907639220320448,31.907437220301997,0.00020200001845070286
35.5,A32_B6_K14,670.9072610482679,585.2953786388356,A32_B0_K0,85.61188240943227,85.61168040941625,0.0002020000160109405
35.5,A32_B6_K12,658.9224739045281,585.2953786388356,A32_B0_K0,73.62709526569256,73.62689326567609,0.00020200001646839593
35.5,A32_B6_K10,648.0738566751422,585.2953786388356,A32_B0_K0,62.77847803630664,62.778276036288645,0.0002020000179932474
35.5,A32_B6_K8,638.4932895073177,585.2953786388356,A32_B0_K0,53.197910868482154,53.19770886846371,0.00020200001845070286
35.5,A32_B4_K10,628.4173207335082,585.2953786388356,A32_B0_K0,43.12194209467259,43.1217400946546,0.0002020000179932474
35.5,A32_B4_K8,616.8780550636054,585.2953786388356,A32_B0_K0,31.58267642476983,31.58247442475138,0.00020200001845070286
35.75,A32_B6_K14,671.3880584439353,586.2882080780212,A32_B0_K0,85.09985036591411,85.09964836589809,0.0002020000160109405
35.75,A32_B6_K12,659.4408160175634,586.2882080780212,A32_B0_K0,73.15260793954224,73.15240593952576,0.00020200001646839593
35.75,A32_B6_K10,648.6291634682971,586.2882080780212,A32_B0_K0,62.340955390275894,62.3407533902579,0.0002020000179932474
35.75,A32_B6_K8,639.0830980275672,586.2882080780212,A32_B0_K0,52.79488994954602,52.79468794952757,0.00020200001845070286
35.75,A32_B4_K10,629.036132070966,586.2882080780212,A32_B0_K0,42.747923992944834,42.74772199292684,0.0002020000179932474
35.75,A32_B4_K8,617.5429540459654,586.2882080780212,A32_B0_K0,31.254745967944245,31.254543967925795,0.00020200001845070286
36.0,A32_B6_K14,671.8688558396027,587.2967939363898,A32_B0_K0,84.5720619032129,84.57185990319688,0.0002020000160109405
36.0,A32_B6_K12,659.9591581305988,587.2967939363898,A32_B0_K0,72.66236419420898,72.6621621941925,0.00020200001646839593
36.0,A32_B6_K10,649.1844702614518,587.2967939363898,A32_B0_K0,61.88767632506199,61.887474325043996,0.0002020000179932474
36.0,A32_B6_K8,639.6729065478166,587.2967939363898,A32_B0_K0,52.376112611426834,52.375910611408386,0.00020200001845070286
36.0,A32_B4_K10,629.6549434084238,587.2967939363898,A32_B0_K0,42.35814947203403,42.357947472016036,0.0002020000179932474
36.0,A32_B4_K8,618.2078530283253,587.2967939363898,A32_B0_K0,30.9110590919355,30.910857091917048,0.00020200001845070286
36.25,A32_B6_K14,672.34965323527,588.3053797947586,A32_B0_K0,84.04427344051146,84.04407144049544,0.0002020000160109405
36.25,A32_B6_K12,660.477500243634,588.3053797947586,A32_B0_K0,72.17212044887549,72.17191844885872,0.00020200001677336623
36.25,A32_B6_K10,649.7397770546065,588.3053797947586,A32_B0_K0,61.43439725984797,61.43419525982998,0.0002020000179932474
36.25,A32_B6_K8,640.2627150680662,588.3053797947586,A32_B0_K0,51.95733527330765,51.9571332732892,0.00020200001845070286
36.25,A32_B4_K10,630.2737547458817,588.3053797947586,A32_B0_K0,41.96837495112311,41.96817295110512,0.0002020000179932474
36.25,A32_B4_K8,618.8732132735696,588.3053797947586,A32_B0_K0,30.567833478811053,30.567631478792602,0.00020200001845070286
36.5,A32_B6_K14,672.8304506309373,589.310686767641,A16_B0_K8,83.51976386329636,83.5195618632831,0.00020200001326620785
36.5,A32_B6_K12,660.9958423566693,589.310686767641,A16_B0_K8,71.68515558902834,71.68495358901431,0.00020200001402863356
36.5,A32_B6_K10,650.2950838477614,589.310686767641,A16_B0_K8,60.9843970801204,60.98419508010515,0.00020200001524851475
36.5,A32_B6_K8,640.8525235883156,589.310686767641,A16_B0_K8,51.54183682067469,51.54163482065868,0.0002020000160109405
36.5,A32_B4_K10,630.8925660833395,589.310686767641,A16_B0_K8,41.58187931569853,41.58167731568328,0.00020200001524851475
36.5,A32_B4_K8,619.5395506785122,589.310686767641,A16_B0_K8,30.22886391087127,30.22866191085526,0.0002020000160109405
36.75,A32_B6_K14,673.306830030511,589.6082864838122,A16_B0_K8,83.69854354669883,83.69834154668557,0.00020200001326620785
36.75,A32_B6_K12,661.5141844697046,589.6082864838122,A16_B0_K8,71.90589798589235,71.90569598587832,0.00020200001402863356
36.75,A32_B6_K10,650.850390640916,589.6082864838122,A16_B0_K8,61.24210415710377,61.24190215708852,0.00020200001524851475
36.75,A32_B6_K8,641.4423321085651,589.6082864838122,A16_B0_K8,51.83404562475289,51.83384362473688,0.0002020000160109405
36.75,A32_B4_K10,631.5113774207974,589.6082864838122,A16_B0_K8,41.90309093698522,41.90288893696997,0.00020200001524851475
36.75,A32_B4_K8,620.205888083455,589.6082864838122,A16_B0_K8,30.597601599642758,30.597399599626748,0.0002020000160109405
37.0,A32_B6_K14,673.7799909483138,589.9130708371415,A16_B0_K8,83.86692011117225,83.86671811115899,0.00020200001326620785
37.0,A32_B6_K12,662.0325265827399,589.9130708371415,A16_B0_K8,72.11945574559843,72.1192537455844,0.00020200001402863356
37.0,A32_B6_K10,651.4056974340708,589.9130708371415,A16_B0_K8,61.49262659692931,61.49242459691406,0.00020200001524851475
37.0,A32_B6_K8,642.0321406288147,589.9130708371415,A16_B0_K8,52.119069791673155,52.118867791657145,0.0002020000160109405
37.0,A32_B4_K10,632.1301887582553,589.9130708371415,A16_B0_K8,42.217117921113754,42.216915921098504,0.00020200001524851475
37.0,A32_B4_K8,620.8722254883976,589.9130708371415,A16_B0_K8,30.959154651256085,30.958952651240075,0.0002020000160109405
37.25,A32_B6_K14,674.2531518661166,590.2178551904708,A16_B0_K8,84.03529667564578,84.03509467563252,0.00020200001326620785
37.25,A32_B6_K12,662.5508686957752,590.2178551904708,A16_B0_K8,72.3330135053044,72.33281150529037,0.00020200001402863356
37.25,A32_B6_K10,651.9610042272255,590.2178551904708,A16_B0_K8,61.743149036754744,61.742947036739494,0.00020200001524851475
37.25,A32_B6_K8,642.6219491490641,590.2178551904708,A16_B0_K8,52.40409395859331,52.4038919585773,0.0002020000160109405
37.25,A32_B4_K10,632.7490000957131,590.2178551904708,A16_B0_K8,42.531144905242286,42.530942905227036,0.00020200001524851475
37.25,A32_B4_K8,621.5385628933403,590.2178551904708,A16_B0_K8,31.320707702869527,31.320505702853517,0.0002020000160109405
37.5,A32_B6_K14,674.7263127839194,590.5226395438001,A16_B0_K8,84.20367324011931,84.20347124010605,0.00020200001326620785
37.5,A32_B6_K12,663.0692108088106,590.5226395438001,A16_B0_K8,72.54657126501047,72.54636926499644,0.00020200001402863356
37.5,A32_B6_K10,652.5163110203803,590.5226395438001,A16_B0_K8,61.993671476580175,61.993469476564925,0.00020200001524851475
37.5,A32_B6_K8,643.2117576693137,590.5226395438001,A16_B0_K8,52.68911812551357,52.68891612549756,0.0002020000160109405
37.5,A32_B4_K10,633.3678114331709,590.5226395438001,A16_B0_K8,42.84517188937082,42.84496988935557,0.00020200001524851475
37.5,A32_B4_K8,622.2049002982831,590.5226395438001,A16_B0_K8,31.682260754482968,31.682058754466958,0.0002020000160109405
37.75,A32_B6_K14,675.1994737017221,590.8274238971294,A16_B0_K8,84.37204980459273,84.37184780457886,0.00020200001387614842
37.75,A32_B6_K12,663.5875529218458,590.8274238971294,A16_B0_K8,72.76012902471643,72.7599270247021,0.00020200001433360386
37.75,A32_B6_K10,653.071617813535,590.8274238971294,A16_B0_K8,62.24419391640561,62.24399191639005,0.00020200001555348504
37.75,A32_B6_K8,643.8015661895631,590.8274238971294,A16_B0_K8,52.974142292433726,52.97394029241741,0.00020200001631591078
37.75,A32_B4_K10,633.9866227706289,590.8274238971294,A16_B0_K8,43.15919887349946,43.15899687348391,0.00020200001555348504
37.75,A32_B4_K8,622.8712377032257,590.8274238971294,A16_B0_K8,32.043813806096296,32.04361180607998,0.00020200001631591078
38.0,A32_B6_K14,675.672634619525,591.1322082504587,A16_B0_K8,84.54042636906627,84.5402243690524,0.00020200001387614842
38.0,A32_B6_K12,664.1058950348811,591.1322082504587,A16_B0_K8,72.9736867844224,72.97348478440806,0.00020200001433360386
38.0,A32_B6_K10,653.6269246066897,591.1322082504587,A16_B0_K8,62.49471635623104,62.49451435621548,0.00020200001555348504
38.0,A32_B6_K8,644.3913747098126,591.1322082504587,A16_B0_K8,53.25916645935388,53.25896445933756,0.00020200001631591078
38.0,A32_B4_K10,634.6054341080867,591.1322082504587,A16_B0_K8,43.473225857627995,43.47302385761244,0.00020200001555348504
38.0,A32_B4_K8,623.5375751081684,591.1322082504587,A16_B0_K8,32.40536685770974,32.40516485769342,0.00020200001631591078
38.25,A32_B6_K14,676.1457955373278,591.4369926037881,A16_B0_K8,84.70880293353969,84.70860093352582,0.00020200001387614842
38.25,A32_B6_K12,664.6242371479163,591.4369926037881,A16_B0_K8,73.18724454412825,73.18704254411391,0.00020200001433360386
38.25,A32_B6_K10,654.1822313998445,591.4369926037881,A16_B0_K8,62.745238796056356,62.7450367960408,0.00020200001555348504
38.25,A32_B6_K8,644.9811832300621,591.4369926037881,A16_B0_K8,53.54419062627403,53.543988626257715,0.00020200001631591078
38.25,A32_B4_K10,635.2242454455444,591.4369926037881,A16_B0_K8,43.7872528417563,43.787050841740744,0.00020200001555348504
38.25,A32_B4_K8,624.2039125131112,591.4369926037881,A16_B0_K8,32.766919909323065,32.76671790930675,0.00020200001631591078
38.5,A32_B6_K14,676.6189564551305,591.7417769571174,A16_B0_K8,84.8771794980131,84.87697749799923,0.00020200001387614842
38.5,A32_B6_K12,665.1425792609517,591.7417769571174,A16_B0_K8,73.40080230383433,73.40060030381999,0.00020200001433360386
38.5,A32_B6_K10,654.7375381929992,591.7417769571174,A16_B0_K8,62.99576123588179,62.99555923586623,0.00020200001555348504
38.5,A32_B6_K8,645.5709917503116,591.7417769571174,A16_B0_K8,53.82921479319418,53.82901279317787,0.00020200001631591078
38.5,A32_B4_K10,635.8430567830023,591.7417769571174,A16_B0_K8,44.101279825884944,44.10107782586939,0.00020200001555348504
38.5,A32_B4_K8,624.8702499180538,591.7417769571174,A16_B0_K8,33.12847296093639,33.12827096092008,0.00020200001631591078
38.75,A32_B6_K14,677.0921173729333,592.0465613104467,A16_B0_K8,85.04555606248664,85.04535406247277,0.00020200001387614842
38.75,A32_B6_K12,665.6609213739871,592.0465613104467,A16_B0_K8,73.6143600635404,73.61415806352606,0.00020200001433360386
38.75,A32_B6_K10,655.292844986154,592.0465613104467,A16_B0_K8,63.24628367570733,63.24608167569178,0.00020200001555348504
38.75,A32_B6_K8,646.1608002705611,592.0465613104467,A16_B0_K8,54.11423896011445,54.11403696009813,0.00020200001631591078
38.75,A32_B4_K10,636.4618681204602,592.0465613104467,A16_B0_K8,44.415306810013476,44.41510480999792,0.00020200001555348504
38.75,A32_B4_K8,625.5365873229964,592.0465613104467,A16_B0_K8,33.49002601254972,33.489824012533404,0.00020200001631591078
39.0,A32_B6_K14,677.5652782907362,592.3513456637761,A16_B0_K8,85.21393262696006,85.21373062694619,0.00020200001387614842
39.0,A32_B6_K12,666.1792634870224,592.3513456637761,A16_B0_K8,73.82791782324625,73.82771582323191,0.00020200001433360386
39.0,A32_B6_K10,655.8481517793088,592.3513456637761,A16_B0_K8,63.49680611553265,63.496604115517094,0.00020200001555348504
39.0,A32_B6_K8,646.7506087908105,592.3513456637761,A16_B0_K8,54.399263127034374,54.39906112701806,0.00020200001631591078
39.0,A32_B4_K10,637.080679457918,592.3513456637761,A16_B0_K8,44.729333794141894,44.72913179412634,0.00020200001555348504
39.0,A32_B4_K8,626.2029247279393,592.3513456637761,A16_B0_K8,33.85157906416316,33.851377064146845,0.00020200001631591078
39.25,A32_B6_K14,678.0384392085389,592.6561300171053,A16_B0_K8,85.38230919143359,85.38210719141972,0.00020200001387614842
39.25,A32_B6_K12,666.6976056000576,592.6561300171053,A16_B0_K8,74.04147558295233,74.04127358293799,0.00020200001433360386
39.25,A32_B6_K10,656.4034585724635,592.6561300171053,A16_B0_K8,63.747328555358195,63.74712655534264,0.00020200001555348504
39.25,A32_B6_K8,647.3404173110602,592.6561300171053,A16_B0_K8,54.68428729395487,54.68408529393855,0.00020200001631591078
39.25,A32_B4_K10,637.6994907953758,592.6561300171053,A16_B0_K8,45.04336077827054,45.043158778254984,0.00020200001555348504
39.25,A32_B4_K8,626.8692621328819,592.6561300171053,A16_B0_K8,34.2131321157766,34.21293011576029,0.00020200001631591078
39.5,A32_B6_K14,678.5116001263416,592.9609143704346,A16_B0_K8,85.55068575590701,85.55048375589314,0.00020200001387614842
39.5,A32_B6_K12,667.2159477130929,592.9609143704346,A16_B0_K8,74.2550333426583,74.25483134264395,0.00020200001433360386
39.5,A32_B6_K10,656.9587653656182,592.9609143704346,A16_B0_K8,63.997850995183626,63.997648995167765,0.00020200001585845534
39.5,A32_B6_K8,647.9302258313096,592.9609143704346,A16_B0_K8,54.96931146087502,54.969109460858704,0.00020200001631591078
39.5,A32_B4_K10,638.3184074961445,592.9609143704346,A16_B0_K8,45.35749312570988,45.35729112569402,0.00020200001585845534
39.5,A32_B4_K8,627.5355995378245,592.9609143704346,A16_B0_K8,34.57468516738993,34.574483167373614,0.00020200001631591078
39.75,A32_B6_K14,678.9847610441444,593.2656987237639,A16_B0_K8,85.71906232038054,85.71886032036667,0.00020200001387614842
39.75,A32_B6_K12,667.7342898261282,593.2656987237639,A16_B0_K8,74.46859110236437,74.46838910235003,0.00020200001433360386
39.75,A32_B6_K10,657.5140721587729,593.2656987237639,A16_B0_K8,64.24837343500906,64.2481714349932,0.00020200001585845534
39.75,A32_B6_K8,648.520034351559,593.2656987237639,A16_B0_K8,55.25433562779517,55.254133627778856,0.00020200001631591078
39.75,A32_B4_K10,638.9373318418637,593.2656987237639,A16_B0_K8,45.67163311809986,45.671431118084,0.00020200001585845534
39.75,A32_B4_K8,628.2019369427674,593.2656987237639,A16_B0_K8,34.936238219003485,34.93603621898717,0.00020200001631591078
40.0,A32_B6_K14,679.4579219619472,593.5704830770933,A16_B0_K8,85.88743888485396,85.88723688484009,0.00020200001387614842
40.0,A32_B6_K12,668.2526319391636,593.5704830770933,A16_B0_K8,74.68214886207033,74.681946862056,0.00020200001433360386
40.0,A32_B6_K10,658.0693789519278,593.5704830770933,A16_B0_K8,64.49889587483449,64.49869387481863,0.00020200001585845534
40.0,A32_B6_K8,649.1098428718085,593.5704830770933,A16_B0_K8,55.53935979471521,55.539157794698895,0.00020200001631591078
40.0,A32_B4_K10,639.556256187583,593.5704830770933,A16_B0_K8,45.98577311048973,45.98557111047387,0.00020200001585845534
40.0,A32_B4_K8,628.8687488972689,593.5704830770933,A16_B0_K8,35.29826582017563,35.298063820159314,0.00020200001631591078
40.25,A32_B6_K14,679.93108287975,593.8752674304226,A16_B0_K8,86.05581544932738,86.05561344931351,0.00020200001387614842
40.25,A32_B6_K12,668.7709740521989,593.8752674304226,A16_B0_K8,74.8957066217763,74.89550462176196,0.00020200001433360386
40.25,A32_B6_K10,658.6246857450824,593.8752674304226,A16_B0_K8,64.7494183146598,64.74921631464395,0.00020200001585845534
40.25,A32_B6_K8,649.6996513920581,593.8752674304226,A16_B0_K8,55.824383961635476,55.82418196161916,0.00020200001631591078
40.25,A32_B4_K10,640.1751805333024,593.8752674304226,A16_B0_K8,46.29991310287983,46.29971110286397,0.00020200001585845534
40.25,A32_B4_K8,629.5360403861732,593.8752674304226,A16_B0_K8,35.660772955750645,35.66057095573433,0.00020200001631591078
40.5,A32_B6_K14,680.4042437975529,594.1830661456034,A16_B0_K8,86.22117765194946,86.22097565193559,0.00020200001387614842
40.5,A32_B6_K12,669.2893161652341,594.1830661456034,A16_B0_K8,75.10625001963069,75.10604801961635,0.00020200001433360386
40.5,A32_B6_K10,659.1799925382372,594.1830661456034,A16_B0_K8,64.99692639263378,64.99672439261792,0.00020200001585845534
40.5,A32_B6_K8,650.2894599123075,594.1830661456034,A16_B0_K8,56.10639376670406,56.10619176668774,0.00020200001631591078
40.5,A32_B4_K10,640.7941048790217,594.1830661456034,A16_B0_K8,46.61103873341824,46.61083673340238,0.00020200001585845534
40.5,A32_B4_K8,630.2033318750775,594.1830661456034,A16_B0_K8,36.02026572947409,36.020063729457775,0.00020200001631591078
40.75,A32_B6_K14,680.8774047153556,594.505051062258,A16_B0_K8,86.37235365309766,86.37215165308379,0.00020200001387614842
40.75,A32_B6_K12,669.8076582782695,594.505051062258,A16_B0_K8,75.30260721601155,75.30240521599721,0.00020200001433360386
40.75,A32_B6_K10,659.735299331392,594.505051062258,A16_B0_K8,65.230248269134,65.23004626911813,0.00020200001585845534
40.75,A32_B6_K8,650.8792684325571,594.505051062258,A16_B0_K8,56.37421737029911,56.37401537028279,0.00020200001631591078
40.75,A32_B4_K10,641.413029224741,594.505051062258,A16_B0_K8,46.907978162483005,46.907776162467144,0.00020200001585845534
40.75,A32_B4_K8,630.8706233639821,594.505051062258,A16_B0_K8,36.365572301724114,36.3653703017078,0.00020200001631591078
41.0,A32_B6_K14,681.3505656331583,594.8270359789127,A16_B0_K8,86.52352965424564,86.52332765423176,0.00020200001387614842
41.0,A32_B6_K12,670.3260003913048,594.8270359789127,A16_B0_K8,75.49896441239207,75.49876241237743,0.00020200001463857416
41.0,A32_B6_K10,660.2906061245467,594.8270359789127,A16_B0_K8,65.46357014563398,65.46336814561812,0.00020200001585845534
41.0,A32_B6_K8,651.4690769528065,594.8270359789127,A16_B0_K8,56.64204097389381,56.6418389738775,0.00020200001631591078
41.0,A32_B4_K10,642.0319535704602,594.8270359789127,A16_B0_K8,47.20491759154754,47.20471559153168,0.00020200001585845534
41.0,A32_B4_K8,631.5379148528864,594.8270359789127,A16_B0_K8,36.710878873973684,36.71067687395737,0.00020200001631591078
41.25,A32_B6_K14,681.8237265509612,595.1490208955673,A16_B0_K8,86.67470565539384,86.67450365537997,0.00020200001387614842
41.25,A32_B6_K12,670.8443425043401,595.1490208955673,A16_B0_K8,75.69532160877282,75.69511960875818,0.00020200001463857416
41.25,A32_B6_K10,660.8459129177015,595.1490208955673,A16_B0_K8,65.6968920221342,65.69669002211833,0.00020200001585845534
41.25,A32_B6_K8,652.0588854730561,595.1490208955673,A16_B0_K8,56.90986457748875,56.90966257747243,0.00020200001631591078
41.25,A32_B4_K10,642.6508779161795,595.1490208955673,A16_B0_K8,47.50185702061219,47.50165502059633,0.00020200001585845534
41.25,A32_B4_K8,632.2052063417908,595.1490208955673,A16_B0_K8,37.05618544622348,37.055983446207165,0.00020200001631591078
41.5,A32_B6_K14,682.296887468764,595.4710058122218,A16_B0_K8,86.82588165654215,86.82567965652828,0.00020200001387614842
41.5,A32_B6_K12,671.3626846173754,595.4710058122218,A16_B0_K8,75.89167880515356,75.89147680513892,0.00020200001463857416
41.5,A32_B6_K10,661.4012197108563,595.4710058122218,A16_B0_K8,65.9302138986344,65.93001189861855,0.00020200001585845534
41.5,A32_B6_K8,652.6486939933055,595.4710058122218,A16_B0_K8,57.17768818108368,57.177486181067366,0.00020200001631591078
41.5,A32_B4_K10,643.2698022618988,595.4710058122218,A16_B0_K8,47.798796449676956,47.798594449661095,0.00020200001585845534
41.5,A32_B4_K8,632.8725298203199,595.4710058122218,A16_B0_K8,37.40152400809802,37.401322008081706,0.00020200001631591078
41.75,A32_B6_K14,682.7700483865667,595.7929907288764,A16_B0_K8,86.97705765769035,86.97685565767648,0.00020200001387614842
41.75,A32_B6_K12,671.8810267304107,595.7929907288764,A16_B0_K8,76.0880360015343,76.08783400151967,0.00020200001463857416
41.75,A32_B6_K10,661.956526504011,595.7929907288764,A16_B0_K8,66.16353577513462,66.16333377511876,0.00020200001585845534
41.75,A32_B6_K8,653.238502513555,595.7929907288764,A16_B0_K8,57.445511784678615,57.4453097846623,0.00020200001631591078
41.75,A32_B4_K10,643.8887266076181,595.7929907288764,A16_B0_K8,48.09573587874172,48.09553387872586,0.00020200001585845534
41.75,A32_B4_K8,633.5398586025563,595.7929907288764,A16_B0_K8,37.74686787367989,37.746665873663574,0.00020200001631591078
42.0,A32_B6_K14,683.2432093043695,596.1149756455311,A16_B0_K8,87.12823365883844,87.12803165882457,0.00020200001387614842
42.0,A32_B6_K12,672.3993688434459,596.1149756455311,A16_B0_K8,76.28439319791482,76.28419119790018,0.00020200001463857416
42.0,A32_B6_K10,662.5118332971657,596.1149756455311,A16_B0_K8,66.3968576516346,66.39665565161874,0.00020200001585845534
42.0,A32_B6_K8,653.8283110338045,596.1149756455311,A16_B0_K8,57.713335388273435,57.71313338825712,0.00020200001631591078
42.0,A32_B4_K10,644.5076509533374,596.1149756455311,A16_B0_K8,48.39267530780626,48.3924733077904,0.00020200001585845534
42.0,A32_B4_K8,634.2071873847926,596.1149756455311,A16_B0_K8,38.09221173926153,38.09200973924521,0.00020200001631591078
42.25,A32_B6_K14,683.7163702221724,596.4369605621856,A16_B0_K8,87.27940965998675,87.27920765997288,0.00020200001387614842
42.25,A32_B6_K12,672.9177109564813,596.4369605621856,A16_B0_K8,76.48075039429568,76.48054839428104,0.00020200001463857416
42.25,A32_B6_K10,663.0671400903204,596.4369605621856,A16_B0_K8,66.63017952813482,66.62997752811896,0.00020200001585845534
42.25,A32_B6_K8,654.418119554054,596.4369605621856,A16_B0_K8,57.98115899186837,57.98095699185175,0.00020200001662088108
42.25,A32_B4_K10,645.1265752990566,596.4369605621856,A16_B0_K8,48.68961473687102,48.68941273685516,0.00020200001585845534
42.25,A32_B4_K8,634.8745161670289,596.4369605621856,A16_B0_K8,38.43755560484328,38.43735360482651,0.00020200001677336623
42.5,A32_B6_K14,684.1886530475272,596.7589454788401,A16_B0_K8,87.42970756868704,87.42950556867316,0.00020200001387614842
42.5,A32_B6_K12,673.4360530695167,596.7589454788401,A16_B0_K8,76.67710759067654,76.6769055906619,0.00020200001463857416
42.5,A32_B6_K10,663.6224468834752,596.7589454788401,A16_B0_K8,66.86350140463503,66.86329940461917,0.00020200001585845534
42.5,A32_B6_K8,655.0080464117549,596.7589454788401,A16_B0_K8,58.24910093291476,58.248898932898136,0.00020200001662088108
42.5,A32_B4_K10,645.7454996447759,596.7589454788401,A16_B0_K8,48.986554165935786,48.986352165919925,0.00020200001585845534
42.5,A32_B4_K8,635.5418449492652,596.7589454788401,A16_B0_K8,38.782899470425036,38.782697470408266,0.00020200001677336623
42.75,A32_B6_K14,684.6608986821268,597.0809303954948,A16_B0_K8,87.57996828663204,87.57976628661817,0.00020200001387614842
42.75,A32_B6_K12,673.9543951825519,597.0809303954948,A16_B0_K8,76.87346478705717,76.87326278704253,0.00020200001463857416
42.75,A32_B6_K10,664.17233255163,597.0809303954948,A16_B0_K8,67.09140215613525,67.09120015611938,0.00020200001585845534
42.75,A32_B6_K8,655.5982831960548,597.0809303954948,A16_B0_K8,58.51735280056005,58.517150800543426,0.00020200001662088108
42.75,A32_B4_K10,646.3644239904953,597.0809303954948,A16_B0_K8,49.28349359500055,49.28329159498469,0.00020200001585845534
42.75,A32_B4_K8,636.2091737315016,597.0809303954948,A16_B0_K8,39.12824333600679,39.12804133599002,0.00020200001677336623
43.0,A32_B6_K14,685.1331443167265,597.4029153121494,A16_B0_K8,87.73022900457715,87.73002700456328,0.00020200001387614842
43.0,A32_B6_K12,674.4727372955872,597.4029153121494,A16_B0_K8,77.0698219834378,77.06961998342317,0.00020200001463857416
43.0,A32_B6_K10,664.7212516364514,597.4029153121494,A16_B0_K8,67.31833632430198,67.31813432428612,0.00020200001585845534
43.0,A32_B6_K8,656.1890297116747,597.4029153121494,A16_B0_K8,58.78611439952533,58.78591239950871,0.00020200001662088108
43.0,A32_B4_K10,646.9833483362146,597.4029153121494,A16_B0_K8,49.5804330240652,49.58023102404934,0.00020200001585845534
43.0,A32_B4_K8,636.8765025137379,597.4029153121494,A16_B0_K8,39.47358720158854,39.47338520157177,0.00020200001677336623
43.25,A32_B6_K14,685.6053899513263,597.724900228804,A16_B0_K8,87.88048972252227,87.88028772250824,0.00020200001402863356
43.25,A32_B6_K12,674.9911579030866,597.724900228804,A16_B0_K8,77.26625767428254,77.2660556742679,0.00020200001463857416
43.25,A32_B6_K10,665.2701707212727,597.724900228804,A16_B0_K8,67.54527049246872,67.54506849245286,0.00020200001585845534
43.25,A32_B6_K8,656.7816893375775,597.724900228804,A16_B0_K8,59.0567891087735,59.05658710875688,0.00020200001662088108
43.25,A32_B4_K10,647.6022726819339,597.724900228804,A16_B0_K8,49.87737245312985,49.87717045311399,0.00020200001585845534
43.25,A32_B4_K8,637.5453831133481,597.724900228804,A16_B0_K8,39.82048288454405,39.82028088452728,0.00020200001677336623
43.5,A32_B6_K14,686.0776355859259,598.0468851454586,A16_B0_K8,88.03075044046727,88.03054844045325,0.00020200001402863356
43.5,A32_B6_K12,675.5095944605451,598.0468851454586,A16_B0_K8,77.4627093150865,77.46250731507186,0.00020200001463857416
43.5,A32_B6_K10,665.8190898060941,598.0468851454586,A16_B0_K8,67.77220466063545,67.77200266061959,0.00020200001585845534
43.5,A32_B6_K8,657.3743489634803,598.0468851454586,A16_B0_K8,59.32746381802167,59.32726181800505,0.00020200001662088108
43.5,A32_B4_K10,648.2211970276531,598.0468851454586,A16_B0_K8,50.1743118821945,50.17410988217864,0.00020200001585845534
43.5,A32_B4_K8,638.2204449173934,598.0468851454586,A16_B0_K8,40.17355977193472,40.17335777191795,0.00020200001677336623
43.75,A32_B6_K14,686.5498812205255,598.3688700621133,A16_B0_K8,88.18101115841228,88.18080915839825,0.00020200001402863356
43.75,A32_B6_K12,676.0280310180037,598.3688700621133,A16_B0_K8,77.65916095589046,77.65895895587582,0.00020200001463857416
43.75,A32_B6_K10,666.3680088909156,598.3688700621133,A16_B0_K8,67.9991388288023,67.99893682878644,0.00020200001585845534
43.75,A32_B6_K8,657.9672370881633,598.3688700621133,A16_B0_K8,59.59836702605003,59.598165026033406,0.00020200001662088108
43.75,A32_B4_K10,648.8401213733725,598.3688700621133,A16_B0_K8,50.471251311259266,50.471049311243405,0.00020200001585845534
43.75,A32_B4_K8,638.89641502872,598.3688700621133,A16_B0_K8,40.52754496660668,40.52734296658991,0.00020200001677336623
44.0,A32_B6_K14,687.0221268551252,598.6908549787679,A16_B0_K8,88.33127187635728,88.33106987634325,0.00020200001402863356
44.0,A32_B6_K12,676.5464675754623,598.6908549787679,A16_B0_K8,77.85561259669441,77.85541059667977,0.00020200001463857416
44.0,A32_B6_K10,666.916927975737,598.6908549787679,A16_B0_K8,68.22607299696915,68.22587099695329,0.00020200001585845534
44.0,A32_B6_K8,658.5606960794652,598.6908549787679,A16_B0_K8,59.86984110069727,59.86963910068065,0.00020200001662088108
44.0,A32_B4_K10,649.4590457190918,598.6908549787679,A16_B0_K8,50.76819074032392,50.767988740308056,0.00020200001585845534
44.0,A32_B4_K8,639.5723851400467,598.6908549787679,A16_B0_K8,40.88153016127876,40.88132816126199,0.00020200001677336623
44.25,A32_B6_K14,687.4943724897248,599.0128398954224,A16_B0_K8,88.4815325943024,88.48133059428837,0.00020200001402863356
44.25,A32_B6_K12,677.0649041329209,599.0128398954224,A16_B0_K8,78.05206423749848,78.05186223748369,0.0002020000147910593
44.25,A32_B6_K10,667.4658470605584,599.0128398954224,A16_B0_K8,68.453007165136,68.45280516512014,0.00020200001585845534
44.25,A32_B6_K8,659.1543547651945,599.0128398954224,A16_B0_K8,60.141514869772095,60.141312869755474,0.00020200001662088108
44.25,A32_B4_K10,650.0779700648111,599.0128398954224,A16_B0_K8,51.06513016938868,51.06492816937282,0.00020200001585845534
44.25,A32_B4_K8,640.2480176353691,599.0128398954224,A16_B0_K8,41.23517773994672,41.23497573992995,0.00020200001677336623
44.5,A32_B6_K14,687.9666181243246,599.334824812077,A16_B0_K8,88.63179331224751,88.63159131223348,0.00020200001402863356
44.5,A32_B6_K12,677.5833406903794,599.334824812077,A16_B0_K8,78.24851587830233,78.24831387828753,0.0002020000147910593
44.5,A32_B6_K10,668.0155265627585,599.334824812077,A16_B0_K8,68.68070175068146,68.6804997506656,0.00020200001585845534
44.5,A32_B6_K8,659.7480134509237,599.334824812077,A16_B0_K8,60.41318863884669,60.41298663883007,0.00020200001662088108
44.5,A32_B4_K10,650.6968944105304,599.334824812077,A16_B0_K8,51.36206959845333,51.36186759843747,0.00020200001585845534
44.5,A32_B4_K8,640.9202662118187,599.334824812077,A16_B0_K8,41.585441399741626,41.585239399724856,0.00020200001677336623
44.75,A32_B6_K14,688.4388637589242,599.6568097287317,A16_B0_K8,88.78205403019251,88.78185203017848,0.00020200001402863356
44.75,A32_B6_K12,678.1017772478381,599.6568097287317,A16_B0_K8,78.4449675191064,78.4447655190916,0.0002020000147910593
44.75,A32_B6_K10,668.5711023008496,599.6568097287317,A16_B0_K8,68.91429257211792,68.9140905721019,0.0002020000160109405
44.75,A32_B6_K8,660.3416721366531,599.6568097287317,A16_B0_K8,60.6848624079214,60.68466040790463,0.00020200001677336623
44.75,A32_B4_K10,651.3158187562497,599.6568097287317,A16_B0_K8,51.65900902751798,51.65880702750197,0.0002020000160109405
44.75,A32_B4_K8,641.5925147882683,599.6568097287317,A16_B0_K8,41.935705059536645,41.935503059519874,0.00020200001677336623
45.0,A32_B6_K14,688.9111093935238,599.9787946453863,A16_B0_K8,88.93231474813751,88.93211274812349,0.00020200001402863356
45.0,A32_B6_K12,678.6202138052965,599.9787946453863,A16_B0_K8,78.64141915991024,78.64121715989545,0.0002020000147910593
45.0,A32_B6_K10,669.1266780389407,599.9787946453863,A16_B0_K8,69.14788339355437,69.14768139353835,0.0002020000160109405
45.0,A32_B6_K8,660.9353308223824,599.9787946453863,A16_B0_K8,60.95653617699611,60.95633417697934,0.00020200001677336623
45.0,A32_B4_K10,651.9347431019689,599.9787946453863,A16_B0_K8,51.95594845658263,51.95574645656662,0.0002020000160109405
45.0,A32_B4_K8,642.264763364718,599.9787946453863,A16_B0_K8,42.28596871933166,42.28576671931489,0.00020200001677336623
45.25,A32_B6_K14,689.3833550281236,600.3007795620408,A16_B0_K8,89.08257546608274,89.08237346606872,0.00020200001402863356
45.25,A32_B6_K12,679.138650362755,600.3007795620408,A16_B0_K8,78.8378708007142,78.8376688006994,0.0002020000147910593
45.25,A32_B6_K10,669.6822537770317,600.3007795620408,A16_B0_K8,69.38147421499093,69.38127221497491,0.0002020000160109405
45.25,A32_B6_K8,661.5289895081116,600.3007795620408,A16_B0_K8,61.22820994607082,61.22800794605405,0.00020200001677336623
45.25,A32_B4_K10,652.5536674476882,600.3007795620408,A16_B0_K8,52.2528878856474,52.25268588563139,0.0002020000160109405
45.25,A32_B4_K8,642.9370119411676,600.3007795620408,A16_B0_K8,42.636232379126795,42.636030379110025,0.00020200001677336623
45.5,A32_B6_K14,689.8556006627232,600.6227644786954,A16_B0_K8,89.23283618402775,89.23263418401372,0.00020200001402863356
45.5,A32_B6_K12,679.6570869202137,600.6227644786954,A16_B0_K8,79.03432244151827,79.03412044150348,0.0002020000147910593
45.5,A32_B6_K10,670.2378295151229,600.6227644786954,A16_B0_K8,69.6150650364275,69.61486303641148,0.0002020000160109405
45.5,A32_B6_K8,662.122648193841,600.6227644786954,A16_B0_K8,61.49988371514553,61.49968171512876,0.00020200001677336623
45.5,A32_B4_K10,653.1725917934075,600.6227644786954,A16_B0_K8,52.54982731471205,52.54962531469604,0.0002020000160109405
45.5,A32_B4_K8,643.6092605176171,600.6227644786954,A16_B0_K8,42.9864960389217,42.98629403890493,0.00020200001677336623
45.75,A32_B6_K14,690.3278462973228,600.9447493953501,A16_B0_K8,89.38309690197275,89.38289490195872,0.00020200001402863356
45.75,A32_B6_K12,680.1755234776722,600.9447493953501,A16_B0_K8,79.23077408232211,79.23057208230732,0.0002020000147910593
45.75,A32_B6_K10,670.793405253214,600.9447493953501,A16_B0_K8,69.84865585786395,69.84845385784793,0.0002020000160109405
45.75,A32_B6_K8,662.7163068795703,600.9447493953501,A16_B0_K8,61.77155748422024,61.77135548420347,0.00020200001677336623
45.75,A32_B4_K10,653.7915161391269,600.9447493953501,A16_B0_K8,52.84676674377681,52.8465647437608,0.0002020000160109405
45.75,A32_B4_K8,644.2815090940668,600.9447493953501,A16_B0_K8,43.33675969871672,43.33655769869995,0.00020200001677336623
46.0,A32_B6_K14,690.8000919319225,601.2667343120046,A16_B0_K8,89.53335761991787,89.53315561990384,0.00020200001402863356
46.0,A32_B6_K12,680.6888395673391,601.2667343120046,A16_B0_K8,79.42210525533449,79.42190325531969,0.0002020000147910593
46.0,A32_B6_K10,671.3453264000516,601.2667343120046,A16_B0_K8,70.078592088047,70.07839008803099,0.0002020000160109405
46.0,A32_B6_K8,663.3099655652995,601.2667343120046,A16_B0_K8,62.04323125329495,62.04302925327818,0.00020200001677336623
46.0,A32_B4_K10,654.4041115311235,601.2667343120046,A16_B0_K8,53.13737721911889,53.13717521910288,0.0002020000160109405
46.0,A32_B4_K8,644.9435167339745,601.2667343120046,A16_B0_K8,43.67678242196996,43.67658042195319,0.00020200001677336623
46.25,A32_B6_K14,691.2723375665221,601.592032164275,A16_B0_K8,89.68030540224709,89.68010340223306,0.00020200001402863356
46.25,A32_B6_K12,681.19967107923,601.592032164275,A16_B0_K8,79.60763891495503,79.60743691494024,0.0002020000147910593
46.25,A32_B6_K10,671.8950058547962,601.592032164275,A16_B0_K8,70.30297369052118,70.30277169050517,0.0002020000160109405
46.25,A32_B6_K8,663.903624251029,601.592032164275,A16_B0_K8,62.31159208675399,62.31139008673722,0.00020200001677336623
46.25,A32_B4_K10,655.0118530308057,601.592032164275,A16_B0_K8,53.4198208665307,53.41961886651469,0.0002020000160109405
46.25,A32_B4_K8,645.601820361493,601.592032164275,A16_B0_K8,44.00978819721797,44.0095861972012,0.00020200001677336623
46.5,A32_B6_K14,691.7445832011218,601.9201867664652,A16_B0_K8,89.82439643465659,89.82419443464256,0.00020200001402863356
46.5,A32_B6_K12,681.7105025911208,601.9201867664652,A16_B0_K8,79.79031582465552,79.79011382464073,0.0002020000147910593
46.5,A32_B6_K10,672.4446853095408,601.9201867664652,A16_B0_K8,70.52449854307554,70.52429654305952,0.0002020000160109405
46.5,A32_B6_K8,664.4972829367582,601.9201867664652,A16_B0_K8,62.577096170292975,62.576894170276205,0.00020200001677336623
46.5,A32_B4_K10,655.622585265653,601.9201867664652,A16_B0_K8,53.70239849918778,53.70219649917161,0.00020200001616342564
46.5,A32_B4_K8,646.2604997994758,601.9201867664652,A16_B0_K8,44.3403130330106,44.34011103299383,0.00020200001677336623
46.75,A32_B6_K14,692.2168288357215,602.2497096692956,A16_B0_K8,89.96711916642585,89.9669171664115,0.00020200001433360386
46.75,A32_B6_K12,682.2213341030117,602.2497096692956,A16_B0_K8,79.9716244337161,79.9714224337013,0.0002020000147910593
46.75,A32_B6_K10,672.9943647642854,602.2497096692956,A16_B0_K8,70.74465509498975,70.74445309497374,0.0002020000160109405
46.75,A32_B6_K8,665.0921181655583,602.2497096692956,A16_B0_K8,62.84240849626269,62.84220649624592,0.00020200001677336623
46.75,A32_B4_K10,656.2333537565052,602.2497096692956,A16_B0_K8,53.98364408720954,53.983442087193374,0.00020200001616342564
46.75,A32_B4_K8,646.9191792374588,602.2497096692956,A16_B0_K8,44.66946956816321,44.66926756814644,0.00020200001677336623
47.0,A32_B6_K14,692.6890744703212,602.5925635061499,A16_B0_K8,90.09651096417133,90.09630896415699,0.00020200001433360386
47.0,A32_B6_K12,682.7321656149026,602.5925635061499,A16_B0_K8,80.13960210875268,80.13940010873789,0.0002020000147910593
47.0,A32_B6_K10,673.5440442190297,602.5925635061499,A16_B0_K8,70.95148071287986,70.95127871286384,0.0002020000160109405
47.0,A32_B6_K8,665.688190502364,602.5925635061499,A16_B0_K8,63.09562699621415,63.09542499619738,0.00020200001677336623
47.0,A32_B4_K10,656.8441222473573,602.5925635061499,A16_B0_K8,54.25155874120742,54.25135674119125,0.00020200001616342564
47.0,A32_B4_K8,647.5778586754417,602.5925635061499,A16_B0_K8,44.98529516929182,44.985093169275046,0.00020200001677336623
47.25,A32_B6_K14,693.1613201049208,602.935417343004,A16_B0_K8,90.22590276191681,90.22570076190247,0.00020200001433360386
47.25,A32_B6_K12,683.2429971267934,602.935417343004,A16_B0_K8,80.30757978378938,80.30737778377458,0.0002020000147910593
47.25,A32_B6_K10,674.0937236737743,602.935417343004,A16_B0_K8,71.1583063307703,71.15810433075428,0.0002020000160109405
47.25,A32_B6_K8,666.2842628391699,602.935417343004,A16_B0_K8,63.348845496165836,63.348643496149066,0.00020200001677336623
47.25,A32_B4_K10,657.4548907382093,602.935417343004,A16_B0_K8,54.519473395205296,54.51927139518913,0.00020200001616342564
47.25,A32_B4_K8,648.2365381134246,602.935417343004,A16_B0_K8,45.30112077042054,45.30091877040377,0.00020200001677336623
47.5,A32_B6_K14,693.6335657395205,603.2782711798582,A16_B0_K8,90.3552945596623,90.35509255964796,0.00020200001433360386
47.5,A32_B6_K12,683.7538286386842,603.2782711798582,A16_B0_K8,80.47555745882607,80.47535545881128,0.0002020000147910593
47.5,A32_B6_K10,674.6434031285189,603.2782711798582,A16_B0_K8,71.36513194866075,71.36492994864473,0.0002020000160109405
47.5,A32_B6_K8,666.8803351759757,603.2782711798582,A16_B0_K8,63.60206399611752,63.60186199610075,0.00020200001677336623
47.5,A32_B4_K10,658.0656592290616,603.2782711798582,A16_B0_K8,54.7873880492034,54.787186049187234,0.00020200001616342564
47.5,A32_B4_K8,648.8952175514074,603.2782711798582,A16_B0_K8,45.61694637154926,45.61674437153249,0.00020200001677336623
47.75,A32_B6_K14,694.1058113741202,603.6211250167123,A16_B0_K8,90.4846863574079,90.48448435739355,0.00020200001433360386
47.75,A32_B6_K12,684.2646601505751,603.6211250167123,A16_B0_K8,80.64353513386277,80.64333313384797,0.0002020000147910593
47.75,A32_B6_K10,675.1930825832635,603.6211250167123,A16_B0_K8,71.57195756655119,71.57175556653488,0.00020200001631591078
47.75,A32_B6_K8,667.4764075127814,603.6211250167123,A16_B0_K8,63.855282496069094,63.855080496052324,0.00020200001677336623
47.75,A32_B4_K10,658.6764277199136,603.6211250167123,A16_B0_K8,55.05530270320128,55.05510070318511,0.00020200001616342564
47.75,A32_B4_K8,649.5538969893903,603.6211250167123,A16_B0_K8,45.93277197267798,45.93256997266121,0.00020200001677336623
48.0,A32_B6_K14,694.5780570087198,603.9639788535665,A16_B0_K8,90.61407815515338,90.61387615513904,0.00020200001433360386
48.0,A32_B6_K12,684.775491662466,603.9639788535665,A16_B0_K8,80.81151280889958,80.81131080888478,0.0002020000147910593
48.0,A32_B6_K10,675.742762038008,603.9639788535665,A16_B0_K8,71.77878318444152,71.7785811844252,0.00020200001631591078
48.0,A32_B6_K8,668.0724798495871,603.9639788535665,A16_B0_K8,64.10850099602067,64.1082989960039,0.00020200001677336623
48.0,A32_B4_K10,659.2884076071633,603.9639788535665,A16_B0_K8,55.32442875359686,55.324226753580696,0.00020200001616342564
48.0,A32_B4_K8,650.2125764273733,603.9639788535665,A16_B0_K8,46.24859757380682,46.24839557379005,0.00020200001677336623
48.25,A32_B6_K14,695.0503026433195,604.3068326904206,A16_B0_K8,90.74346995289886,90.74326795288452,0.00020200001433360386
48.25,A32_B6_K12,685.2863231743568,604.3068326904206,A16_B0_K8,80.97949048393616,80.97928848392137,0.0002020000147910593
48.25,A32_B6_K10,676.2924414927526,604.3068326904206,A16_B0_K8,71.98560880233197,71.98540680231565,0.00020200001631591078
48.25,A32_B6_K8,668.6685521863928,604.3068326904206,A16_B0_K8,64.36171949597224,64.36151749595547,0.00020200001677336623
48.25,A32_B4_K10,659.9011243476806,604.3068326904206,A16_B0_K8,55.59429165725999,55.59408965724382,0.00020200001616342564
48.25,A32_B4_K8,650.8712558653561,604.3068326904206,A16_B0_K8,46.56442317493554,46.56422117491877,0.00020200001677336623
48.5,A32_B6_K14,695.5225482779192,604.6496865272748,A16_B0_K8,90.87286175064446,90.87265975063012,0.00020200001433360386
48.5,A32_B6_K12,685.7971546862477,604.6496865272748,A16_B0_K8,81.14746815897297,81.14726615895817,0.0002020000147910593
48.5,A32_B6_K10,676.842120947497,604.6496865272748,A16_B0_K8,72.1924344202223,72.19223242020598,0.00020200001631591078
48.5,A32_B6_K8,669.2646245231988,604.6496865272748,A16_B0_K8,64.61493799592404,64.61473599590727,0.00020200001677336623
48.5,A32_B4_K10,660.5138410881978,604.6496865272748,A16_B0_K8,55.864154560923,55.86395256090683,0.00020200001616342564
48.5,A32_B4_K8,651.529935303339,604.6496865272748,A16_B0_K8,46.88024877606426,46.88004677604749,0.00020200001677336623
48.75,A32_B6_K14,695.9947939125188,604.9955036873878,A16_B0_K8,90.99929022513106,90.99908822511672,0.00020200001433360386
48.75,A32_B6_K12,686.3079861981386,604.9955036873878,A16_B0_K8,81.31248251075078,81.31228051073599,0.0002020000147910593
48.75,A32_B6_K10,677.3918004022418,604.9955036873878,A16_B0_K8,72.39629671485397,72.39609471483766,0.00020200001631591078
48.75,A32_B6_K8,669.8621647064081,604.9955036873878,A16_B0_K8,64.86666101902028,64.86645901900351,0.00020200001677336623
48.75,A32_B4_K10,661.126557828715,604.9955036873878,A16_B0_K8,56.13105414132724,56.130852141311074,0.00020200001616342564
48.75,A32_B4_K8,652.1886147413219,604.9955036873878,A16_B0_K8,47.1931110539341,47.19290905391733,0.00020200001677336623
49.0,A32_B6_K14,696.4670395471185,605.3556679322206,A16_B0_K8,91.11137161489785,91.11116961488351,0.00020200001433360386
49.0,A32_B6_K12,686.8188177100294,605.3556679322206,A16_B0_K8,81.46314977780878,81.46294777779399,0.0002020000147910593
49.0,A32_B6_K10,677.9414798569862,605.3556679322206,A16_B0_K8,72.58581192476561,72.58560992474929,0.00020200001631591078
49.0,A32_B6_K8,670.4597523099451,605.3556679322206,A16_B0_K8,65.10408437772446,65.10388237770769,0.00020200001677336623
49.0,A32_B4_K10,661.7392745692323,605.3556679322206,A16_B0_K8,56.38360663701167,56.3834046369955,0.00020200001616342564
49.0,A32_B4_K8,652.8482712237296,605.3556679322206,A16_B0_K8,47.492603291509,47.49240129149223,0.00020200001677336623
49.25,A32_B6_K14,696.9392851817181,605.7189371604198,A16_B0_K8,91.22034802129826,91.22014602128392,0.00020200001433360386
49.25,A32_B6_K12,687.3296492219202,605.7189371604198,A16_B0_K8,81.61071206150041,81.61051006148531,0.0002020000150960296
49.25,A32_B6_K10,678.4911593117308,605.7189371604198,A16_B0_K8,72.77222215131098,72.77202015129467,0.00020200001631591078
49.25,A32_B6_K8,671.0573421580971,605.7189371604198,A16_B0_K8,65.33840499767723,65.33820299766046,0.00020200001677336623
49.25,A32_B4_K10,662.3519913097496,605.7189371604198,A16_B0_K8,56.63305414932972,56.63285214931356,0.00020200001616342564
49.25,A32_B4_K8,653.5083518200541,605.7189371604198,A16_B0_K8,47.7894146596343,47.78921265961753,0.00020200001677336623
49.5,A32_B6_K14,697.4115308163177,606.0822063886189,A16_B0_K8,91.3293244276988,91.32912242768445,0.00020200001433360386
49.5,A32_B6_K12,687.8404807338111,606.0822063886189,A16_B0_K8,81.75827434519215,81.75807234517706,0.0002020000150960296
49.5,A32_B6_K10,679.0408387664753,606.0822063886189,A16_B0_K8,72.95863237785636,72.95843037784005,0.00020200001631591078
49.5,A32_B6_K8,671.6551390389382,606.0822063886189,A16_B0_K8,65.57293265031922,65.57273065030245,0.00020200001677336623
49.5,A32_B4_K10,662.9647080502668,606.0822063886189,A16_B0_K8,56.88250166164789,56.88229966163173,0.00020200001616342564
49.5,A32_B4_K8,654.1684324163787,606.0822063886189,A16_B0_K8,48.08622602775972,48.08602402774295,0.00020200001677336623
49.75,A32_B6_K14,697.8838001818906,606.445475616818,A16_B0_K8,91.43832456507255,91.43812256505821,0.00020200001433360386
49.75,A32_B6_K12,688.3513122457019,606.445475616818,A16_B0_K8,81.90583662888389,81.9056346288688,0.0002020000150960296
49.75,A32_B6_K10,679.5905182212199,606.445475616818,A16_B0_K8,73.14504260440185,73.14484060438569,0.00020200001616342564
49.75,A32_B6_K8,672.2529359197794,606.445475616818,A16_B0_K8,65.80746030296132,65.80725830294455,0.00020200001677336623
49.75,A32_B4_K10,663.5774247907841,606.445475616818,A16_B0_K8,57.13194917396606,57.1317471739499,0.00020200001616342564
49.75,A32_B4_K8,654.8416696063047,606.445475616818,A16_B0_K8,48.39619398948662,48.39599198946985,0.00020200001677336623
50.0,A32_B6_K14,698.3561221574881,606.8087448450171,A16_B0_K8,91.54737731247099,91.54717531245664,0.00020200001433360386
50.0,A32_B6_K12,688.8621437575928,606.8087448450171,A16_B0_K8,82.05339891257563,82.05319691256054,0.0002020000150960296
50.0,A32_B6_K10,680.1401976759645,606.8087448450171,A16_B0_K8,73.33145283094734,73.33125083093118,0.00020200001616342564
50.0,A32_B6_K8,672.8507328006206,606.8087448450171,A16_B0_K8,66.04198795560342,66.04178595558665,0.00020200001677336623
50.0,A32_B4_K10,664.1901415313014,606.8087448450171,A16_B0_K8,57.38139668628423,57.38119468626807,0.00020200001616342564
50.0,A32_B4_K8,655.5150342027488,606.8087448450171,A16_B0_K8,48.706289357731634,48.706087357714864,0.00020200001677336623
50.25,A32_B6_K14,698.8284441330858,607.1720140732164,A16_B0_K8,91.65643005986942,91.65622805985448,0.00020200001494354445
50.25,A32_B6_K12,689.3729752694837,607.1720140732164,A16_B0_K8,82.20096119626737,82.20075919625167,0.0002020000157059702
50.25,A32_B6_K10,680.689877130709,607.1720140732164,A16_B0_K8,73.5178630574926,73.51766105747583,0.00020200001677336623
50.25,A32_B6_K8,673.4485296814618,607.1720140732164,A16_B0_K8,66.2765156082454,66.27631360822802,0.00020200001738330682
50.25,A32_B4_K10,664.8028582718185,607.1720140732164,A16_B0_K8,57.630844198602176,57.630642198585406,0.00020200001677336623
50.25,A32_B4_K8,656.1883987991928,607.1720140732164,A16_B0_K8,49.01638472597642,49.01618272595904,0.00020200001738330682
50.5,A32_B6_K14,699.3007661086833,607.5352833014155,A16_B0_K8,91.76548280726786,91.76528080725292,0.00020200001494354445
50.5,A32_B6_K12,689.8838067813745,607.5352833014155,A16_B0_K8,82.348523479959,82.3483214799433,0.0002020000157059702
50.5,A32_B6_K10,681.2395565854536,607.5352833014155,A16_B0_K8,73.7042732840381,73.70407128402132,0.00020200001677336623
50.5,A32_B6_K8,674.046326562303,607.5352833014155,A16_B0_K8,66.5110432608875,66.51084126087012,0.00020200001738330682
50.5,A32_B4_K10,665.4155750123358,607.5352833014155,A16_B0_K8,57.880291710920346,57.880089710903576,0.00020200001677336623
50.5,A32_B4_K8,656.8617633956369,607.5352833014155,A16_B0_K8,49.32648009422144,49.326278094204056,0.00020200001738330682
50.75,A32_B6_K14,699.773088084281,607.8985525296147,A16_B0_K8,91.8745355546663,91.87433355465136,0.00020200001494354445
50.75,A32_B6_K12,690.3946382932654,607.8985525296147,A16_B0_K8,82.49608576365074,82.49588376363504,0.0002020000157059702
50.75,A32_B6_K10,681.7892360401981,607.8985525296147,A16_B0_K8,73.89068351058347,73.8904815105667,0.00020200001677336623
50.75,A32_B6_K8,674.644123443144,607.8985525296147,A16_B0_K8,66.74557091352938,66.745368913512,0.00020200001738330682
50.75,A32_B4_K10,666.0282917528531,607.8985525296147,A16_B0_K8,58.1297392232384,58.12953722322163,0.00020200001677336623
50.75,A32_B4_K8,657.5353065889876,607.8985525296147,A16_B0_K8,49.63675405937295,49.636552059355566,0.00020200001738330682
51.0,A32_B6_K14,700.2454100598786,608.2618217578138,A16_B0_K8,91.98358830206485,91.98338630204991,0.00020200001494354445
51.0,A32_B6_K12,690.9054698051561,608.2618217578138,A16_B0_K8,82.64364804734237,82.64344604732666,0.0002020000157059702
51.0,A32_B6_K10,682.3389154949427,608.2618217578138,A16_B0_K8,74.07709373712896,74.07689173711219,0.00020200001677336623
51.0,A32_B6_K8,675.2381865010686,608.2618217578138,A16_B0_K8,66.97636474325486,66.97616274323748,0.00020200001738330682
51.0,A32_B4_K10,666.6410084933702,608.2618217578138,A16_B0_K8,58.37918673555646,58.37898473553969,0.00020200001677336623
51.0,A32_B4_K8,658.2056712396413,608.2618217578138,A16_B0_K8,49.943849481827556,49.943647481810174,0.00020200001738330682
51.25,A32_B6_K14,700.7177320354762,608.6205774599714,A16_B0_K8,92.09715457550476,92.09695257548982,0.00020200001494354445
51.25,A32_B6_K12,691.4163013170471,608.6205774599714,A16_B0_K8,82.7957238570757,82.79552185706,0.0002020000157059702
51.25,A32_B6_K10,682.8885949496872,608.6205774599714,A16_B0_K8,74.26801748971582,74.26781548969905,0.00020200001677336623
51.25,A32_B6_K8,675.8288145147224,608.6205774599714,A16_B0_K8,67.20823705475095,67.20803505473357,0.00020200001738330682
51.25,A32_B4_K10,667.2537252338875,608.6205774599714,A16_B0_K8,58.63314777391611,58.63294577389934,0.00020200001677336623
51.25,A32_B4_K8,658.8726008460242,608.6205774599714,A16_B0_K8,50.25202338605277,50.25182138603539,0.00020200001738330682
51.5,A32_B6_K14,701.1900540110737,608.9600120709829,A16_B0_K8,92.23004194009081,92.22983994007588,0.00020200001494354445
51.5,A32_B6_K12,691.9271328289379,608.9600120709829,A16_B0_K8,82.96712075795506,82.96691875793935,0.0002020000157059702
51.5,A32_B6_K10,683.4382744044317,608.9600120709829,A16_B0_K8,74.47826233344881,74.47806033343204,0.00020200001677336623
51.5,A32_B6_K8,676.4235340777723,608.9600120709829,A16_B0_K8,67.46352200678939,67.46332000677201,0.00020200001738330682
51.5,A32_B4_K10,667.8664419744048,608.9600120709829,A16_B0_K8,58.906429903421895,58.906227903405124,0.00020200001677336623
51.5,A32_B4_K8,659.5395304524069,608.9600120709829,A16_B0_K8,50.57951838142401,50.57931638140663,0.00020200001738330682
51.75,A32_B6_K14,701.6623759866713,609.2936521941156,A16_B0_K8,92.36872379255578,92.36852179254085,0.00020200001494354445
51.75,A32_B6_K12,692.4379643408288,609.2936521941156,A16_B0_K8,83.14431214671322,83.14411014669751,0.0002020000157059702
51.75,A32_B6_K10,683.9879538591763,609.2936521941156,A16_B0_K8,74.69430166506072,74.69409966504395,0.00020200001677336623
51.75,A32_B6_K8,677.0185938818615,609.2936521941156,A16_B0_K8,67.72494168774597,67.72473968772859,0.00020200001738330682
51.75,A32_B4_K10,668.479158714922,609.2936521941156,A16_B0_K8,59.185506520806484,59.185304520789714,0.00020200001677336623
51.75,A32_B4_K8,660.2064600587897,609.2936521941156,A16_B0_K8,50.912807864674164,50.91260586465678,0.00020200001738330682
52.0,A32_B6_K14,702.134697962269,609.6301880506728,A16_B0_K8,92.50450991159619,92.50430791158125,0.00020200001494354445
52.0,A32_B6_K12,692.9487958527197,609.6301880506728,A16_B0_K8,83.31860780204693,83.31840580203122,0.0002020000157059702
52.0,A32_B6_K10,684.5376333139209,609.6301880506728,A16_B0_K8,74.90744526324806,74.9072432632313,0.00020200001677336623
52.0,A32_B6_K8,677.6136536859507,609.6301880506728,A16_B0_K8,67.98346563527787,67.98326363526049,0.00020200001738330682
52.0,A32_B4_K10,669.0918754554393,609.6301880506728,A16_B0_K8,59.46168740476651,59.46148540474974,0.00020200001677336623
52.0,A32_B4_K8,660.8733896651726,609.6301880506728,A16_B0_K8,51.24320161449975,51.24299961448237,0.00020200001738330682
52.25,A32_B6_K14,702.6070199378665,609.9667239072302,A16_B0_K8,92.64029603063636,92.64009403062111,0.00020200001524851475
52.25,A32_B6_K12,693.4596273646105,609.9667239072302,A16_B0_K8,83.4929034573803,83.49270145736459,0.0002020000157059702
52.25,A32_B6_K10,685.0873127686655,609.9667239072302,A16_B0_K8,75.1205888614353,75.12038686141852,0.00020200001677336623
52.25,A32_B6_K8,678.2087134900398,609.9667239072302,A16_B0_K8,68.24198958280965,68.24178758279227,0.00020200001738330682
52.25,A32_B4_K10,669.7045921959565,609.9667239072302,A16_B0_K8,59.737868288726304,59.73766628870953,0.00020200001677336623
52.25,A32_B4_K8,661.5403192715555,609.9667239072302,A16_B0_K8,51.57359536432534,51.57339336430796,0.00020200001738330682
52.5,A32_B6_K14,703.0793419134641,610.3032597637877,A16_B0_K8,92.77608214967643,92.77588014966118,0.00020200001524851475
52.5,A32_B6_K12,693.9704588765014,610.3032597637877,A16_B0_K8,83.66719911271377,83.66699711269807,0.0002020000157059702
52.5,A32_B6_K10,685.6369922234101,610.3032597637877,A16_B0_K8,75.33373245962241,75.33353045960564,0.00020200001677336623
52.5,A32_B6_K8,678.8037732941291,610.3032597637877,A16_B0_K8,68.50051353034144,68.50031153032405,0.00020200001738330682
52.5,A32_B4_K10,670.3173089364738,610.3032597637877,A16_B0_K8,60.0140491726861,60.01384717266933,0.00020200001677336623
52.5,A32_B4_K8,662.2072488779381,610.3032597637877,A16_B0_K8,51.90398911415048,51.903787114133095,0.00020200001738330682
52.75,A32_B6_K14,703.5516638890617,610.6397956203448,A16_B0_K8,92.91186826871694,92.9116662687017,0.00020200001524851475
52.75,A32_B6_K12,694.4812903883922,610.6397956203448,A16_B0_K8,83.84149476804737,83.84129276803166,0.0002020000157059702
52.75,A32_B6_K10,686.1866716781547,610.6397956203448,A16_B0_K8,75.54687605780987,75.5466740577931,0.00020200001677336623
52.75,A32_B6_K8,679.3988330982182,610.6397956203448,A16_B0_K8,68.75903747787345,68.75883547785607,0.00020200001738330682
52.75,A32_B4_K10,670.9300256769909,610.6397956203448,A16_B0_K8,60.290230056646124,60.29002805662935,0.00020200001677336623
52.75,A32_B4_K8,662.874178484321,610.6397956203448,A16_B0_K8,52.23438286397618,52.2341808639588,0.00020200001738330682
53.0,A32_B6_K14,704.0239858646594,610.9763314769023,A16_B0_K8,93.04765438775712,93.04745238774187,0.00020200001524851475
53.0,A32_B6_K12,694.9921219002831,610.9763314769023,A16_B0_K8,84.01579042338085,84.01558842336514,0.0002020000157059702
53.0,A32_B6_K10,686.7363511328991,610.9763314769023,A16_B0_K8,75.76001965599687,75.75981765597949,0.00020200001738330682
53.0,A32_B6_K8,679.9938929023074,610.9763314769023,A16_B0_K8,69.01756142540512,69.01735942538774,0.00020200001738330682
53.0,A32_B4_K10,671.5427424175082,610.9763314769023,A16_B0_K8,60.56641094060592,60.56620894058854,0.00020200001738330682
53.0,A32_B4_K8,663.5411080907038,610.9763314769023,A16_B0_K8,52.56477661380154,52.56457461378416,0.00020200001738330682
53.25,A32_B6_K14,704.4963078402569,611.3128673334594,A16_B0_K8,93.18344050679752,93.18323850678227,0.00020200001524851475
53.25,A32_B6_K12,695.502953412174,611.3128673334594,A16_B0_K8,84.19008607871456,84.18988407869885,0.0002020000157059702
53.25,A32_B6_K10,687.2860305876436,611.3128673334594,A16_B0_K8,75.97316325418421,75.97296125416683,0.00020200001738330682
53.25,A32_B6_K8,680.5889527063966,611.3128673334594,A16_B0_K8,69.27608537293725,69.27588337291986,0.00020200001738330682
53.25,A32_B4_K10,672.1554591580255,611.3128673334594,A16_B0_K8,60.84259182456606,60.842389824548675,0.00020200001738330682
53.25,A32_B4_K8,664.2080376970865,611.3128673334594,A16_B0_K8,52.89517036362713,52.89496836360975,0.00020200001738330682
53.5,A32_B6_K14,704.9686298158545,611.6562432135408,A16_B0_K8,93.31238660231361,93.31218460229836,0.00020200001524851475
53.5,A32_B6_K12,696.0137849240648,611.6562432135408,A16_B0_K8,84.35754171052395,84.35733971050824,0.0002020000157059702
53.5,A32_B6_K10,687.8357100423882,611.6562432135408,A16_B0_K8,76.17946682884735,76.17926482882997,0.00020200001738330682
53.5,A32_B6_K8,681.1840125104858,611.6562432135408,A16_B0_K8,69.52776929694494,69.52756729692756,0.00020200001738330682
53.5,A32_B4_K10,672.7681758985427,611.6562432135408,A16_B0_K8,61.111932685001875,61.111730684984494,0.00020200001738330682
53.5,A32_B4_K8,664.8749673034694,611.6562432135408,A16_B0_K8,53.218724089928514,53.21852208991113,0.00020200001738330682
53.75,A32_B6_K14,705.4409517914521,612.0147744638844,A16_B0_K8,93.42617732756776,93.42597532755251,0.00020200001524851475
53.75,A32_B6_K12,696.5246164359556,612.0147744638844,A16_B0_K8,84.50984197207129,84.50963997205558,0.0002020000157059702
53.75,A32_B6_K10,688.3853894971328,612.0147744638844,A16_B0_K8,76.37061503324844,76.37041303323106,0.00020200001738330682
53.75,A32_B6_K8,681.7790723145749,612.0147744638844,A16_B0_K8,69.76429785069058,69.7640958506732,0.00020200001738330682
53.75,A32_B4_K10,673.38089263906,612.0147744638844,A16_B0_K8,61.36611817517564,61.36591617515826,0.00020200001738330682
53.75,A32_B4_K8,665.5418969098521,612.0147744638844,A16_B0_K8,53.527122445967734,53.52692044595035,0.00020200001738330682
54.0,A32_B6_K14,705.9132737670498,612.3733057142279,A16_B0_K8,93.5399680528219,93.53976605280666,0.00020200001524851475
54.0,A32_B6_K12,697.0354479478465,612.3733057142279,A16_B0_K8,84.66214223361862,84.66194023360292,0.0002020000157059702
54.0,A32_B6_K10,688.9350689518774,612.3733057142279,A16_B0_K8,76.56176323764953,76.56156123763215,0.00020200001738330682
54.0,A32_B6_K8,682.3741321186642,612.3733057142279,A16_B0_K8,70.00082640443634,70.00062440441896,0.00020200001738330682
54.0,A32_B4_K10,673.9936093795773,612.3733057142279,A16_B0_K8,61.62030366534941,61.62010166533203,0.00020200001738330682
54.0,A32_B4_K8,666.2088265162349,612.3733057142279,A16_B0_K8,53.83552080200707,53.835318801989686,0.00020200001738330682
54.25,A32_B6_K14,706.3855957426473,612.7318369645714,A16_B0_K8,93.65375877807594,93.65355677806069,0.00020200001524851475
54.25,A32_B6_K12,697.5462794597374,612.7318369645714,A16_B0_K8,84.81444249516608,84.81424049515037,0.0002020000157059702
54.25,A32_B6_K10,689.4847484066219,612.7318369645714,A16_B0_K8,76.7529114420505,76.75270944203312,0.00020200001738330682
54.25,A32_B6_K8,682.9691919227532,612.7318369645714,A16_B0_K8,70.23735495818187,70.23715295816449,0.00020200001738330682
54.25,A32_B4_K10,674.6063261200945,612.7318369645714,A16_B0_K8,61.87448915552318,61.8742871555058,0.00020200001738330682
54.25,A32_B4_K8,666.8757561226178,612.7318369645714,A16_B0_K8,54.1439191580464,54.14371715802902,0.00020200001738330682
54.5,A32_B6_K14,706.8579177182448,613.0903682149147,A16_B0_K8,93.76754950333009,93.76734750331484,0.00020200001524851475
54.5,A32_B6_K12,698.0571109716282,613.0903682149147,A16_B0_K8,84.96674275671342,84.96654075669755,0.00020200001585845534
54.5,A32_B6_K10,690.0344278613665,613.0903682149147,A16_B0_K8,76.9440596464517,76.94385764643432,0.00020200001738330682
54.5,A32_B6_K8,683.5642517268425,613.0903682149147,A16_B0_K8,70.47388351192774,70.47368151191004,0.00020200001768827712
54.5,A32_B4_K10,675.2190428606117,613.0903682149147,A16_B0_K8,62.12867464569695,62.128472645679565,0.00020200001738330682
54.5,A32_B4_K8,667.5426857290006,613.0903682149147,A16_B0_K8,54.45231751408585,54.45211551406816,0.00020200001768827712
54.75,A32_B6_K14,707.3302396938425,613.4488994652584,A16_B0_K8,93.88134022858412,93.88113822856887,0.00020200001524851475
54.75,A32_B6_K12,698.5679424835191,613.4488994652584,A16_B0_K8,85.11904301826075,85.1188410182449,0.00020200001585845534
54.75,A32_B6_K10,690.5841073161109,613.4488994652584,A16_B0_K8,77.13520785085257,77.13500585083519,0.00020200001738330682
54.75,A32_B6_K8,684.1593115309316,613.4488994652584,A16_B0_K8,70.71041206567327,70.71021006565557,0.00020200001768827712
54.75,A32_B4_K10,675.831759601129,613.4488994652584,A16_B0_K8,62.3828601358706,62.38265813585322,0.00020200001738330682
54.75,A32_B4_K8,668.2096729316642,613.4488994652584,A16_B0_K8,54.760773466405794,54.76057146638811,0.00020200001768827712
55.0,A32_B6_K14,707.8025616694401,613.8074307156019,A16_B0_K8,93.99513095383827,93.99492895382302,0.00020200001524851475
55.0,A32_B6_K12,699.07877399541,613.8074307156019,A16_B0_K8,85.2713432798081,85.27114127979223,0.00020200001585845534
55.0,A32_B6_K10,691.1337867708555,613.8074307156019,A16_B0_K8,77.32635605525365,77.32615405523627,0.00020200001738330682
55.0,A32_B6_K8,684.7543713350208,613.8074307156019,A16_B0_K8,70.94694061941891,70.94673861940122,0.00020200001768827712
55.0,A32_B4_K10,676.4444763416464,613.8074307156019,A16_B0_K8,62.63704562604448,62.6368436260271,0.00020200001738330682
55.0,A32_B4_K8,668.876835643842,613.8074307156019,A16_B0_K8,55.06940492824015,55.06920292822246,0.00020200001768827712
55.25,A32_B6_K14,708.2748836450377,614.1659619659454,A16_B0_K8,94.1089216790923,94.10871967907705,0.00020200001524851475
55.25,A32_B6_K12,699.5896055073008,614.1659619659454,A16_B0_K8,85.42364354135543,85.42344154133957,0.00020200001585845534
55.25,A32_B6_K10,691.6834662256001,614.1659619659454,A16_B0_K8,77.51750425965474,77.51730225963736,0.00020200001738330682
55.25,A32_B6_K8,685.34943113911,614.1659619659454,A16_B0_K8,71.18346917316467,71.18326717314697,0.00020200001768827712
55.25,A32_B4_K10,677.0571930821636,614.1659619659454,A16_B0_K8,62.89123111621825,62.89102911620087,0.00020200001738330682
55.25,A32_B4_K8,669.5439983560199,614.1659619659454,A16_B0_K8,55.3780363900745,55.37783439005681,0.00020200001768827712
55.5,A32_B6_K14,708.7472056206353,614.5248402186311,A16_B0_K8,94.22236540200424,94.222163401989,0.00020200001524851475
55.5,A32_B6_K12,700.1004968915081,614.5248402186311,A16_B0_K8,85.57565667287702,85.57545467286116,0.00020200001585845534
55.5,A32_B6_K10,692.2331456803447,614.5248402186311,A16_B0_K8,77.70830546171362,77.70810346169624,0.00020200001738330682
55.5,A32_B6_K8,685.9444909431992,614.5248402186311,A16_B0_K8,71.4196507245681,71.4194487245504,0.00020200001768827712
55.5,A32_B4_K10,677.6699098226807,614.5248402186311,A16_B0_K8,63.14506960404958,63.1448676040322,0.00020200001738330682
55.5,A32_B4_K8,670.2111610681977,614.5248402186311,A16_B0_K8,55.68632084956664,55.686118849548954,0.00020200001768827712
55.75,A32_B6_K14,709.2195275962329,614.9018426423434,A16_B0_K8,94.31768495388951,94.3174829538741,0.0002020000154009999
55.75,A32_B6_K12,700.6116018395958,614.9018426423434,A16_B0_K8,85.70975919725242,85.70955719723656,0.00020200001585845534
55.75,A32_B6_K10,692.7828251350892,614.9018426423434,A16_B0_K8,77.88098249274583,77.88078049272845,0.00020200001738330682
55.75,A32_B6_K8,686.5395507472883,614.9018426423434,A16_B0_K8,71.63770810494498,71.63750610492728,0.00020200001768827712
55.75,A32_B4_K10,678.2826265631979,614.9018426423434,A16_B0_K8,63.38078392085458,63.3805819208372,0.00020200001738330682
55.75,A32_B4_K8,670.8783237803756,614.9018426423434,A16_B0_K8,55.97648113803223,55.97627913801454,0.00020200001768827712
56.0,A32_B6_K14,709.6918495718305,615.3004728456299,A16_B0_K8,94.39137672620063,94.39117472618523,0.0002020000154009999
56.0,A32_B6_K12,701.1227067876835,615.3004728456299,A16_B0_K8,85.82223394205357,85.82203194203771,0.00020200001585845534
56.0,A32_B6_K10,693.3325045898338,615.3004728456299,A16_B0_K8,78.03203174420389,78.03182974418651,0.00020200001738330682
56.0,A32_B6_K8,687.1346105513776,615.3004728456299,A16_B0_K8,71.83413770574771,71.83393570573001,0.00020200001768827712
56.0,A32_B4_K10,678.8953433037152,615.3004728456299,A16_B0_K8,63.594870458085325,63.59466845806794,0.00020200001738330682
56.0,A32_B4_K8,671.5454864925534,615.3004728456299,A16_B0_K8,56.24501364692355,56.244811646905866,0.00020200001768827712
56.25,A32_B6_K14,710.164171547428,615.6991030489166,A16_B0_K8,94.46506849851141,94.46486649849601,0.0002020000154009999
56.25,A32_B6_K12,701.6338117357714,615.6991030489166,A16_B0_K8,85.93470868685472,85.93450668683886,0.00020200001585845534
56.25,A32_B6_K10,693.8821840445783,615.6991030489166,A16_B0_K8,78.18308099566161,78.18287899564423,0.00020200001738330682
56.25,A32_B6_K8,687.7296703554667,615.6991030489166,A16_B0_K8,72.0305673065501,72.0303653065324,0.00020200001768827712
56.25,A32_B4_K10,679.5080600442325,615.6991030489166,A16_B0_K8,63.80895699531584,63.80875499529846,0.00020200001738330682
56.25,A32_B4_K8,672.2126492047314,615.6991030489166,A16_B0_K8,56.513546155814765,56.51334415579708,0.00020200001768827712
56.5,A32_B6_K14,710.6364935230257,616.0977332522032,A16_B0_K8,94.53876027082254,94.53855827080713,0.0002020000154009999
56.5,A32_B6_K12,702.144916683859,616.0977332522032,A16_B0_K8,86.04718343165587,86.04698143164,0.00020200001585845534
56.5,A32_B6_K10,694.4318634993228,616.0977332522032,A16_B0_K8,78.33413024711967,78.33392824710229,0.00020200001738330682
56.5,A32_B6_K8,688.3247301595559,616.0977332522032,A16_B0_K8,72.22699690735271,72.22679490733502,0.00020200001768827712
56.5,A32_B4_K10,680.1207767847496,616.0977332522032,A16_B0_K8,64.02304353254647,64.02284153252909,0.00020200001738330682
56.5,A32_B4_K8,672.8798119169093,616.0977332522032,A16_B0_K8,56.78207866470609,56.781876664688404,0.00020200001768827712
56.75,A32_B6_K14,711.1088154986232,616.4963634554897,A16_B0_K8,94.61245204313354,94.61225004311814,0.0002020000154009999
56.75,A32_B6_K12,702.6560216319469,616.4963634554897,A16_B0_K8,86.15965817645724,86.15945617644138,0.00020200001585845534
56.75,A32_B6_K10,694.9815429540674,616.4963634554897,A16_B0_K8,78.48517949857774,78.48497749856035,0.00020200001738330682
56.75,A32_B6_K8,688.9197899636451,616.4963634554897,A16_B0_K8,72.42342650815544,72.42322450813775,0.00020200001768827712
56.75,A32_B4_K10,680.7334935252669,616.4963634554897,A16_B0_K8,64.23713006977721,64.23692806975983,0.00020200001738330682
56.75,A32_B4_K8,673.5469746290871,616.4963634554897,A16_B0_K8,57.05061117359742,57.05040917357973,0.00020200001768827712
57.0,A32_B6_K14,711.5811374742209,616.9007599425928,A16_B0_K8,94.6803775316281,94.68017553161269,0.0002020000154009999
57.0,A32_B6_K12,703.1671265800346,616.9007599425928,A16_B0_K8,86.26636663744182,86.26616463742596,0.00020200001585845534
57.0,A32_B6_K10,695.531222408812,616.9007599425928,A16_B0_K8,78.63046246621923,78.63026046620185,0.00020200001738330682
57.0,A32_B6_K8,689.5148497677343,616.9007599425928,A16_B0_K8,72.61408982514149,72.6138878251238,0.00020200001768827712
57.0,A32_B4_K10,681.3462102657843,616.9007599425928,A16_B0_K8,64.4454503231915,64.44524832317411,0.00020200001738330682
57.0,A32_B4_K8,674.214137341265,616.9007599425928,A16_B0_K8,57.31337739867217,57.31317539865449,0.00020200001768827712
57.25,A32_B6_K14,712.0534594498185,617.3052271018219,A16_B0_K8,94.74823234799669,94.74803034798128,0.0002020000154009999
57.25,A32_B6_K12,703.6782315281224,617.3052271018219,A16_B0_K8,86.37300442630055,86.3728024262847,0.00020200001585845534
57.25,A32_B6_K10,696.0809018635566,617.3052271018219,A16_B0_K8,78.77567476173476,78.77547276171738,0.00020200001738330682
57.25,A32_B6_K8,690.1099095718234,617.3052271018219,A16_B0_K8,72.80468247000158,72.80448046998389,0.00020200001768827712
57.25,A32_B4_K10,681.9589270063015,617.3052271018219,A16_B0_K8,64.6536999044796,64.65349790446221,0.00020200001738330682
57.25,A32_B4_K8,674.8813000534428,617.3052271018219,A16_B0_K8,57.57607295162097,57.575870951603285,0.00020200001768827712
57.5,A32_B6_K14,712.5257814254161,617.7096942610509,A16_B0_K8,94.81608716436517,94.81588516434977,0.0002020000154009999
57.5,A32_B6_K12,704.1893364762102,617.7096942610509,A16_B0_K8,86.47964221515929,86.47944021514343,0.00020200001585845534
57.5,A32_B6_K10,696.6305813183011,617.7096942610509,A16_B0_K8,78.92088705725018,78.9206850572328,0.00020200001738330682
57.5,A32_B6_K8,690.7049693759127,617.7096942610509,A16_B0_K8,72.99527511486178,72.99507311484409,0.00020200001768827712
57.5,A32_B4_K10,682.5716437468186,617.7096942610509,A16_B0_K8,64.8619494857677,64.86174748575031,0.00020200001738330682
57.5,A32_B4_K8,675.5484627656208,617.7096942610509,A16_B0_K8,57.838768504569884,57.8385665045522,0.00020200001768827712
57.75,A32_B6_K14,712.9981034010136,618.11416142028,A16_B0_K8,94.88394198073365,94.88373998071825,0.0002020000154009999
57.75,A32_B6_K12,704.7004414242979,618.11416142028,A16_B0_K8,86.58628000401791,86.58607800400205,0.00020200001585845534
57.75,A32_B6_K10,697.1802607730456,618.11416142028,A16_B0_K8,79.0660993527656,79.06589735274822,0.00020200001738330682
57.75,A32_B6_K8,691.300029180002,618.11416142028,A16_B0_K8,73.18586775972199,73.18566575970429,0.00020200001768827712
57.75,A32_B4_K10,683.1843604873359,618.11416142028,A16_B0_K8,65.07019906705591,65.06999706703853,0.00020200001738330682
57.75,A32_B4_K8,676.2156254777985,618.11416142028,A16_B0_K8,58.10146405751857,58.10126205750088,0.00020200001768827712
58.0,A32_B6_K14,713.4704253766113,618.518628579509,A16_B0_K8,94.95179679710225,94.95159479708684,0.0002020000154009999
58.0,A32_B6_K12,705.2115463723857,618.518628579509,A16_B0_K8,86.69291779287664,86.69271579286078,0.00020200001585845534
58.0,A32_B6_K10,697.7299402277902,618.518628579509,A16_B0_K8,79.21131164828114,79.21110964826376,0.00020200001738330682
58.0,A32_B6_K8,691.895088984091,618.518628579509,A16_B0_K8,73.37646040458196,73.37625840456427,0.00020200001768827712
58.0,A32_B4_K10,683.7970772278532,618.518628579509,A16_B0_K8,65.27844864834412,65.27824664832674,0.00020200001738330682
58.0,A32_B4_K8,676.8827881899764,618.518628579509,A16_B0_K8,58.36415961046737,58.36395761044968,0.00020200001768827712
58.25,A32_B6_K14,713.9427473522089,618.9230957387381,A16_B0_K8,95.01965161347084,95.01944961345544,0.0002020000154009999
58.25,A32_B6_K12,705.7226513204735,618.9230957387381,A16_B0_K8,86.79955558173538,86.79935358171952,0.00020200001585845534
58.25,A32_B6_K10,698.2796196825348,618.9230957387381,A16_B0_K8,79.35652394379667,79.35632194377929,0.00020200001738330682
58.25,A32_B6_K8,692.4901487881802,618.9230957387381,A16_B0_K8,73.56705304944217,73.56685104942447,0.00020200001768827712
58.25,A32_B4_K10,684.4097939683704,618.9230957387381,A16_B0_K8,65.48669822963234,65.48649622961496,0.00020200001738330682
58.25,A32_B4_K8,677.5499509021543,618.9230957387381,A16_B0_K8,58.62685516341617,58.62665316339848,0.00020200001768827712
58.5,A32_B6_K14,714.4150693278065,619.321549549227,A16_B2_K10,95.09351977857943,95.09331777856495,0.000202000014486089
58.5,A32_B6_K12,706.2337562685611,619.321549549227,A16_B2_K10,86.91220671933411,86.91200471931917,0.00020200001494354445
58.5,A32_B6_K10,698.8292991372793,619.321549549227,A16_B2_K10,79.50774958805232,79.50754758803585,0.00020200001646839593
58.5,A32_B6_K8,693.0852085922693,619.321549549227,A16_B2_K10,73.76365904304225,73.76345704302548,0.00020200001677336623
58.5,A32_B4_K10,685.0225107088877,619.321549549227,A16_B2_K10,65.70096115966066,65.70075915964419,0.00020200001646839593
58.5,A32_B4_K8,678.2171136143322,619.321549549227,A16_B2_K10,58.89556406510519,58.89536206508842,0.00020200001677336623
58.75,A32_B6_K14,714.8873913034041,619.5698055386647,A16_B2_K10,95.31758576473942,95.31738376472494,0.000202000014486089
58.75,A32_B6_K12,706.7448612166489,619.5698055386647,A16_B2_K10,87.17505567798423,87.1748536779693,0.00020200001494354445
58.75,A32_B6_K10,699.3789785920239,619.5698055386647,A16_B2_K10,79.80917305335925,79.80897105334277,0.00020200001646839593
58.75,A32_B6_K8,693.6802683963585,619.5698055386647,A16_B2_K10,74.11046285769385,74.11026085767708,0.00020200001677336623
58.75,A32_B4_K10,685.635227449405,619.5698055386647,A16_B2_K10,66.06542191074027,66.0652199107238,0.00020200001646839593
58.75,A32_B4_K8,678.8842763265101,619.5698055386647,A16_B2_K10,59.31447078784538,59.31426878782861,0.00020200001677336623
59.0,A32_B6_K14,715.3597132790017,619.8180615281021,A16_B2_K10,95.54165175089952,95.54144975088504,0.000202000014486089
59.0,A32_B6_K12,707.2559661647367,619.8180615281021,A16_B2_K10,87.43790463663458,87.43770263661965,0.00020200001494354445
59.0,A32_B6_K10,699.9286580467684,619.8180615281021,A16_B2_K10,80.11059651866628,80.11039451864981,0.00020200001646839593
59.0,A32_B6_K8,694.2753282004477,619.8180615281021,A16_B2_K10,74.45726667234555,74.45706467232878,0.00020200001677336623
59.0,A32_B4_K10,686.2479441899221,619.8180615281021,A16_B2_K10,66.42988266181999,66.42968066180352,0.00020200001646839593
59.0,A32_B4_K8,679.5514390386879,619.8180615281021,A16_B2_K10,59.7333775105858,59.733175510569026,0.00020200001677336623
59.25,A32_B6_K14,715.8320352545993,620.0663175175397,A16_B2_K10,95.76571773705962,95.76551573704513,0.000202000014486089
59.25,A32_B6_K12,707.7670711128244,620.0663175175397,A16_B2_K10,87.70075359528471,87.70055159526977,0.00020200001494354445
59.25,A32_B6_K10,700.478337501513,620.0663175175397,A16_B2_K10,80.41201998397332,80.41181798395685,0.00020200001646839593
59.25,A32_B6_K8,694.870388004537,620.0663175175397,A16_B2_K10,74.80407048699726,74.80386848698049,0.00020200001677336623
59.25,A32_B4_K10,686.8606609304393,620.0663175175397,A16_B2_K10,66.7943434128996,66.79414141288312,0.00020200001646839593
59.25,A32_B4_K8,680.2186017508659,620.0663175175397,A16_B2_K10,60.15228423332621,60.15208223330944,0.00020200001677336623
59.5,A32_B6_K14,716.304357230197,620.3145735069772,A16_B2_K10,95.98978372321972,95.98958172320523,0.000202000014486089
59.5,A32_B6_K12,708.2781774955888,620.3145735069772,A16_B2_K10,87.96360398861157,87.96340198859632,0.00020200001524851475
59.5,A32_B6_K10,701.0280169562575,620.3145735069772,A16_B2_K10,80.71344344928025,80.71324144926378,0.00020200001646839593
59.5,A32_B6_K8,695.4654478086261,620.3145735069772,A16_B2_K10,75.15087430164886,75.15067230163208,0.00020200001677336623
59.5,A32_B4_K10,687.4733776709566,620.3145735069772,A16_B2_K10,67.15880416397931,67.15860216396284,0.00020200001646839593
59.5,A32_B4_K8,680.8857644630436,620.3145735069772,A16_B2_K10,60.5711909560664,60.57098895604963,0.00020200001677336623
59.75,A32_B6_K14,716.7721655638674,620.5628294964148,A16_B2_K10,96.20933606745257,96.20913406743809,0.000202000014486089
59.75,A32_B6_K12,708.7848880317722,620.5628294964148,A16_B2_K10,88.2220585353574,88.22185653534216,0.00020200001524851475
59.75,A32_B6_K10,701.573182769075,620.5628294964148,A16_B2_K10,81.01035327266015,81.01015127264368,0.00020200001646839593
59.75,A32_B6_K8,696.0559939707882,620.5628294964148,A16_B2_K10,75.49316447437343,75.49296247435666,0.00020200001677336623
59.75,A32_B4_K10,688.0770671276197,620.5628294964148,A16_B2_K10,67.51423763120488,67.5140356311884,0.00020200001646839593
59.75,A32_B4_K8,681.5438998926122,620.5628294964148,A16_B2_K10,60.981070396197424,60.980868396180654,0.00020200001677336623
60.0,A32_B6_K14,717.2380724938921,620.8110854858523,A16_B2_K10,96.42698700803976,96.42678500802528,0.000202000014486089
60.0,A32_B6_K12,709.2896971630701,620.8110854858523,A16_B2_K10,88.47861167721771,88.47840967720246,0.00020200001524851475
60.0,A32_B6_K10,702.1164471782466,620.8110854858523,A16_B2_K10,81.30536169239429,81.30515969237781,0.00020200001646839593
60.0,A32_B6_K8,696.6446387293045,620.8110854858523,A16_B2_K10,75.83355324345212,75.83335124343535,0.00020200001677336623
60.0,A32_B4_K10,688.6769537769911,620.8110854858523,A16_B2_K10,67.86586829113878,67.86566629112231,0.00020200001646839593
60.0,A32_B4_K8,682.1982325136494,620.8110854858523,A16_B2_K10,61.38714702779703,61.38694502778026,0.00020200001677336623
60.25,A32_B6_K14,717.7039794239167,621.0593414752898,A16_B2_K10,96.64463794862695,96.64443594861247,0.000202000014486089
60.25,A32_B6_K12,709.7945062943679,621.0593414752898,A16_B2_K10,88.73516481907814,88.73496281906289,0.00020200001524851475
60.25,A32_B6_K10,702.6597115874183,621.0593414752898,A16_B2_K10,81.60037011212853,81.60016811211206,0.00020200001646839593
60.25,A32_B6_K8,697.2332834878207,621.0593414752898,A16_B2_K10,76.17394201253092,76.17374001251414,0.00020200001677336623
60.25,A32_B4_K10,689.2768404263627,621.0593414752898,A16_B2_K10,68.21749895107291,68.21729695105644,0.00020200001646839593
60.25,A32_B4_K8,682.8525651346866,621.0593414752898,A16_B2_K10,61.79322365939686,61.79302165938009,0.00020200001677336623
60.5,A32_B6_K14,718.1679794528998,621.3075974647275,A16_B2_K10,96.86038198817232,96.86017998815784,0.000202000014486089
60.5,A32_B6_K12,710.2974085246242,621.3075974647275,A16_B2_K10,88.98981105989674,88.98960905988149,0.00020200001524851475
60.5,A32_B6_K10,703.2026298701799,621.3075974647275,A16_B2_K10,81.89503240545241,81.89483040543594,0.00020200001646839593
60.5,A32_B6_K8,697.8200213452953,621.3075974647275,A16_B2_K10,76.5124238805679,76.51222188055112,0.00020200001677336623
60.5,A32_B4_K10,689.8729991090638,621.3075974647275,A16_B2_K10,68.56540164433636,68.56519964431989,0.00020200001646839593
60.5,A32_B4_K8,683.5030839536405,621.3075974647275,A16_B2_K10,62.19548648891305,62.19528448889628,0.00020200001677336623
60.75,A32_B6_K14,718.6276542865703,621.5558534541649,A16_B2_K10,97.07180083240542,97.07159883239093,0.000202000014486089
60.75,A32_B6_K12,710.795985559568,621.5558534541649,A16_B2_K10,89.24013210540306,89.23993010538781,0.00020200001524851475
60.75,A32_B6_K10,703.7419918224796,621.5558534541649,A16_B2_K10,82.18613836831469,82.18593636829821,0.00020200001646839593
60.75,A32_B6_K8,698.4024340074574,621.5558534541649,A16_B2_K10,76.84658055329248,76.84637855327571,0.00020200001677336623
60.75,A32_B4_K10,690.4606915856566,621.5558534541649,A16_B2_K10,68.90483813149172,68.90463613147524,0.00020200001646839593
60.75,A32_B4_K8,684.1449523819695,621.5558534541649,A16_B2_K10,62.58909892780457,62.5888969277878,0.00020200001677336623
61.0,A32_B6_K14,719.0873291202408,621.8041094436024,A16_B2_K10,97.2832196766384,97.28301767662391,0.000202000014486089
61.0,A32_B6_K12,711.2945625945117,621.8041094436024,A16_B2_K10,89.49045315090927,89.49025115089403,0.00020200001524851475
61.0,A32_B6_K10,704.2813992755418,621.8041094436024,A16_B2_K10,82.4772898319394,82.47708783192293,0.00020200001646839593
61.0,A32_B6_K8,698.9848466696196,621.8041094436024,A16_B2_K10,77.18073722601719,77.18053522600042,0.00020200001677336623
61.0,A32_B4_K10,691.0487557324512,621.8041094436024,A16_B2_K10,69.2446462888488,69.24444428883233,0.00020200001646839593
61.0,A32_B4_K8,684.7868208102984,621.8041094436024,A16_B2_K10,62.98271136669598,62.98250936667921,0.00020200001677336623
61.25,A32_B6_K14,719.5470039539114,622.05236543304,A16_B2_K10,97.49463852087138,97.49443652085658,0.0002020000147910593
61.25,A32_B6_K12,711.7931396294555,622.05236543304,A16_B2_K10,89.74077419641549,89.74057219640024,0.00020200001524851475
61.25,A32_B6_K10,704.8229613551664,622.05236543304,A16_B2_K10,82.7705959221264,82.77039392210993,0.00020200001646839593
61.25,A32_B6_K8,699.5672593317815,622.05236543304,A16_B2_K10,77.51489389874155,77.51469189872478,0.00020200001677336623
61.25,A32_B4_K10,691.6368198792459,622.05236543304,A16_B2_K10,69.58445444620588,69.58425244618941,0.00020200001646839593
61.25,A32_B4_K8,685.4286892386274,622.05236543304,A16_B2_K10,63.37632380558739,63.37612180557062,0.00020200001677336623
61.5,A32_B6_K14,720.0066787875818,622.3006214224775,A16_B2_K10,97.70605736510424,97.70585536508945,0.0002020000147910593
61.5,A32_B6_K12,712.2917166643992,622.3006214224775,A16_B2_K10,89.9910952419217,89.99089324190645,0.00020200001524851475
61.5,A32_B6_K10,705.364523434791,622.3006214224775,A16_B2_K10,83.0639020123134,83.06370001229693,0.00020200001646839593
61.5,A32_B6_K8,700.1496719939437,622.3006214224775,A16_B2_K10,77.84905057146614,77.84884857144937,0.00020200001677336623
61.5,A32_B4_K10,692.2248840260405,622.3006214224775,A16_B2_K10,69.92426260356297,69.9240606035465,0.00020200001646839593
61.5,A32_B4_K8,686.0705576669562,622.3006214224775,A16_B2_K10,63.769936244478686,63.769734244461915,0.00020200001677336623
61.75,A32_B6_K14,720.4663536212523,622.5488774119151,A16_B2_K10,97.91747620933722,97.91727420932243,0.0002020000147910593
61.75,A32_B6_K12,712.7902936993429,622.5488774119151,A16_B2_K10,90.2414162874278,90.24121428741255,0.00020200001524851475
61.75,A32_B6_K10,705.9060855144156,622.5488774119151,A16_B2_K10,83.35720810250052,83.35700610248405,0.00020200001646839593
61.75,A32_B6_K8,700.7320846561058,622.5488774119151,A16_B2_K10,78.18320724419073,78.18300524417396,0.00020200001677336623
61.75,A32_B4_K10,692.8129481728351,622.5488774119151,A16_B2_K10,70.26407076092005,70.26386876090358,0.00020200001646839593
61.75,A32_B4_K8,686.7124260952851,622.5488774119151,A16_B2_K10,64.16354868336998,64.16334668335321,0.00020200001677336623
62.0,A32_B6_K14,720.9260284549229,622.8040107579486,A16_B2_K10,98.12201769697424,98.12181569695944,0.0002020000147910593
62.0,A32_B6_K12,713.2888707342867,622.8040107579486,A16_B2_K10,90.48485997633804,90.4846579763228,0.00020200001524851475
62.0,A32_B6_K10,706.4476475940401,622.8040107579486,A16_B2_K10,83.64363683609145,83.64343483607497,0.00020200001646839593
62.0,A32_B6_K8,701.3144973182679,622.8040107579486,A16_B2_K10,78.51048656031924,78.51028456030186,0.00020200001738330682
62.0,A32_B4_K10,693.4010123196298,622.8040107579486,A16_B2_K10,70.59700156168117,70.5967995616647,0.00020200001646839593
62.0,A32_B4_K8,687.354294523614,622.8040107579486,A16_B2_K10,64.55028376566543,64.55008176564805,0.00020200001738330682
62.25,A32_B6_K14,721.3857032885933,623.0694945260464,A16_B2_K10,98.31620876254692,98.31600676253213,0.0002020000147910593
62.25,A32_B6_K12,713.7874477692303,623.0694945260464,A16_B2_K10,90.71795324318396,90.7177512431687,0.00020200001524851475
62.25,A32_B6_K10,706.9892096736647,623.0694945260464,A16_B2_K10,83.91971514761838,83.9195131476019,0.00020200001646839593
62.25,A32_B6_K8,701.89690998043,623.0694945260464,A16_B2_K10,78.82741545438364,78.82721345436626,0.00020200001738330682
62.25,A32_B4_K10,693.9890764664244,623.0694945260464,A16_B2_K10,70.91958194037807,70.9193799403616,0.00020200001646839593
62.25,A32_B4_K8,687.9967393436405,623.0694945260464,A16_B2_K10,64.9272448175941,64.92704281757672,0.00020200001738330682
62.5,A32_B6_K14,721.8453781222638,623.3349782941441,A16_B2_K10,98.51039982811972,98.51019782810478,0.00020200001494354445
62.5,A32_B6_K12,714.2860248041741,623.3349782941441,A16_B2_K10,90.95104651002998,90.95084451001473,0.00020200001524851475
62.5,A32_B6_K10,707.5307717532893,623.3349782941441,A16_B2_K10,84.1957934591452,84.19559145912872,0.00020200001646839593
62.5,A32_B6_K8,702.479322642592,623.3349782941441,A16_B2_K10,79.14434434844793,79.14414234843055,0.00020200001738330682
62.5,A32_B4_K10,694.5771406132191,623.3349782941441,A16_B2_K10,71.24216231907496,71.24196031905849,0.00020200001646839593
62.5,A32_B4_K8,688.6392936868733,623.3349782941441,A16_B2_K10,65.30431539272922,65.30411339271184,0.00020200001738330682
62.75,A32_B6_K14,722.3050529559345,623.6004620622418,A16_B2_K10,98.70459089369263,98.70438889367769,0.00020200001494354445
62.75,A32_B6_K12,714.7846018391178,623.6004620622418,A16_B2_K10,91.18413977687601,91.18393777686076,0.00020200001524851475
62.75,A32_B6_K10,708.0723338329138,623.6004620622418,A16_B2_K10,84.47187177067201,84.47166977065554,0.00020200001646839593
62.75,A32_B6_K8,703.0617353047542,623.6004620622418,A16_B2_K10,79.46127324251233,79.46107124249495,0.00020200001738330682
62.75,A32_B4_K10,695.1652047600137,623.6004620622418,A16_B2_K10,71.56474269777186,71.56454069775539,0.00020200001646839593
62.75,A32_B4_K8,689.2818480301063,623.6004620622418,A16_B2_K10,65.68138596786446,65.68118396784708,0.00020200001738330682
63.0,A32_B6_K14,722.76362427398,623.8659458303395,A16_B2_K10,98.89767844364053,98.89747644362559,0.00020200001494354445
63.0,A32_B6_K12,715.2831788740616,623.8659458303395,A16_B2_K10,91.41723304372215,91.4170310437069,0.00020200001524851475
63.0,A32_B6_K10,708.6138959125385,623.8659458303395,A16_B2_K10,84.74795008219905,84.74774808218258,0.00020200001646839593
63.0,A32_B6_K8,703.6441479669163,623.8659458303395,A16_B2_K10,79.77820213657685,79.77800013655947,0.00020200001738330682
63.0,A32_B4_K10,695.7521653911836,623.8659458303395,A16_B2_K10,71.8862195608441,71.88601756082763,0.00020200001646839593
63.0,A32_B4_K8,689.9244023733393,623.8659458303395,A16_B2_K10,66.0584565429998,66.05825454298243,0.00020200001738330682
63.25,A32_B6_K14,723.2223286915121,624.1314295984372,A16_B2_K10,99.09089909307488,99.09069709305994,0.00020200001494354445
63.25,A32_B6_K12,715.7817559090054,624.1314295984372,A16_B2_K10,91.65032631056818,91.65012431055293,0.00020200001524851475
63.25,A32_B6_K10,709.1554579921631,624.1314295984372,A16_B2_K10,85.02402839372587,85.0238263937094,0.00020200001646839593
63.25,A32_B6_K8,704.2265606290783,624.1314295984372,A16_B2_K10,80.09513103064114,80.09492903062376,0.00020200001738330682
63.25,A32_B4_K10,696.3390223439676,624.1314295984372,A16_B2_K10,72.2075927455304,72.20739074551393,0.00020200001646839593
63.25,A32_B4_K8,690.5669567165722,624.1314295984372,A16_B2_K10,66.43552711813504,66.43532511811766,0.00020200001738330682
63.5,A32_B6_K14,723.6810635603147,624.3969133665349,A16_B2_K10,99.28415019377974,99.2839481937648,0.00020200001494354445
63.5,A32_B6_K12,716.2803329439491,624.3969133665349,A16_B2_K10,91.8834195774142,91.88321757739895,0.00020200001524851475
63.5,A32_B6_K10,709.6970200717876,624.3969133665349,A16_B2_K10,85.30010670525269,85.29990470523622,0.00020200001646839593
63.5,A32_B6_K8,704.8089732912404,624.3969133665349,A16_B2_K10,80.41205992470543,80.41185792468805,0.00020200001738330682
63.5,A32_B4_K10,696.9258792967519,624.3969133665349,A16_B2_K10,72.52896593021694,72.52876393020047,0.00020200001646839593
63.5,A32_B4_K8,691.2095110598052,624.3969133665349,A16_B2_K10,66.81259769327028,66.8123956932529,0.00020200001738330682
63.75,A32_B6_K14,724.139798429117,624.6623971346327,A16_B2_K10,99.47740129448437,99.47719929446943,0.00020200001494354445
63.75,A32_B6_K12,716.7789099788929,624.6623971346327,A16_B2_K10,92.11651284426023,92.11631084424498,0.00020200001524851475
63.75,A32_B6_K10,710.2393194760518,624.6623971346327,A16_B2_K10,85.57692234141916,85.57672034140269,0.00020200001646839593
63.75,A32_B6_K8,705.3913859534025,624.6623971346327,A16_B2_K10,80.72898881876984,80.72878681875245,0.00020200001738330682
63.75,A32_B4_K10,697.512736249536,624.6623971346327,A16_B2_K10,72.85033911490336,72.85013711488689,0.00020200001646839593
63.75,A32_B4_K8,691.8520654030383,624.6623971346327,A16_B2_K10,67.18966826840563,67.18946626838824,0.00020200001738330682
64.0,A32_B6_K14,724.5985332979194,624.9278809027304,A16_B2_K10,99.670652395189,99.67045039517406,0.00020200001494354445
64.0,A32_B6_K12,717.2774870138367,624.9278809027304,A16_B2_K10,92.34960611110625,92.349404111091,0.00020200001524851475
64.0,A32_B6_K10,710.7818293634239,624.9278809027304,A16_B2_K10,85.85394846069346,85.85374646067669,0.00020200001677336623
64.0,A32_B6_K8,705.9737986155646,624.9278809027304,A16_B2_K10,81.04591771283424,81.04571571281686,0.00020200001738330682
64.0,A32_B4_K10,698.0995932023202,624.9278809027304,A16_B2_K10,73.17171229958979,73.17151029957301,0.00020200001677336623
64.0,A32_B4_K8,692.4946197462712,624.9278809027304,A16_B2_K10,67.56673884354075,67.56653684352337,0.00020200001738330682
64.25,A32_B6_K14,725.0572681667219,625.193364670828,A16_B2_K10,99.86390349589385,99.86370149587891,0.00020200001494354445
64.25,A32_B6_K12,717.7760640487804,625.193364670828,A16_B2_K10,92.5826993779524,92.58249737793714,0.00020200001524851475
64.25,A32_B6_K10,711.3243392507961,625.193364670828,A16_B2_K10,86.1309745799681,86.13077257995133,0.00020200001677336623
64.25,A32_B6_K8,706.5562112777268,625.193364670828,A16_B2_K10,81.36284660689876,81.36264460688137,0.00020200001738330682
64.25,A32_B4_K10,698.6864501551045,625.193364670828,A16_B2_K10,73.49308548427643,73.49288348425966,0.00020200001677336623
64.25,A32_B4_K8,693.1371740895042,625.193364670828,A16_B2_K10,67.94380941867621,67.94360741865883,0.00020200001738330682
64.5,A32_B6_K14,725.5160030355244,625.4588484389258,A16_B2_K10,100.0571545965986,100.05695259658366,0.00020200001494354445
64.5,A32_B6_K12,718.2746410837242,625.4588484389258,A16_B2_K10,92.81579264479842,92.81559064478317,0.00020200001524851475
64.5,A32_B6_K10,711.866849138168,625.4588484389258,A16_B2_K10,86.40800069924228,86.40779869922551,0.00020200001677336623
64.5,A32_B6_K8,707.1386239398888,625.4588484389258,A16_B2_K10,81.67977550096305,81.67957350094566,0.00020200001738330682
64.5,A32_B4_K10,699.2733071078887,625.4588484389258,A16_B2_K10,73.81445866896297,73.8142566689462,0.00020200001677336623
64.5,A32_B4_K8,693.7797284327371,625.4588484389258,A16_B2_K10,68.32087999381133,68.32067799379395,0.00020200001738330682
64.75,A32_B6_K14,725.9747379043267,625.7243322070236,A16_B2_K10,100.25040569730311,100.25020369728817,0.00020200001494354445
64.75,A32_B6_K12,718.773218118668,625.7243322070236,A16_B2_K10,93.04888591164433,93.04868391162908,0.00020200001524851475
64.75,A32_B6_K10,712.4093590255402,625.7243322070236,A16_B2_K10,86.68502681851658,86.6848248184998,0.00020200001677336623
64.75,A32_B6_K8,707.7210366020508,625.7243322070236,A16_B2_K10,81.99670439502722,81.99650239500984,0.00020200001738330682
64.75,A32_B4_K10,699.860164060673,625.7243322070236,A16_B2_K10,74.13583185364939,74.13562985363262,0.00020200001677336623
64.75,A32_B4_K8,694.4222827759701,625.7243322070236,A16_B2_K10,68.69795056894645,68.69774856892907,0.00020200001738330682
65.0,A32_B6_K14,726.4334727731293,625.9898159751212,A16_B2_K10,100.44365679800808,100.44345479799283,0.00020200001524851475
65.0,A32_B6_K12,719.2717951536116,625.9898159751212,A16_B2_K10,93.28197917849036,93.28177717847481,0.00020200001555348504
65.0,A32_B6_K10,712.9518689129122,625.9898159751212,A16_B2_K10,86.96205293779099,86.9618509377739,0.00020200001707833652
65.0,A32_B6_K8,708.303449264213,625.9898159751212,A16_B2_K10,82.31363328909174,82.31343128907405,0.00020200001768827712
65.0,A32_B4_K10,700.4470210134572,625.9898159751212,A16_B2_K10,74.45720503833593,74.45700303831885,0.00020200001707833652
65.0,A32_B4_K8,695.064837119203,625.9898159751212,A16_B2_K10,69.0750211440818,69.07481914406411,0.00020200001768827712
65.25,A32_B6_K14,726.8922076419317,626.255299743219,A16_B2_K10,100.6369078987127,100.63670589869746,0.00020200001524851475
65.25,A32_B6_K12,719.7703721885554,626.255299743219,A16_B2_K10,93.51507244533639,93.51487044532084,0.00020200001555348504
65.25,A32_B6_K10,713.4943788002844,626.255299743219,A16_B2_K10,87.2390790570654,87.23887705704831,0.00020200001707833652
65.25,A32_B6_K8,708.8858619263751,626.255299743219,A16_B2_K10,82.63056218315614,82.63036018313845,0.00020200001768827712
65.25,A32_B4_K10,701.0338779662413,626.255299743219,A16_B2_K10,74.77857822302235,74.77837622300527,0.00020200001707833652
65.25,A32_B4_K8,695.707391462436,626.255299743219,A16_B2_K10,69.45209171921704,69.45188971919934,0.00020200001768827712
65.5,A32_B6_K14,727.3509425107342,626.5207835113167,A16_B2_K10,100.83015899941745,100.8299569994022,0.00020200001524851475
65.5,A32_B6_K12,720.2689492234991,626.5207835113167,A16_B2_K10,93.74816571218241,93.74796371216686,0.00020200001555348504
65.5,A32_B6_K10,714.0368886876565,626.5207835113167,A16_B2_K10,87.5161051763398,87.51590317632272,0.00020200001707833652
65.5,A32_B6_K8,709.4682745885373,626.5207835113167,A16_B2_K10,82.94749107722055,82.94728907720285,0.00020200001768827712
65.5,A32_B4_K10,701.6207349190256,626.5207835113167,A16_B2_K10,75.09995140770889,75.0997494076918,0.00020200001707833652
65.5,A32_B4_K8,696.3514143744463,626.5207835113167,A16_B2_K10,69.83063086312961,69.83042886311192,0.00020200001768827712
65.75,A32_B6_K14,727.8096773795367,626.7862672794145,A16_B2_K10,101.02341010012219,101.02320810010694,0.00020200001524851475
65.75,A32_B6_K12,720.7675262584428,626.7862672794145,A16_B2_K10,93.98125897902833,93.98105697901278,0.00020200001555348504
65.75,A32_B6_K10,714.5793985750286,626.7862672794145,A16_B2_K10,87.7931312956141,87.79292929559702,0.00020200001707833652
65.75,A32_B6_K8,710.0506872506993,626.7862672794145,A16_B2_K10,83.26441997128484,83.26421797126714,0.00020200001768827712
65.75,A32_B4_K10,702.2075918718099,626.7862672794145,A16_B2_K10,75.42132459239542,75.42112259237834,0.00020200001707833652
65.75,A32_B4_K8,696.9959723300414,626.7862672794145,A16_B2_K10,70.2097050506269,70.2095030506092,0.00020200001768827712
66.0,A32_B6_K14,728.268412248339,627.0789548332416,A16_B2_K10,101.18945741509742,101.18925541508217,0.00020200001524851475
66.0,A32_B6_K12,721.2661032933865,627.0789548332416,A16_B2_K10,94.18714846014495,94.1869464601294,0.00020200001555348504
66.0,A32_B6_K10,715.1219084624006,627.0789548332416,A16_B2_K10,88.042953629159,88.04275162914192,0.00020200001707833652
66.0,A32_B6_K8,710.6330999128613,627.0789548332416,A16_B2_K10,83.55414507961973,83.55394307960204,0.00020200001768827712
66.0,A32_B4_K10,702.7944488245942,627.0789548332416,A16_B2_K10,75.71549399135256,75.71529199133548,0.00020200001707833652
66.0,A32_B4_K8,697.6405302856366,627.0789548332416,A16_B2_K10,70.561575452395,70.56137345237731,0.00020200001768827712
66.25,A32_B6_K14,728.7271471171415,627.3739905977764,A16_B2_K10,101.35315651936514,101.3529545193499,0.00020200001524851475
66.25,A32_B6_K12,721.7646803283303,627.3739905977764,A16_B2_K10,94.39068973055396,94.39048773053841,0.00020200001555348504
66.25,A32_B6_K10,715.6644183497727,627.3739905977764,A16_B2_K10,88.29042775199639,88.2902257519793,0.00020200001707833652
66.25,A32_B6_K8,711.2155125750235,627.3739905977764,A16_B2_K10,83.84152197724711,83.84131997722942,0.00020200001768827712
66.25,A32_B4_K10,703.3813057773782,627.3739905977764,A16_B2_K10,76.00731517960185,76.00711317958476,0.00020200001707833652
66.25,A32_B4_K8,698.286225254106,627.3739905977764,A16_B2_K10,70.91223465632959,70.9120326563119,0.00020200001768827712
66.5,A32_B6_K14,729.185881985944,627.6690263623111,A16_B2_K10,101.51685562363286,101.51665362361761,0.00020200001524851475
66.5,A32_B6_K12,722.2632573632741,627.6690263623111,A16_B2_K10,94.59423100096296,94.59402900094742,0.00020200001555348504
66.5,A32_B6_K10,716.2069282371449,627.6690263623111,A16_B2_K10,88.53790187483378,88.5376998748167,0.00020200001707833652
66.5,A32_B6_K8,711.7979252371856,627.6690263623111,A16_B2_K10,84.1288988748745,84.1286968748568,0.00020200001768827712
66.5,A32_B4_K10,703.9713009305615,627.6690263623111,A16_B2_K10,76.30227456825037,76.30207256823329,0.00020200001707833652
66.5,A32_B4_K8,698.9321655388884,627.6690263623111,A16_B2_K10,71.26313917657728,71.26293717655959,0.00020200001768827712
66.75,A32_B6_K14,729.6446168547463,627.9640298508043,A16_B2_K10,101.68058700394204,101.68038500392679,0.00020200001524851475
66.75,A32_B6_K12,722.7618343982178,627.9640298508043,A16_B2_K10,94.79780454741353,94.79760254739799,0.00020200001555348504
66.75,A32_B6_K10,716.7494381245169,627.9640298508043,A16_B2_K10,88.78540827371262,88.78520627369554,0.00020200001707833652
66.75,A32_B6_K8,712.3803378993478,627.9640298508043,A16_B2_K10,84.41630804854344,84.41610604852575,0.00020200001768827712
66.75,A32_B4_K10,704.5698675265485,627.9640298508043,A16_B2_K10,76.60583767574417,76.60563567572709,0.00020200001707833652
66.75,A32_B4_K8,699.578105823671,627.9640298508043,A16_B2_K10,71.61407597286666,71.61387397284896,0.00020200001768827712
67.0,A32_B6_K14,730.1033517235488,628.2463809538807,A16_B2_K10,101.85697076966812,101.85676876965287,0.00020200001524851475
67.0,A32_B6_K12,723.2604114331616,628.2463809538807,A16_B2_K10,95.0140304792809,95.01382847926536,0.00020200001555348504
67.0,A32_B6_K10,717.291948011889,628.2463809538807,A16_B2_K10,89.04556705800826,89.04536505799118,0.00020200001707833652
67.0,A32_B6_K8,712.9627505615099,628.2463809538807,A16_B2_K10,84.71636960762919,84.7161676076115,0.00020200001768827712
67.0,A32_B4_K10,705.1684341225355,628.2463809538807,A16_B2_K10,76.92205316865477,76.92185116863769,0.00020200001707833652
67.0,A32_B4_K8,700.2240461084534,628.2463809538807,A16_B2_K10,71.97766515457272,71.97746315455502,0.00020200001768827712
67.25,A32_B6_K14,730.5620865923513,628.5287320569571,A16_B2_K10,102.03335453539421,102.03315253537896,0.00020200001524851475
67.25,A32_B6_K12,723.7589884681054,628.5287320569571,A16_B2_K10,95.23025641114828,95.23005441113273,0.00020200001555348504
67.25,A32_B6_K10,717.8344578992611,628.5287320569571,A16_B2_K10,89.30572584230401,89.30552384228693,0.00020200001707833652
67.25,A32_B6_K8,713.5451632236719,628.5287320569571,A16_B2_K10,85.01643116671482,85.01622916669713,0.00020200001768827712
67.25,A32_B4_K10,705.7670007185225,628.5287320569571,A16_B2_K10,77.23826866156537,77.23806666154829,0.00020200001707833652
67.25,A32_B4_K8,700.869986393236,628.5287320569571,A16_B2_K10,72.3412543362789,72.3410523362612,0.00020200001768827712
67.5,A32_B6_K14,731.0208636125241,628.8110831600336,A16_B2_K10,102.20978045249046,102.20957845247521,0.00020200001524851475
67.5,A32_B6_K12,724.2575655030491,628.8110831600336,A16_B2_K10,95.44648234301553,95.44628034299998,0.00020200001555348504
67.5,A32_B6_K10,718.3769677866333,628.8110831600336,A16_B2_K10,89.56588462659965,89.56568262658257,0.00020200001707833652
67.5,A32_B6_K8,714.1278920357353,628.8110831600336,A16_B2_K10,85.31680887570167,85.31660687568397,0.00020200001768827712
67.5,A32_B4_K10,706.3655673145095,628.8110831600336,A16_B2_K10,77.55448415447586,77.55428215445878,0.00020200001707833652
67.5,A32_B4_K8,701.5206209447095,628.8110831600336,A16_B2_K10,72.70953778467594,72.70933578465825,0.00020200001768827712
67.75,A32_B6_K14,731.4796956872123,629.09343426311,A16_B2_K10,102.38626142410226,102.38605942408701,0.00020200001524851475
67.75,A32_B6_K12,724.7561425379929,629.09343426311,A16_B2_K10,95.6627082748829,95.66250627486735,0.00020200001555348504
67.75,A32_B6_K10,718.9194776740053,629.09343426311,A16_B2_K10,89.8260434108953,89.82584141087821,0.00020200001707833652
67.75,A32_B6_K8,714.7107663161082,629.09343426311,A16_B2_K10,85.61733205299822,85.61713005298053,0.00020200001768827712
67.75,A32_B4_K10,706.9641339104965,629.09343426311,A16_B2_K10,77.87069964738646,77.87049764736938,0.00020200001707833652
67.75,A32_B4_K8,702.1781652752949,629.09343426311,A16_B2_K10,73.08473101218487,73.08452901216718,0.00020200001768827712
68.0,A32_B6_K14,731.9385277619002,629.3757853661864,A16_B2_K10,102.56274239571383,102.56254039569858,0.00020200001524851475
68.0,A32_B6_K12,725.2547195729367,629.3757853661864,A16_B2_K10,95.87893420675027,95.87873220673411,0.00020200001616342564
68.0,A32_B6_K10,719.4619875613773,629.3757853661864,A16_B2_K10,90.08620219519094,90.08600019517385,0.00020200001707833652
68.0,A32_B6_K8,715.2936405964813,629.3757853661864,A16_B2_K10,85.91785523029489,85.9176532302772,0.00020200001768827712
68.0,A32_B4_K10,707.5627005064836,629.3757853661864,A16_B2_K10,78.18691514029717,78.18671314028009,0.00020200001707833652
68.0,A32_B4_K8,702.8357096058801,629.3757853661864,A16_B2_K10,73.45992423969369,73.459722239676,0.00020200001768827712
68.25,A32_B6_K14,732.3973598365883,629.6581364692629,A16_B2_K10,102.7392233673254,102.73902136731014,0.00020200001524851475
68.25,A32_B6_K12,725.7532966078804,629.6581364692629,A16_B2_K10,96.09516013861753,96.09495813860137,0.00020200001616342564
68.25,A32_B6_K10,720.0044974487496,629.6581364692629,A16_B2_K10,90.34636097948669,90.3461589794696,0.00020200001707833652
68.25,A32_B6_K8,715.8765148768541,629.6581364692629,A16_B2_K10,86.21837840759122,86.21817640757352,0.00020200001768827712
68.25,A32_B4_K10,708.1621460903706,629.6581364692629,A16_B2_K10,78.50400962110768,78.5038076210906,0.00020200001707833652
68.25,A32_B4_K8,703.4932971511562,629.6581364692629,A16_B2_K10,73.83516068189329,73.83495868187559,0.00020200001768827712
68.5,A32_B6_K14,732.8561919112765,629.9404875723393,A16_B2_K10,102.91570433893719,102.91550233892194,0.00020200001524851475
68.5,A32_B6_K12,726.2518736428241,629.9404875723393,A16_B2_K10,96.31138607048479,96.31118407046863,0.00020200001616342564
68.5,A32_B6_K10,720.5470073361216,629.9404875723393,A16_B2_K10,90.60651976378233,90.60631776376525,0.00020200001707833652
68.5,A32_B6_K8,716.4593891572271,629.9404875723393,A16_B2_K10,86.51890158488777,86.51869958487008,0.00020200001768827712
68.5,A32_B4_K10,708.7634548966344,629.9404875723393,A16_B2_K10,78.82296732429506,78.82276532427798,0.00020200001707833652
68.5,A32_B4_K8,704.1527048833949,629.9404875723393,A16_B2_K10,74.21221731105561,74.21201531103792,0.00020200001768827712
68.75,A32_B6_K14,733.3150239859644,630.2228386754158,A16_B2_K10,103.09218531054864,103.0919833105334,0.00020200001524851475
68.75,A32_B6_K12,726.7504506777678,630.2228386754158,A16_B2_K10,96.52761200235204,96.52741000233588,0.00020200001616342564
68.75,A32_B6_K10,721.0895172234937,630.2228386754158,A16_B2_K10,90.86667854807786,90.86647654806077,0.00020200001707833652
68.75,A32_B6_K8,717.0422634376001,630.2228386754158,A16_B2_K10,86.81942476218433,86.81922276216663,0.00020200001768827712
68.75,A32_B4_K10,709.3647637028982,630.2228386754158,A16_B2_K10,79.14192502748244,79.14172302746536,0.00020200001707833652
68.75,A32_B4_K8,704.8121126156336,630.2228386754158,A16_B2_K10,74.58927394021782,74.58907194020013,0.00020200001768827712
69.0,A32_B6_K14,733.7738560606525,630.5051897784922,A16_B2_K10,103.26866628216032,103.26846428214508,0.00020200001524851475
69.0,A32_B6_K12,727.2490277127116,630.5051897784922,A16_B2_K10,96.74383793421941,96.74363593420325,0.00020200001616342564
69.0,A32_B6_K10,721.6320271108657,630.5051897784922,A16_B2_K10,91.1268373323735,91.12663533235641,0.00020200001707833652
69.0,A32_B6_K8,717.6251377179731,630.5051897784922,A16_B2_K10,87.11994793948088,87.11974593946319,0.00020200001768827712
69.0,A32_B4_K10,709.9660725091621,630.5051897784922,A16_B2_K10,79.46088273066994,79.46068073065285,0.00020200001707833652
69.0,A32_B4_K8,705.4715203478723,630.5051897784922,A16_B2_K10,74.96633056938015,74.96612856936245,0.00020200001768827712
69.25,A32_B6_K14,734.2326881353406,630.7875408815687,A16_B2_K10,103.44514725377189,103.44494525375664,0.00020200001524851475
69.25,A32_B6_K12,727.7476047476554,630.7875408815687,A16_B2_K10,96.96006386608667,96.95986186607051,0.00020200001616342564
69.25,A32_B6_K10,722.174536998238,630.7875408815687,A16_B2_K10,91.38699611666925,91.38679411665217,0.00020200001707833652
69.25,A32_B6_K8,718.2080119983461,630.7875408815687,A16_B2_K10,87.42047111677743,87.42026911675974,0.00020200001768827712
69.25,A32_B4_K10,710.567381315426,630.7875408815687,A16_B2_K10,79.77984043385732,79.77963843384023,0.00020200001707833652
69.25,A32_B4_K8,706.1309280801111,630.7875408815687,A16_B2_K10,75.34338719854236,75.34318519852467,0.00020200001768827712
69.5,A32_B6_K14,734.6915202100288,631.0698919846451,A16_B2_K10,103.62162822538369,103.62142622536844,0.00020200001524851475
69.5,A32_B6_K12,728.2461817825991,631.0698919846451,A16_B2_K10,97.17628979795404,97.17608779793788,0.00020200001616342564
69.5,A32_B6_K10,722.71704688561,631.0698919846451,A16_B2_K10,91.64715490096489,91.64695290094781,0.00020200001707833652
69.5,A32_B6_K8,718.790886278719,631.0698919846451,A16_B2_K10,87.72099429407388,87.72079229405618,0.00020200001768827712
69.5,A32_B4_K10,711.1687023842935,631.0698919846451,A16_B2_K10,80.09881039964841,80.09860839963133,0.00020200001707833652
69.5,A32_B4_K8,706.7903358123498,631.0698919846451,A16_B2_K10,75.72044382770468,75.72024182768699,0.00020200001768827712
69.75,A32_B6_K14,735.1503522847167,631.3522430877215,A16_B2_K10,103.79810919699526,103.79790719698,0.00020200001524851475
69.75,A32_B6_K12,728.7447588175428,631.3522430877215,A16_B2_K10,97.3925157298213,97.39231372980514,0.00020200001616342564
69.75,A32_B6_K10,723.259556772982,631.3522430877215,A16_B2_K10,91.90731368526053,91.90711168524345,0.00020200001707833652
69.75,A32_B6_K8,719.3744162295769,631.3522430877215,A16_B2_K10,88.02217314185543,88.02197114183774,0.00020200001768827712
69.75,A32_B4_K10,711.7704034061885,631.3522430877215,A16_B2_K10,80.41816031846702,80.41795831844993,0.00020200001707833652
69.75,A32_B4_K8,707.4497435445886,631.3522430877215,A16_B2_K10,76.09750045686712,76.09729845684943,0.00020200001768827712
70.0,A32_B6_K14,735.6091843594048,631.634594190798,A16_B2_K10,103.97459016860682,103.97438816859157,0.00020200001524851475
70.0,A32_B6_K12,729.2433358524866,631.634594190798,A16_B2_K10,97.60874166168855,97.6085396616724,0.00020200001616342564
70.0,A32_B6_K10,723.8020666603541,631.634594190798,A16_B2_K10,92.16747246955606,92.16727046953898,0.00020200001707833652
70.0,A32_B6_K8,719.9599369810214,631.634594190798,A16_B2_K10,88.32534279022343,88.32514079020574,0.00020200001768827712
70.0,A32_B4_K10,712.3721044280835,631.634594190798,A16_B2_K10,80.7375102372855,80.73730823726842,0.00020200001707833652
70.0,A32_B4_K8,708.1091512768273,631.634594190798,A16_B2_K10,76.47455708602934,76.47435508601164,0.00020200001768827712
70.25,A32_B6_K14,736.0680164340929,631.9169452938744,A16_B2_K10,104.1510711402185,104.15086914020326,0.00020200001524851475
70.25,A32_B6_K12,729.7419128874303,631.9169452938744,A16_B2_K10,97.82496759355593,97.82476559353977,0.00020200001616342564
70.25,A32_B6_K10,724.3445765477262,631.9169452938744,A16_B2_K10,92.42763125385181,92.42742925383473,0.00020200001707833652
70.25,A32_B6_K8,720.5475468998031,631.9169452938744,A16_B2_K10,88.63060160592875,88.63039960591105,0.00020200001768827712
70.25,A32_B4_K10,712.9738054499784,631.9169452938744,A16_B2_K10,81.056860156104,81.05665815608691,0.00020200001707833652
70.25,A32_B4_K8,708.768559009066,631.9169452938744,A16_B2_K10,76.85161371519166,76.85141171517397,0.00020200001768827712
70.5,A32_B6_K14,736.5268485087811,632.1992963969509,A16_B2_K10,104.32755211183019,104.32735011181494,0.00020200001524851475
70.5,A32_B6_K12,730.2404899223741,632.1992963969509,A16_B2_K10,98.04119352542318,98.04099152540702,0.00020200001616342564
70.5,A32_B6_K10,724.8870864350982,632.1992963969509,A16_B2_K10,92.68779003814734,92.68758803813026,0.00020200001707833652
70.5,A32_B6_K8,721.135450625769,632.1992963969509,A16_B2_K10,88.93615422881805,88.93595222880036,0.00020200001768827712
70.5,A32_B4_K10,713.5755064718733,632.1992963969509,A16_B2_K10,81.37621007492237,81.37600807490529,0.00020200001707833652
70.5,A32_B4_K8,709.4282677295353,632.1992963969509,A16_B2_K10,77.22897133258436,77.22876933256667,0.00020200001768827712
70.75,A32_B6_K14,736.985680583469,632.4833714265079,A16_B2_K10,104.50230915696113,104.50210715694588,0.00020200001524851475
70.75,A32_B6_K12,730.7390669573178,632.4833714265079,A16_B2_K10,98.25569553080993,98.25549353079377,0.00020200001616342564
70.75,A32_B6_K10,725.4295963224704,632.4833714265079,A16_B2_K10,92.94622489596247,92.94602289594539,0.00020200001707833652
70.75,A32_B6_K8,721.7233543517345,632.4833714265079,A16_B2_K10,89.23998292522663,89.23978092520893,0.00020200001768827712
70.75,A32_B4_K10,714.1772074937683,632.4833714265079,A16_B2_K10,81.69383606726035,81.69363406724327,0.00020200001707833652
70.75,A32_B4_K8,710.0966019113941,632.4833714265079,A16_B2_K10,77.61323048488623,77.61302848486854,0.00020200001768827712
71.0,A32_B6_K14,737.4445126581571,632.7707273069361,A16_B2_K10,104.673785351221,104.67358335120575,0.00020200001524851475
71.0,A32_B6_K12,731.2376439922616,632.7707273069361,A16_B2_K10,98.46691668532549,98.46671468530933,0.00020200001616342564
71.0,A32_B6_K10,725.9721062098424,632.7707273069361,A16_B2_K10,93.2013789029063,93.20117690288922,0.00020200001707833652
71.0,A32_B6_K8,722.3112580777004,632.7707273069361,A16_B2_K10,89.54053077076424,89.54032877074654,0.00020200001768827712
71.0,A32_B4_K10,714.7789085156633,632.7707273069361,A16_B2_K10,82.00818120872714,82.00797920871005,0.00020200001707833652
71.0,A32_B4_K8,710.7649360932533,632.7707273069361,A16_B2_K10,77.99420878631713,77.99400678629944,0.00020200001768827712
71.25,A32_B6_K14,737.9033447328452,633.0813990218194,A16_B2_K10,104.82194571102582,104.82174371101057,0.00020200001524851475
71.25,A32_B6_K12,731.7362210272054,633.0813990218194,A16_B2_K10,98.654822005386,98.65462000536984,0.00020200001616342564
71.25,A32_B6_K10,726.5146160972147,633.0813990218194,A16_B2_K10,93.4332170753953,93.43301507537822,0.00020200001707833652
71.25,A32_B6_K8,722.899161803666,633.0813990218194,A16_B2_K10,89.81776278184657,89.81756078182887,0.00020200001768827712
71.25,A32_B4_K10,715.3806095375581,633.0813990218194,A16_B2_K10,82.29921051573876,82.29900851572168,0.00020200001707833652
71.25,A32_B4_K8,711.4332702751122,633.0813990218194,A16_B2_K10,78.35187125329287,78.35166925327518,0.00020200001768827712
71.5,A32_B6_K14,738.3621768075334,633.3925792935789,A16_B2_K10,104.96959751395445,104.9693955139392,0.00020200001524851475
71.5,A32_B6_K12,732.2347980621491,633.3925792935789,A16_B2_K10,98.8422187685702,98.84201676855405,0.00020200001616342564
71.5,A32_B6_K10,727.0571259845867,633.3925792935789,A16_B2_K10,93.66454669100779,93.6643446909907,0.00020200001707833652
71.5,A32_B6_K8,723.4870655296315,633.3925792935789,A16_B2_K10,90.0944862360526,90.09428423603491,0.00020200001768827712
71.5,A32_B4_K10,715.982310559453,633.3925792935789,A16_B2_K10,82.5897312658741,82.58952926585701,0.00020200001707833652
71.5,A32_B4_K8,712.1016044569712,633.3925792935789,A16_B2_K10,78.70902516339231,78.70882316337462,0.00020200001768827712
71.75,A32_B6_K14,738.8215436854632,633.7037595653384,A16_B2_K10,105.11778412012484,105.11758212010959,0.00020200001524851475
71.75,A32_B6_K12,732.7333750970929,633.7037595653384,A16_B2_K10,99.02961553175453,99.02941353173837,0.00020200001616342564
71.75,A32_B6_K10,727.5996358719588,633.7037595653384,A16_B2_K10,93.89587630662038,93.8956743066033,0.00020200001707833652
71.75,A32_B6_K8,724.0749692555972,633.7037595653384,A16_B2_K10,90.37120969025887,90.37100769024117,0.00020200001768827712
71.75,A32_B4_K10,716.5840115813481,633.7037595653384,A16_B2_K10,82.88025201600976,82.88005001599268,0.00020200001707833652
71.75,A32_B4_K8,712.7699386388302,633.7037595653384,A16_B2_K10,79.06617907349187,79.06597707347417,0.00020200001768827712
72.0,A32_B6_K14,739.2859252677526,634.0149398370979,A16_B2_K10,105.27098543065472,105.27078343063947,0.00020200001524851475
72.0,A32_B6_K12,733.2319521320366,634.0149398370979,A16_B2_K10,99.21701229493863,99.21681029492247,0.00020200001616342564
72.0,A32_B6_K10,728.1421457593308,634.0149398370979,A16_B2_K10,94.12720592223286,94.12700392221578,0.00020200001707833652
72.0,A32_B6_K8,724.6628729815629,634.0149398370979,A16_B2_K10,90.64793314446501,90.64773114444732,0.00020200001768827712
72.0,A32_B4_K10,717.185712603243,634.0149398370979,A16_B2_K10,83.17077276614509,83.17057076612801,0.00020200001707833652
72.0,A32_B4_K8,713.4382728206892,634.0149398370979,A16_B2_K10,79.42333298359131,79.42313098357361,0.00020200001768827712
72.25,A32_B6_K14,739.750306850042,634.3347080162512,A16_B2_K10,105.4155988337908,105.41539683377525,0.00020200001555348504
72.25,A32_B6_K12,733.7305291669803,634.3347080162512,A16_B2_K10,99.39582115072915,99.39561915071299,0.00020200001616342564
72.25,A32_B6_K10,728.6846556467029,634.3347080162512,A16_B2_K10,94.34994763045177,94.34974563043468,0.00020200001707833652
72.25,A32_B6_K8,725.2452576997314,634.3347080162512,A16_B2_K10,90.91054968348021,90.91034768346252,0.00020200001768827712
72.25,A32_B4_K10,717.7761423948723,634.3347080162512,A16_B2_K10,83.44143437862112,83.44123237860404,0.00020200001707833652
72.25,A32_B4_K8,714.084064542017,634.3347080162512,A16_B2_K10,79.74935652576585,79.74915452574815,0.00020200001768827712
72.5,A32_B6_K14,740.2090147864981,634.6643103115664,A16_B2_K10,105.54470447493168,105.54450247491613,0.00020200001555348504
72.5,A32_B6_K12,734.2291062019241,634.6643103115664,A16_B2_K10,99.56479589035769,99.56459389034153,0.00020200001616342564
72.5,A32_B6_K10,729.2271655340751,634.6643103115664,A16_B2_K10,94.56285522250869,94.5626532224916,0.00020200001707833652
72.5,A32_B6_K8,725.8271114802528,634.6643103115664,A16_B2_K10,91.16280116868643,91.16259916866873,0.00020200001768827712
72.5,A32_B4_K10,718.3541056433351,634.6643103115664,A16_B2_K10,83.68979533176866,83.68959333175158,0.00020200001707833652
72.5,A32_B4_K8,714.7162704686781,634.6643103115664,A16_B2_K10,80.0519601571117,80.051758157094,0.00020200001768827712
72.75,A32_B6_K14,740.6668112125374,634.9939126068816,A16_B2_K10,105.67289860565575,105.6726966056402,0.00020200001555348504
72.75,A32_B6_K12,734.7276832368678,634.9939126068816,A16_B2_K10,99.73377062998622,99.73356862997007,0.00020200001616342564
72.75,A32_B6_K10,729.7696754214472,634.9939126068816,A16_B2_K10,94.77576281456561,94.77556081454853,0.00020200001707833652
72.75,A32_B6_K8,726.4089652607743,634.9939126068816,A16_B2_K10,91.41505265389264,91.41485065387495,0.00020200001768827712
72.75,A32_B4_K10,718.9302458709643,634.9939126068816,A16_B2_K10,83.93633326408269,83.93613126406561,0.00020200001707833652
72.75,A32_B4_K8,715.3474690247087,634.9939126068816,A16_B2_K10,80.35355641782712,80.35335441780943,0.00020200001768827712
73.0,A32_B6_K14,741.1246076385767,635.3235149021968,A16_B2_K10,105.80109273637981,105.80089073636427,0.00020200001555348504
73.0,A32_B6_K12,735.2262602718116,635.3235149021968,A16_B2_K10,99.90274536961476,99.9025433695986,0.00020200001616342564
73.0,A32_B6_K10,730.3121853088193,635.3235149021968,A16_B2_K10,94.98867040662242,94.98846840660534,0.00020200001707833652
73.0,A32_B6_K8,726.9908190412956,635.3235149021968,A16_B2_K10,91.66730413909875,91.66710213908105,0.00020200001768827712
73.0,A32_B4_K10,719.5063860985936,635.3235149021968,A16_B2_K10,84.18287119639672,84.18266919637963,0.00020200001707833652
73.0,A32_B4_K8,715.9796308636223,635.3235149021968,A16_B2_K10,80.65611596142548,80.65591396140779,0.00020200001768827712
73.25,A32_B6_K14,741.5824040646161,635.6531171975121,A16_B2_K10,105.929286867104,105.92908486708845,0.00020200001555348504
73.25,A32_B6_K12,735.7248373067553,635.6531171975121,A16_B2_K10,100.07172010924319,100.07151810922703,0.00020200001616342564
73.25,A32_B6_K10,730.8546951961914,635.6531171975121,A16_B2_K10,95.20157799867934,95.20137599866165,0.00020200001768827712
73.25,A32_B6_K8,727.5726728218172,635.6531171975121,A16_B2_K10,91.91955562430508,91.91935362428738,0.00020200001768827712
73.25,A32_B4_K10,720.0825263262229,635.6531171975121,A16_B2_K10,84.42940912871086,84.42920712869316,0.00020200001768827712
73.25,A32_B4_K8,716.6117927025357,635.6531171975121,A16_B2_K10,80.95867550502362,80.95847350500593,0.00020200001768827712
73.5,A32_B6_K14,742.0402004906555,635.9827194928273,A16_B2_K10,106.05748099782818,106.05727899781263,0.00020200001555348504
73.5,A32_B6_K12,736.223414341699,635.9827194928273,A16_B2_K10,100.24069484887173,100.24049284885557,0.00020200001616342564
73.5,A32_B6_K10,731.3972050835634,635.9827194928273,A16_B2_K10,95.41448559073615,95.41428359071845,0.00020200001768827712
73.5,A32_B6_K8,728.1545266023384,635.9827194928273,A16_B2_K10,92.17180710951106,92.17160510949337,0.00020200001768827712
73.5,A32_B4_K10,720.6586665538523,635.9827194928273,A16_B2_K10,84.675947061025,84.6757450610073,0.00020200001768827712
73.5,A32_B4_K8,717.2439545414493,635.9827194928273,A16_B2_K10,81.26123504862198,81.26103304860429,0.00020200001768827712
73.75,A32_B6_K14,742.4979969166948,636.3123217881425,A16_B2_K10,106.18567512855225,106.1854731285367,0.00020200001555348504
73.75,A32_B6_K12,736.7219913766428,636.3123217881425,A16_B2_K10,100.40966958850026,100.4094675884841,0.00020200001616342564
73.75,A32_B6_K10,731.9397149709356,636.3123217881425,A16_B2_K10,95.62739318279307,95.62719118277538,0.00020200001768827712
73.75,A32_B6_K8,728.7363803828599,636.3123217881425,A16_B2_K10,92.4240585947174,92.4238565946997,0.00020200001768827712
73.75,A32_B4_K10,721.2348067814817,636.3123217881425,A16_B2_K10,84.92248499333914,84.92228299332145,0.00020200001768827712
73.75,A32_B4_K8,717.8761163803629,636.3123217881425,A16_B2_K10,81.56379459222035,81.56359259220265,0.00020200001768827712
74.0,A32_B6_K14,742.9557933427341,636.6419240834578,A16_B2_K10,106.31386925927632,106.31366725926077,0.00020200001555348504
74.0,A32_B6_K12,737.2205684115866,636.6419240834578,A16_B2_K10,100.5786443281288,100.57844232811264,0.00020200001616342564
74.0,A32_B6_K10,732.4822248583076,636.6419240834578,A16_B2_K10,95.84030077484988,95.84009877483219,0.00020200001768827712
74.0,A32_B6_K8,729.3182981801097,636.6419240834578,A16_B2_K10,92.6763740966519,92.6761720966336,0.0002020000182982177
74.0,A32_B4_K10,721.8109470091108,636.6419240834578,A16_B2_K10,85.16902292565305,85.16882092563536,0.00020200001768827712
74.0,A32_B4_K8,718.5082782192765,636.6419240834578,A16_B2_K10,81.86635413581871,81.8661521358004,0.0002020000182982177
74.25,A32_B6_K14,743.4135897687735,636.971526378773,A16_B2_K10,106.4420633900005,106.44186138998495,0.00020200001555348504
74.25,A32_B6_K12,737.7191454465303,636.971526378773,A16_B2_K10,100.74761906775734,100.74741706774118,0.00020200001616342564
74.25,A32_B6_K10,733.0247347456798,636.971526378773,A16_B2_K10,96.0532083669068,96.05300636688911,0.00020200001768827712
74.25,A32_B6_K8,729.9002476396676,636.971526378773,A16_B2_K10,92.92872126089458,92.92851926087627,0.0002020000182982177
74.25,A32_B4_K10,722.3870872367402,636.971526378773,A16_B2_K10,85.4155608579672,85.4153588579495,0.00020200001768827712
74.25,A32_B4_K8,719.1404400581899,636.971526378773,A16_B2_K10,82.16891367941696,82.16871167939865,0.0002020000182982177
74.5,A32_B6_K14,743.8713861948129,637.3049127958059,A16_B2_K10,106.56647339900701,106.56627139899146,0.00020200001555348504
74.5,A32_B6_K12,738.2177224814741,637.3049127958059,A16_B2_K10,100.91280968566821,100.91260768565205,0.00020200001616342564
74.5,A32_B6_K10,733.5672446330518,637.3049127958059,A16_B2_K10,96.26233183724594,96.26212983722824,0.00020200001768827712
74.5,A32_B6_K8,730.4821970992255,637.3049127958059,A16_B2_K10,93.17728430341958,93.17708230340128,0.0002020000182982177
74.5,A32_B4_K10,722.9632274643695,637.3049127958059,A16_B2_K10,85.65831466856366,85.65811266854597,0.00020200001768827712
74.5,A32_B4_K8,719.7726018971036,637.3049127958059,A16_B2_K10,82.46768910129776,82.46748710127946,0.0002020000182982177
74.75,A32_B6_K14,744.3291826208522,637.6299303062499,A16_B2_K10,106.69925231460229,106.69905031458674,0.00020200001555348504
74.75,A32_B6_K12,738.7162995164178,637.6299303062499,A16_B2_K10,101.08636921016796,101.0861672101518,0.00020200001616342564
74.75,A32_B6_K10,734.1097545204238,637.6299303062499,A16_B2_K10,96.47982421417396,96.47962221415627,0.00020200001768827712
74.75,A32_B6_K8,731.0641465587832,637.6299303062499,A16_B2_K10,93.43421625253336,93.43401425251506,0.0002020000182982177
74.75,A32_B4_K10,723.5393676919988,637.6299303062499,A16_B2_K10,85.9094373857489,85.90923538573121,0.00020200001768827712
74.75,A32_B4_K8,720.404763736017,637.6299303062499,A16_B2_K10,82.77483342976711,82.77463142974881,0.0002020000182982177
75.0,A32_B6_K14,744.7869790468915,637.9650964208606,A16_B2_K10,106.82188262603086,106.8216806260147,0.00020200001616342564
75.0,A32_B6_K12,739.2148765513616,637.9650964208606,A16_B2_K10,101.249780130501,101.24957813048422,0.00020200001677336623
75.0,A32_B6_K10,734.6522644077959,637.9650964208606,A16_B2_K10,96.68716798693526,96.68696598691696,0.0002020000182982177
75.0,A32_B6_K8,731.6460960183412,637.9650964208606,A16_B2_K10,93.68099959748054,93.68079759746163,0.0002020000189081583
75.0,A32_B4_K10,724.1155079196282,637.9650964208606,A16_B2_K10,86.15041149876754,86.15020949874923,0.0002020000182982177
75.0,A32_B4_K8,721.0369255749306,637.9650964208606,A16_B2_K10,83.07182915406997,83.07162715405107,0.0002020000189081583
75.25,A32_B6_K14,745.2447754729309,638.3071306710286,A16_B2_K10,106.93764480190225,106.93744280188609,0.00020200001616342564
75.25,A32_B6_K12,739.7134535863053,638.3071306710286,A16_B2_K10,101.40632291527663,101.40612091525986,0.00020200001677336623
75.25,A32_B6_K10,735.1947742951681,638.3071306710286,A16_B2_K10,96.88764362413951,96.88744162412121,0.0002020000182982177
75.25,A32_B6_K8,732.228045477899,638.3071306710286,A16_B2_K10,93.92091480687031,93.92071280685141,0.0002020000189081583
75.25,A32_B4_K10,724.6916481472574,638.3071306710286,A16_B2_K10,86.38451747622878,86.38431547621047,0.0002020000182982177
75.25,A32_B4_K8,721.6690874138442,638.3071306710286,A16_B2_K10,83.36195674281555,83.36175474279665,0.0002020000189081583
75.5,A32_B6_K14,745.7034900025426,638.6491649211969,A16_B2_K10,107.05432508134572,107.05412308132956,0.00020200001616342564
75.5,A32_B6_K12,740.212030621249,638.6491649211969,A16_B2_K10,101.56286570005216,101.56266370003539,0.00020200001677336623
75.5,A32_B6_K10,735.7372841825402,638.6491649211969,A16_B2_K10,97.08811926134331,97.087917261325,0.0002020000182982177
75.5,A32_B6_K8,732.8099949374568,638.6491649211969,A16_B2_K10,94.16083001625998,94.16062801624108,0.0002020000189081583
75.5,A32_B4_K10,725.2681137962937,638.6491649211969,A16_B2_K10,86.61894887509686,86.61874687507856,0.0002020000182982177
75.5,A32_B4_K8,722.3012492527578,638.6491649211969,A16_B2_K10,83.6520843315609,83.651882331542,0.0002020000189081583
75.75,A32_B6_K14,746.1623220772306,638.991199171365,A16_B2_K10,107.17112290586556,107.1709209058494,0.00020200001616342564
75.75,A32_B6_K12,740.7106076561928,638.991199171365,A16_B2_K10,101.7194084848278,101.71920648481102,0.00020200001677336623
75.75,A32_B6_K10,736.2797940699122,638.991199171365,A16_B2_K10,97.28859489854722,97.28839289852891,0.0002020000182982177
75.75,A32_B6_K8,733.3919443970148,638.991199171365,A16_B2_K10,94.40074522564976,94.40054322563086,0.0002020000189081583
75.75,A32_B4_K10,725.8447936812081,638.991199171365,A16_B2_K10,86.8535945098431,86.8533925098248,0.0002020000182982177
75.75,A32_B4_K8,722.9334110916712,638.991199171365,A16_B2_K10,83.94221192030625,83.94200992028735,0.0002020000189081583
76.0,A32_B6_K14,746.6211541519186,639.341656688236,A16_B2_K10,107.27949746368267,107.27929546366651,0.00020200001616342564
76.0,A32_B6_K12,741.2091846911366,639.341656688236,A16_B2_K10,101.8675280029006,101.86732600288383,0.00020200001677336623
76.0,A32_B6_K10,736.8223039572842,639.341656688236,A16_B2_K10,97.48064726904829,97.48044526902999,0.0002020000182982177
76.0,A32_B6_K8,733.9738938565727,639.341656688236,A16_B2_K10,94.6322371683367,94.6320351683178,0.0002020000189081583
76.0,A32_B4_K10,726.4214735661224,639.341656688236,A16_B2_K10,87.0798168778864,87.0796148778681,0.0002020000182982177
76.0,A32_B4_K8,723.5660185074586,639.341656688236,A16_B2_K10,84.22436181922262,84.22415981920372,0.0002020000189081583
76.25,A32_B6_K14,747.0799862266067,639.7019233655607,A16_B2_K10,107.37806286104603,107.37786086102987,0.00020200001616342564
76.25,A32_B6_K12,741.7077617260803,639.7019233655607,A16_B2_K10,102.00583836051965,102.00563636050288,0.00020200001677336623
76.25,A32_B6_K10,737.3648138446564,639.7019233655607,A16_B2_K10,97.66289047909572,97.66268847907742,0.0002020000182982177
76.25,A32_B6_K8,734.5558433161304,639.7019233655607,A16_B2_K10,94.85391995056978,94.85371795055087,0.0002020000189081583
76.25,A32_B4_K10,726.9981534510367,639.7019233655607,A16_B2_K10,87.29623008547605,87.29602808545775,0.0002020000182982177
76.25,A32_B4_K8,724.2016443785175,639.7019233655607,A16_B2_K10,84.4997210129568,84.4995190129379,0.0002020000189081583
76.5,A32_B6_K14,747.5388183012949,640.0621900428855,A16_B2_K10,107.47662825840939,107.47642625839323,0.00020200001616342564
76.5,A32_B6_K12,742.206338761024,640.0621900428855,A16_B2_K10,102.14414871813847,102.1439467181217,0.00020200001677336623
76.5,A32_B6_K10,737.9073237320285,640.0621900428855,A16_B2_K10,97.84513368914304,97.84493168912473,0.0002020000182982177
76.5,A32_B6_K8,735.1377927756884,640.0621900428855,A16_B2_K10,95.07560273280285,95.07540073278395,0.0002020000189081583
76.5,A32_B4_K10,727.574833335951,640.0621900428855,A16_B2_K10,87.51264329306548,87.51244129304717,0.0002020000182982177
76.5,A32_B4_K8,724.8372702495765,640.0621900428855,A16_B2_K10,84.77508020669097,84.77487820667207,0.0002020000189081583
76.75,A32_B6_K14,747.9976503759829,640.4245513473118,A16_B2_K10,107.5730990286711,107.57289702865494,0.00020200001616342564
76.75,A32_B6_K12,742.7049157959677,640.4245513473118,A16_B2_K10,102.28036444865597,102.2801624486392,0.00020200001677336623
76.75,A32_B6_K10,738.4498336194006,640.4245513473118,A16_B2_K10,98.02528227208882,98.02508027207051,0.0002020000182982177
76.75,A32_B6_K8,735.7197422352463,640.4245513473118,A16_B2_K10,95.2951908879345,95.2949888879156,0.0002020000189081583
76.75,A32_B4_K10,728.1515132208654,640.4245513473118,A16_B2_K10,87.72696187355359,87.72675987353529,0.0002020000182982177
76.75,A32_B4_K8,725.4728961206356,640.4245513473118,A16_B2_K10,85.04834477332383,85.04814277330493,0.0002020000189081583
77.0,A32_B6_K14,748.456482450671,640.8030376387496,A16_B2_K10,107.65344481192142,107.65324281190526,0.00020200001616342564
77.0,A32_B6_K12,743.2034928309115,640.8030376387496,A16_B2_K10,102.40045519216187,102.4002531921451,0.00020200001677336623
77.0,A32_B6_K10,738.9923435067727,640.8030376387496,A16_B2_K10,98.1893058680231,98.18910386800479,0.0002020000182982177
77.0,A32_B6_K8,736.301691694804,640.8030376387496,A16_B2_K10,95.49865405605442,95.49845205603552,0.0002020000189081583
77.0,A32_B4_K10,728.7281931057796,640.8030376387496,A16_B2_K10,87.92515546702998,87.92495346701168,0.0002020000182982177
77.0,A32_B4_K8,726.1085219916944,640.8030376387496,A16_B2_K10,85.30548435294475,85.30528235292584,0.0002020000189081583
77.25,A32_B6_K14,748.915314525359,641.1815239301876,A16_B2_K10,107.7337905951714,107.73358859515524,0.00020200001616342564
77.25,A32_B6_K12,743.7020698658553,641.1815239301876,A16_B2_K10,102.52054593566766,102.52034393565089,0.00020200001677336623
77.25,A32_B6_K10,739.5348533941449,641.1815239301876,A16_B2_K10,98.35332946395727,98.35312746393896,0.0002020000182982177
77.25,A32_B6_K8,736.883641154362,641.1815239301876,A16_B2_K10,95.70211722417434,95.70191522415544,0.0002020000189081583
77.25,A32_B4_K10,729.3048729906939,641.1815239301876,A16_B2_K10,88.12334906050626,88.12314706048795,0.0002020000182982177
77.25,A32_B4_K8,726.7490038025229,641.1815239301876,A16_B2_K10,85.5674798723353,85.5672778723164,0.0002020000189081583
77.5,A32_B6_K14,749.3741466000472,641.5448411641463,A16_B2_K8,107.82930543590089,107.82910343588412,0.00020200001677336623
77.5,A32_B6_K12,744.200646900799,641.5448411641463,A16_B2_K8,102.65580573665272,102.65560373663534,0.00020200001738330682
77.5,A32_B6_K10,740.0773632815169,641.5448411641463,A16_B2_K8,98.5325221173706,98.5323201173517,0.0002020000189081583
77.5,A32_B6_K8,737.4655906139199,641.5448411641463,A16_B2_K8,95.92074944977355,95.92054744975404,0.0002020000195180989
77.5,A32_B4_K10,729.8815528756081,641.5448411641463,A16_B2_K8,88.33671171146182,88.33650971144291,0.0002020000189081583
77.5,A32_B4_K8,727.3924543279185,641.5448411641463,A16_B2_K8,85.84761316377217,85.84741116375265,0.0002020000195180989
77.75,A32_B6_K14,749.8329786747352,641.8753601921901,A16_B2_K8,107.95761848254506,107.95741648252829,0.00020200001677336623
77.75,A32_B6_K12,744.6992239357428,641.8753601921901,A16_B2_K8,102.82386374355269,102.82366174353531,0.00020200001738330682
77.75,A32_B6_K10,740.619873168889,641.8753601921901,A16_B2_K8,98.74451297669884,98.74431097667994,0.0002020000189081583
77.75,A32_B6_K8,738.0475400734776,641.8753601921901,A16_B2_K8,96.17217988128755,96.17197788126803,0.0002020000195180989
77.75,A32_B4_K10,730.4582327605225,641.8753601921901,A16_B2_K8,88.58287256833239,88.58267056831349,0.0002020000189081583
77.75,A32_B4_K8,728.035904853314,641.8753601921901,A16_B2_K8,86.16054466112394,86.16034266110442,0.0002020000195180989
78.0,A32_B6_K14,750.2918107494233,642.2078478207228,A16_B2_K8,108.08396292870054,108.08376092868377,0.00020200001677336623
78.0,A32_B6_K12,745.1978009706866,642.2078478207228,A16_B2_K8,102.98995314996375,102.98975114994637,0.00020200001738330682
78.0,A32_B6_K10,741.1623830562611,642.2078478207228,A16_B2_K8,98.95453523553829,98.95433323551939,0.0002020000189081583
78.0,A32_B6_K8,738.6294895330356,642.2078478207228,A16_B2_K8,96.42164171231275,96.42143971229324,0.0002020000195180989
78.0,A32_B4_K10,731.0349126454367,642.2078478207228,A16_B2_K8,88.82706482471394,88.82686282469504,0.0002020000189081583
78.0,A32_B4_K8,728.6793553787096,642.2078478207228,A16_B2_K8,86.4715075579868,86.47130555796728,0.0002020000195180989
78.25,A32_B6_K14,750.7506428241114,642.5568091058184,A16_B2_K8,108.19383371829304,108.19363171827627,0.00020200001677336623
78.25,A32_B6_K12,745.6963780056303,642.5568091058184,A16_B2_K8,103.13956889981193,103.13936689979455,0.00020200001738330682
78.25,A32_B6_K10,741.7048929436332,642.5568091058184,A16_B2_K8,99.14808383781485,99.14788183779595,0.0002020000189081583
78.25,A32_B6_K8,739.2114389925935,642.5568091058184,A16_B2_K8,96.65462988677507,96.65442788675556,0.0002020000195180989
78.25,A32_B4_K10,731.6115925303511,642.5568091058184,A16_B2_K8,89.05478342453273,89.05458142451383,0.0002020000189081583
78.25,A32_B4_K8,729.3228059041052,642.5568091058184,A16_B2_K8,86.76599679828678,86.76579479826727,0.0002020000195180989
78.5,A32_B6_K14,751.2094748987995,642.9144480898846,A16_B2_K8,108.29502680891494,108.29482480889817,0.00020200001677336623
78.5,A32_B6_K12,746.1949550405741,642.9144480898846,A16_B2_K8,103.28050695068953,103.28030495067215,0.00020200001738330682
78.5,A32_B6_K10,742.2474028310053,642.9144480898846,A16_B2_K8,99.33295474112072,99.33275274110181,0.0002020000189081583
78.5,A32_B6_K8,739.7933884521514,642.9144480898846,A16_B2_K8,96.8789403622668,96.87873836224729,0.0002020000195180989
78.5,A32_B4_K10,732.1882724152655,642.9144480898846,A16_B2_K8,89.27382432538093,89.27362232536203,0.0002020000189081583
78.5,A32_B4_K8,729.9662564295007,642.9144480898846,A16_B2_K8,87.05180833961617,87.05160633959666,0.0002020000195180989
78.75,A32_B6_K14,751.6683069734875,643.2720870739508,A16_B2_K8,108.39621989953662,108.39601789951985,0.00020200001677336623
78.75,A32_B6_K12,746.6935320755179,643.2720870739508,A16_B2_K8,103.42144500156701,103.42124300154963,0.00020200001738330682
78.75,A32_B6_K10,742.7899127183773,643.2720870739508,A16_B2_K8,99.51782564442647,99.51762364440756,0.0002020000189081583
78.75,A32_B6_K8,740.3753379117093,643.2720870739508,A16_B2_K8,97.10325083775842,97.10304883773891,0.0002020000195180989
78.75,A32_B4_K10,732.7649523001799,643.2720870739508,A16_B2_K8,89.49286522622901,89.49266322621011,0.0002020000189081583
78.75,A32_B4_K8,730.6097069548964,643.2720870739508,A16_B2_K8,87.33761988094557,87.33741788092605,0.0002020000195180989
79.0,A32_B6_K14,752.1271390481756,643.6297260580169,A16_B2_K8,108.49741299015875,108.49721099014198,0.00020200001677336623
79.0,A32_B6_K12,747.1921091104616,643.6297260580169,A16_B2_K8,103.56238305244472,103.56218105242733,0.00020200001738330682
79.0,A32_B6_K10,743.3324226057495,643.6297260580169,A16_B2_K8,99.70269654773256,99.70249454771366,0.0002020000189081583
79.0,A32_B6_K8,740.9572873712671,643.6297260580169,A16_B2_K8,97.32756131325016,97.32735931323064,0.0002020000195180989
79.0,A32_B4_K10,733.341632185094,643.6297260580169,A16_B2_K8,89.7119061270771,89.7117041270582,0.0002020000189081583
79.0,A32_B4_K8,731.253157480292,643.6297260580169,A16_B2_K8,87.62343142227508,87.62322942225556,0.0002020000195180989
79.25,A32_B6_K14,752.5859711228636,643.9873650420832,A16_B2_K8,108.59860608078043,108.59840408076305,0.00020200001738330682
79.25,A32_B6_K12,747.6906861454053,643.9873650420832,A16_B2_K8,103.70332110332208,103.7031191033047,0.00020200001738330682
79.25,A32_B6_K10,743.8749324931216,643.9873650420832,A16_B2_K8,99.88756745103842,99.88736545101952,0.0002020000189081583
79.25,A32_B6_K8,741.5449739142923,643.9873650420832,A16_B2_K8,97.55760887220913,97.55740687218962,0.0002020000195180989
79.25,A32_B4_K10,733.9183120700083,643.9873650420832,A16_B2_K8,89.93094702792507,89.93074502790617,0.0002020000189081583
79.25,A32_B4_K8,731.8966080056875,643.9873650420832,A16_B2_K8,87.90924296360436,87.90904096358484,0.0002020000195180989
79.5,A32_B6_K14,753.0448031975518,644.3458298276466,A16_B2_K8,108.69897336990516,108.69877136988778,0.00020200001738330682
79.5,A32_B6_K12,748.189263180349,644.3458298276466,A16_B2_K8,103.84343335270239,103.84323135268501,0.00020200001738330682
79.5,A32_B6_K10,744.4174423804936,644.3458298276466,A16_B2_K8,100.071612552847,100.0714105528281,0.0002020000189081583
79.5,A32_B6_K8,742.1328774633088,644.3458298276466,A16_B2_K8,97.78704763566213,97.78684563564262,0.0002020000195180989
79.5,A32_B4_K10,734.4949919549226,644.3458298276466,A16_B2_K8,90.14916212727599,90.14896012725708,0.0002020000189081583
79.5,A32_B4_K8,732.5400585310831,644.3458298276466,A16_B2_K8,88.19422870343647,88.19402670341695,0.0002020000195180989
79.75,A32_B6_K14,753.5036352722399,644.704992119393,A16_B2_K8,108.79864315284692,108.79844115282954,0.00020200001738330682
79.75,A32_B6_K12,748.6878402152928,644.704992119393,A16_B2_K8,103.98284809589984,103.98264609588185,0.0002020000179932474
79.75,A32_B6_K10,744.9599522678657,644.704992119393,A16_B2_K8,100.25496014847272,100.25475814845382,0.0002020000189081583
79.75,A32_B6_K8,742.7210894912132,644.704992119393,A16_B2_K8,98.01609737182025,98.01589537180074,0.0002020000195180989
79.75,A32_B4_K10,735.0716718398369,644.704992119393,A16_B2_K8,90.36667972044393,90.36647772042502,0.0002020000189081583
79.75,A32_B4_K8,733.1835090564788,644.704992119393,A16_B2_K8,88.47851693708583,88.47831493706632,0.0002020000195180989
80.0,A32_B6_K14,753.962467346928,645.0692268982679,A16_B2_K8,108.8932404486601,108.89303844864271,0.00020200001738330682
80.0,A32_B6_K12,749.1864172502366,645.0692268982679,A16_B2_K8,104.1171903519687,104.11698835195071,0.0002020000179932474
80.0,A32_B6_K10,745.5024621552379,645.0692268982679,A16_B2_K8,100.43323525697008,100.43303325695118,0.0002020000189081583
80.0,A32_B6_K8,743.311528166778,645.0692268982679,A16_B2_K8,98.24230126851012,98.2420992684906,0.0002020000195180989
80.0,A32_B4_K10,735.6483517247511,645.0692268982679,A16_B2_K8,90.57912482648328,90.57892282646438,0.0002020000189081583
80.0,A32_B4_K8,733.8269595818742,645.0692268982679,A16_B2_K8,88.75773268360638,88.75753068358686,0.0002020000195180989
80.25,A32_B6_K14,754.421299421616,645.4621517916833,A16_B2_K8,108.95914762993277,108.95894562991539,0.00020200001738330682
80.25,A32_B6_K12,749.6849942851802,645.4621517916833,A16_B2_K8,104.22284249349696,104.22264049347896,0.0002020000179932474
80.25,A32_B6_K10,746.04497204261,645.4621517916833,A16_B2_K8,100.58282025092672,100.58261825090781,0.0002020000189081583
80.25,A32_B6_K8,743.901966842343,645.4621517916833,A16_B2_K8,98.43981505065972,98.4396130506402,0.0002020000195180989
80.25,A32_B4_K10,736.2250316096654,645.4621517916833,A16_B2_K8,90.76287981798214,90.76267781796324,0.0002020000189081583
80.25,A32_B4_K8,734.4704101072698,645.4621517916833,A16_B2_K8,89.00825831558654,89.00805631556703,0.0002020000195180989
80.5,A32_B6_K14,754.8801314963041,645.860110616537,A16_B2_K8,109.02002087976712,109.01981887974974,0.00020200001738330682
80.5,A32_B6_K12,750.183571320124,645.860110616537,A16_B2_K8,104.32346070358699,104.323258703569,0.0002020000179932474
80.5,A32_B6_K10,746.5877184806507,645.860110616537,A16_B2_K8,100.72760786411368,100.72740586409478,0.0002020000189081583
80.5,A32_B6_K8,744.4924055179079,645.860110616537,A16_B2_K8,98.63229490137087,98.63209290135136,0.0002020000195180989
80.5,A32_B4_K10,736.8017114945799,645.860110616537,A16_B2_K8,90.94160087804289,90.94139887802399,0.0002020000189081583
80.5,A32_B4_K8,735.1138606326655,645.860110616537,A16_B2_K8,89.25375001612849,89.25354801610898,0.0002020000195180989
80.75,A32_B6_K14,755.3389635709921,646.2678226591174,A16_B2_K8,109.07114091187464,109.07093891185725,0.00020200001738330682
80.75,A32_B6_K12,750.6821483550677,646.2678226591174,A16_B2_K8,104.41432569595031,104.41412369593232,0.0002020000179932474
80.75,A32_B6_K10,747.1335546444732,646.2678226591174,A16_B2_K8,100.86573198535575,100.86552998533685,0.0002020000189081583
80.75,A32_B6_K8,745.0828441934727,646.2678226591174,A16_B2_K8,98.81502153435531,98.8148195343358,0.0002020000195180989
80.75,A32_B4_K10,737.3783913794941,646.2678226591174,A16_B2_K8,91.1105687203767,91.1103667203578,0.0002020000189081583
80.75,A32_B4_K8,735.7573111580612,646.2678226591174,A16_B2_K8,89.48948849894373,89.48928649892422,0.0002020000195180989
81.0,A32_B6_K14,755.7977956456803,646.675775109866,A16_B2_K8,109.12202053581427,109.12181853579689,0.00020200001738330682
81.0,A32_B6_K12,751.1807253900115,646.675775109866,A16_B2_K8,104.50495028014552,104.50474828012753,0.0002020000179932474
81.0,A32_B6_K10,747.681925222946,646.675775109866,A16_B2_K8,101.00615011308003,101.00594811306112,0.0002020000189081583
81.0,A32_B6_K8,745.6739796592964,646.675775109866,A16_B2_K8,98.9982045494304,98.99800254941088,0.0002020000195180989
81.0,A32_B4_K10,737.9550712644084,646.675775109866,A16_B2_K8,91.27929615454241,91.2790941545235,0.0002020000189081583
81.0,A32_B4_K8,736.4007616834567,646.675775109866,A16_B2_K8,89.72498657359074,89.72478457357123,0.0002020000195180989
81.25,A32_B6_K14,756.2566277203683,647.0652766856147,A16_B2_K8,109.19135103475367,109.19114903473628,0.00020200001738330682
81.25,A32_B6_K12,751.6793024249553,647.0652766856147,A16_B2_K8,104.6140257393406,104.61382373932261,0.0002020000179932474
81.25,A32_B6_K10,748.2302958014188,647.0652766856147,A16_B2_K8,101.16501911580417,101.16481711578527,0.0002020000189081583
81.25,A32_B6_K8,746.2667278315737,647.0652766856147,A16_B2_K8,99.20145114595903,99.20124914593951,0.0002020000195180989
81.25,A32_B4_K10,738.5294447899477,647.0652766856147,A16_B2_K8,91.464168104333,91.4639661043141,0.0002020000189081583
81.25,A32_B4_K8,737.0420773308617,647.0652766856147,A16_B2_K8,89.97680064524707,89.97659864522755,0.0002020000195180989
81.5,A32_B6_K14,756.7154597950564,647.4373379466887,A16_B2_K8,109.27812184836773,109.27791984835035,0.00020200001738330682
81.5,A32_B6_K12,752.177879459899,647.4373379466887,A16_B2_K8,104.74054151321036,104.74033951319237,0.0002020000179932474
81.5,A32_B6_K10,748.7786663798918,647.4373379466887,A16_B2_K8,101.3413284332031,101.3411264331842,0.0002020000189081583
81.5,A32_B6_K8,746.8594760038509,647.4373379466887,A16_B2_K8,99.42213805716221,99.4219360571427,0.0002020000195180989
81.5,A32_B4_K10,739.1008680863204,647.4373379466887,A16_B2_K8,91.66353013963169,91.66332813961279,0.0002020000189081583
81.5,A32_B4_K8,737.680582736418,647.4373379466887,A16_B2_K8,90.24324478972937,90.24304278970986,0.0002020000195180989
81.75,A32_B6_K14,757.1742918697445,647.8296294816987,A16_B2_K8,109.34466238804578,109.3444603880284,0.00020200001738330682
81.75,A32_B6_K12,752.6764564948428,647.8296294816987,A16_B2_K8,104.8468270131441,104.8466250131261,0.0002020000179932474
81.75,A32_B6_K10,749.3270369583645,647.8296294816987,A16_B2_K8,101.49740747666578,101.49720547664688,0.0002020000189081583
81.75,A32_B6_K8,747.4522241761282,647.8296294816987,A16_B2_K8,99.6225946944295,99.62239269440998,0.0002020000195180989
81.75,A32_B4_K10,739.6753316192719,647.8296294816987,A16_B2_K8,91.8457021375732,91.8455001375543,0.0002020000189081583
81.75,A32_B4_K8,738.3190881419744,647.8296294816987,A16_B2_K8,90.48945866027566,90.48925666025615,0.0002020000195180989
82.0,A32_B6_K14,757.6331239444326,648.2219675032251,A16_B2_K8,109.41115644120748,109.4109544411901,0.00020200001738330682
82.0,A32_B6_K12,753.1756411803412,648.2219675032251,A16_B2_K8,104.95367367711617,104.95347167709818,0.0002020000179932474
82.0,A32_B6_K10,749.8754075368374,648.2219675032251,A16_B2_K8,101.65344003361236,101.65323803359345,0.0002020000189081583
82.0,A32_B6_K8,748.0449723484055,648.2219675032251,A16_B2_K8,99.82300484518044,99.82280284516092,0.0002020000195180989
82.0,A32_B4_K10,740.2610292544241,648.2219675032251,A16_B2_K8,92.03906175119903,92.03885975118013,0.0002020000189081583
82.0,A32_B4_K8,738.9575935475307,648.2219675032251,A16_B2_K8,90.7356260443056,90.73542404428609,0.0002020000195180989
82.25,A32_B6_K14,758.0919560191206,648.6377526857514,A16_B2_K8,109.45420333336926,109.45400133335188,0.00020200001738330682
82.25,A32_B6_K12,753.6760141299864,648.6377526857514,A16_B2_K8,105.03826144423499,105.038059444217,0.0002020000179932474
82.25,A32_B6_K10,750.4237781153101,648.6377526857514,A16_B2_K8,101.78602542955878,101.78582342953987,0.0002020000189081583
82.25,A32_B6_K8,748.6377205206827,648.6377526857514,A16_B2_K8,99.99996783493134,99.99976583491183,0.0002020000195180989
82.25,A32_B4_K10,740.8495000362391,648.6377526857514,A16_B2_K8,92.21174735048771,92.21154535046881,0.0002020000189081583
82.25,A32_B4_K8,739.5960989530871,648.6377526857514,A16_B2_K8,90.95834626733574,90.95814426731623,0.0002020000195180989
82.5,A32_B6_K14,758.5507880938087,649.0852477409032,A16_B2_K8,109.46554035290546,109.46533835288808,0.00020200001738330682
82.5,A32_B6_K12,754.1763870796312,649.0852477409032,A16_B2_K8,105.091139338728,105.09093733871,0.0002020000179932474
82.5,A32_B6_K10,750.9721486937831,649.0852477409032,A16_B2_K8,101.88690095287984,101.88669895286094,0.0002020000189081583
82.5,A32_B6_K8,749.23046869296,649.0852477409032,A16_B2_K8,100.14522095205677,100.14501895203726,0.0002020000195180989
82.5,A32_B4_K10,741.4481336266447,649.0852477409032,A16_B2_K8,92.36288588574143,92.36268388572253,0.0002020000189081583
82.5,A32_B4_K8,740.2346043586432,649.0852477409032,A16_B2_K8,91.14935661773995,91.14915461772044,0.0002020000195180989
82.75,A32_B6_K14,759.0096201684968,649.5491487700929,A16_B2_K8,109.46047139840391,109.46026939838653,0.00020200001738330682
82.75,A32_B6_K12,754.6767600292761,649.5491487700929,A16_B2_K8,105.12761125918325,105.12740925916526,0.0002020000179932474
82.75,A32_B6_K10,751.5205192722559,649.5491487700929,A16_B2_K8,101.97137050216304,101.97116850214414,0.0002020000189081583
82.75,A32_B6_K8,749.8232168652373,649.5491487700929,A16_B2_K8,100.27406809514446,100.27386609512494,0.0002020000195180989
82.75,A32_B4_K10,742.0522520094937,649.5491487700929,A16_B2_K8,92.50310323940084,92.50290123938194,0.0002020000189081583
82.75,A32_B4_K8,740.8731097641995,649.5491487700929,A16_B2_K8,91.32396099410664,91.32375899408713,0.0002020000195180989
83.0,A32_B6_K14,759.4684522431849,650.0130497992823,A16_B2_K8,109.45540244390259,109.4552004438852,0.00020200001738330682
83.0,A32_B6_K12,755.1751388122543,650.0130497992823,A16_B2_K8,105.16208901297205,105.16188701295405,0.0002020000179932474
83.0,A32_B6_K10,752.0668956857912,650.0130497992823,A16_B2_K8,102.05384588650895,102.05364388649005,0.0002020000189081583
83.0,A32_B6_K8,750.4159650375145,650.0130497992823,A16_B2_K8,100.40291523823225,100.40271323821243,0.0002020000198230692
83.0,A32_B4_K10,742.6563703923428,650.0130497992823,A16_B2_K8,92.64332059306048,92.64311859304158,0.0002020000189081583
83.0,A32_B4_K8,741.5116151697557,650.0130497992823,A16_B2_K8,91.49856537047344,91.49836337045362,0.0002020000198230692
83.25,A32_B6_K14,759.9272843178729,650.4793923794135,A16_B2_K8,109.4478919384594,109.44768993844202,0.00020200001738330682
83.25,A32_B6_K12,755.6709338322117,650.4793923794135,A16_B2_K8,105.19154145279822,105.19133945278023,0.0002020000179932474
83.25,A32_B6_K10,752.6106883345817,650.4793923794135,A16_B2_K8,102.13129595516818,102.13109395514928,0.0002020000189081583
83.25,A32_B6_K8,751.0087132097917,650.4793923794135,A16_B2_K8,100.5293208303782,100.52911883035837,0.0002020000198230692
83.25,A32_B4_K10,743.2604887751918,650.4793923794135,A16_B2_K8,92.78109639577826,92.78089439575936,0.0002020000189081583
83.25,A32_B4_K8,742.150120575312,650.4793923794135,A16_B2_K8,91.6707281958985,91.67052619587868,0.0002020000198230692
83.5,A32_B6_K14,760.386116392561,650.9665263664516,A16_B2_K8,109.4195900261094,109.41938802609202,0.00020200001738330682
83.5,A32_B6_K12,756.1667288521692,650.9665263664516,A16_B2_K8,105.20020248571757,105.20000048569958,0.0002020000179932474
83.5,A32_B6_K10,753.1544809833724,650.9665263664516,A16_B2_K8,102.18795461692082,102.18775261690192,0.0002020000189081583
83.5,A32_B6_K8,751.601461382069,650.9665263664516,A16_B2_K8,100.63493501561743,100.6347330155976,0.0002020000198230692
83.5,A32_B4_K10,743.8646071580408,650.9665263664516,A16_B2_K8,92.89808079158922,92.89787879157032,0.0002020000189081583
83.5,A32_B4_K8,742.7923870259922,650.9665263664516,A16_B2_K8,91.82586065954058,91.82565865952076,0.0002020000198230692
83.75,A32_B6_K14,760.8449484672492,651.4595469009113,A16_B2_K8,109.38540156633792,109.38519956632054,0.00020200001738330682
83.75,A32_B6_K12,756.6625238721267,651.4595469009113,A16_B2_K8,105.20297697121543,105.20277497119744,0.0002020000179932474
83.75,A32_B6_K10,753.6982736321629,651.4595469009113,A16_B2_K8,102.23872673125163,102.23852473123273,0.0002020000189081583
83.75,A32_B6_K8,752.1942095543463,651.4595469009113,A16_B2_K8,100.73466265343507,100.73446065341524,0.0002020000198230692
83.75,A32_B4_K10,744.4687255408899,651.4595469009113,A16_B2_K8,93.00917863997859,93.00897663995968,0.0002020000189081583
83.75,A32_B4_K8,743.4385207029065,651.4595469009113,A16_B2_K8,91.97897380199527,91.97877180197544,0.0002020000198230692
84.0,A32_B6_K14,761.3037805419372,651.9635082241026,A16_B2_K8,109.34027231783455,109.34007031781717,0.00020200001738330682
84.0,A32_B6_K12,757.158318892084,651.9635082241026,A16_B2_K8,105.19481066798141,105.19460866796342,0.0002020000179932474
84.0,A32_B6_K10,754.2420662809534,651.9635082241026,A16_B2_K8,102.27855805685078,102.27835605683188,0.0002020000189081583
84.0,A32_B6_K8,752.7869577266235,651.9635082241026,A16_B2_K8,100.82344950252093,100.8232475025011,0.0002020000198230692
84.0,A32_B4_K10,745.0728439237389,651.9635082241026,A16_B2_K8,93.10933569963629,93.10913369961739,0.0002020000189081583
84.0,A32_B4_K8,744.0837174006543,651.9635082241026,A16_B2_K8,92.12020917655173,92.1200071765319,0.0002020000198230692
84.25,A32_B6_K14,761.7605063230054,652.4228361671965,A16_B2_K10,109.33767015580895,109.33746815579218,0.00020200001677336623
84.25,A32_B6_K12,757.6541139120415,652.4228361671965,A16_B2_K10,105.23127774484499,105.2310757448276,0.00020200001738330682
84.25,A32_B6_K10,754.785858929744,652.4228361671965,A16_B2_K10,102.36302276254753,102.36282076252922,0.0002020000182982177
84.25,A32_B6_K8,753.3797058989009,652.4228361671965,A16_B2_K10,100.95686973170439,100.95666773168517,0.0002020000192131286
84.25,A32_B4_K10,745.6769623065878,652.4228361671965,A16_B2_K10,93.25412613939136,93.25392413937305,0.0002020000182982177
84.25,A32_B4_K8,744.7289140984022,652.4228361671965,A16_B2_K10,92.30607793120578,92.30587593118656,0.0002020000192131286
84.5,A32_B6_K14,762.2140147915737,652.8690030975622,A16_B2_K10,109.34501169401153,109.34480969399476,0.00020200001677336623
84.5,A32_B6_K12,758.1499089319989,652.8690030975622,A16_B2_K10,105.28090583443668,105.2807038344193,0.00020200001738330682
84.5,A32_B6_K10,755.3296515785346,652.8690030975622,A16_B2_K10,102.4606484809724,102.46044648095409,0.0002020000182982177
84.5,A32_B6_K8,753.9724540711782,652.8690030975622,A16_B2_K10,101.10345097361596,101.10324897359675,0.0002020000192131286
84.5,A32_B4_K10,746.2810806894369,652.8690030975622,A16_B2_K10,93.41207759187466,93.41187559185636,0.0002020000182982177
84.5,A32_B4_K8,745.3741107961501,652.8690030975622,A16_B2_K10,92.50510769858795,92.50490569856873,0.0002020000192131286
84.75,A32_B6_K14,762.6675232601419,653.347704488694,A16_B2_K10,109.3198187714479,109.31961677143113,0.00020200001677336623
84.75,A32_B6_K12,758.6457039519563,653.347704488694,A16_B2_K10,105.29799946326227,105.29779746324489,0.00020200001738330682
84.75,A32_B6_K10,755.8734442273251,653.347704488694,A16_B2_K10,102.52573973863105,102.52553773861274,0.0002020000182982177
84.75,A32_B6_K8,754.5652022434555,653.347704488694,A16_B2_K10,101.21749775476144,101.21729575474222,0.0002020000192131286
84.75,A32_B4_K10,746.8851990722859,653.347704488694,A16_B2_K10,93.53749458359187,93.53729258357356,0.0002020000182982177
84.75,A32_B4_K8,746.019307493898,653.347704488694,A16_B2_K10,92.67160300520402,92.6714010051848,0.0002020000192131286
85.0,A32_B6_K14,763.1210317287102,653.8264058798259,A16_B2_K10,109.29462584888438,109.29442384886761,0.00020200001677336623
85.0,A32_B6_K12,759.1414989719137,653.8264058798259,A16_B2_K10,105.31509309208786,105.31489109207048,0.00020200001738330682
85.0,A32_B6_K10,756.4172368761156,653.8264058798259,A16_B2_K10,102.5908309962897,102.59062899627139,0.0002020000182982177
85.0,A32_B6_K8,755.1579504157327,653.8264058798259,A16_B2_K10,101.3315445359068,101.33134253588759,0.0002020000192131286
85.0,A32_B4_K10,747.4893174551349,653.8264058798259,A16_B2_K10,93.66291157530907,93.66270957529076,0.0002020000182982177
85.0,A32_B4_K8,746.666872124391,653.8264058798259,A16_B2_K10,92.84046624456516,92.84026424454595,0.0002020000192131286
85.25,A32_B6_K14,763.5745401972786,654.3056985601459,A16_B2_K10,109.26884163713271,109.26863963711594,0.00020200001677336623
85.25,A32_B6_K12,759.6372939918712,654.3056985601459,A16_B2_K10,105.3315954317253,105.33139343170792,0.00020200001738330682
85.25,A32_B6_K10,756.9610295249062,654.3056985601459,A16_B2_K10,102.65533096476031,102.655128964742,0.0002020000182982177
85.25,A32_B6_K8,755.75069858801,654.3056985601459,A16_B2_K10,101.44500002786413,101.44479802784491,0.0002020000192131286
85.25,A32_B4_K10,748.0934358379839,654.3056985601459,A16_B2_K10,93.787737277838,93.7875352778197,0.0002020000182982177
85.25,A32_B4_K8,747.3178036857702,654.3056985601459,A16_B2_K10,93.01210512562432,93.0119031256051,0.0002020000192131286
85.5,A32_B6_K14,764.0280486658469,654.7943431244396,A16_B2_K10,109.23370554140729,109.23350354139052,0.00020200001677336623
85.5,A32_B6_K12,760.1330890118286,654.7943431244396,A16_B2_K10,105.338745887389,105.33854388737161,0.00020200001738330682
85.5,A32_B6_K10,757.5048221736967,654.7943431244396,A16_B2_K10,102.71047904925706,102.71027704923875,0.0002020000182982177
85.5,A32_B6_K8,756.3434467602872,654.7943431244396,A16_B2_K10,101.54910363584759,101.54890163582837,0.0002020000192131286
85.5,A32_B4_K10,748.6975542208329,654.7943431244396,A16_B2_K10,93.9032110963933,93.903009096375,0.0002020000182982177
85.5,A32_B4_K8,747.9687352471494,654.7943431244396,A16_B2_K10,93.17439212270983,93.17419012269062,0.0002020000192131286
85.75,A32_B6_K14,764.4815571344152,655.3043099852305,A16_B2_K10,109.17724714918472,109.17704514916795,0.00020200001677336623
85.75,A32_B6_K12,760.628884031786,655.3043099852305,A16_B2_K10,105.32457404655554,105.32437204653816,0.00020200001738330682
85.75,A32_B6_K10,758.0486148224873,655.3043099852305,A16_B2_K10,102.74430483725678,102.74410283723847,0.0002020000182982177
85.75,A32_B6_K8,756.9361949325644,655.3043099852305,A16_B2_K10,101.6318849473339,101.63168294731469,0.0002020000192131286
85.75,A32_B4_K10,749.3016726036819,655.3043099852305,A16_B2_K10,93.99736261845146,93.99716061843316,0.0002020000182982177
85.75,A32_B4_K8,748.6196668085286,655.3043099852305,A16_B2_K10,93.31535682329809,93.31515482327887,0.0002020000192131286
86.0,A32_B6_K14,764.9350656029835,655.8335045539563,A16_B2_K10,109.10156104902717,109.1013590490104,0.00020200001677336623
86.0,A32_B6_K12,761.1253216941542,655.8335045539563,A16_B2_K10,105.29181714019785,105.29161514018047,0.00020200001738330682
86.0,A32_B6_K10,758.5924074712779,655.8335045539563,A16_B2_K10,102.7589029173215,102.7587009173032,0.0002020000182982177
86.0,A32_B6_K8,757.5289431048418,655.8335045539563,A16_B2_K10,101.69543855088546,101.69523655086624,0.0002020000192131286
86.0,A32_B4_K10,749.905790986531,655.8335045539563,A16_B2_K10,94.07228643257463,94.07208443255632,0.0002020000182982177
86.0,A32_B4_K8,749.2707549379139,655.8335045539563,A16_B2_K10,93.43725038395758,93.43704838393836,0.0002020000192131286
86.25,A32_B6_K14,765.3885740715517,656.3627504950668,A16_B2_K10,109.02582357648487,109.0256215764681,0.00020200001677336623
86.25,A32_B6_K12,761.6226330113965,656.3627504950668,A16_B2_K10,105.25988251632964,105.25968051631226,0.00020200001738330682
86.25,A32_B6_K10,759.1362001200683,656.3627504950668,A16_B2_K10,102.77344962500149,102.77324762498318,0.0002020000182982177
86.25,A32_B6_K8,758.121691277119,656.3627504950668,A16_B2_K10,101.75894078205215,101.75873878203294,0.0002020000192131286
86.25,A32_B4_K10,750.50990936938,656.3627504950668,A16_B2_K10,94.14715887431316,94.14695687429486,0.0002020000182982177
86.25,A32_B4_K8,749.9219670283574,656.3627504950668,A16_B2_K10,93.55921653329051,93.5590145332713,0.0002020000192131286
86.5,A32_B6_K14,765.8420825401201,656.8947327315144,A16_B2_K10,108.94734980860574,108.94714780858897,0.00020200001677336623
86.5,A32_B6_K12,762.1199443286387,656.8947327315144,A16_B2_K10,105.22521159712426,105.22500959710688,0.00020200001738330682
86.5,A32_B6_K10,759.6799927688589,656.8947327315144,A16_B2_K10,102.78526003734453,102.78505803732622,0.0002020000182982177
86.5,A32_B6_K8,758.7144394493963,656.8947327315144,A16_B2_K10,101.8197067178819,101.81950471786269,0.0002020000192131286
86.5,A32_B4_K10,751.114027752229,656.8947327315144,A16_B2_K10,94.21929502071464,94.21909302069633,0.0002020000182982177
86.5,A32_B4_K8,750.5731791188008,656.8947327315144,A16_B2_K10,93.67844638728639,93.67824438726717,0.0002020000192131286
86.75,A32_B6_K14,766.2955910086882,657.4267149679621,A16_B2_K10,108.86887604072615,108.86867404070938,0.00020200001677336623
86.75,A32_B6_K12,762.617255645881,657.4267149679621,A16_B2_K10,105.19054067791888,105.1903386779015,0.00020200001738330682
86.75,A32_B6_K10,760.2237854176494,657.4267149679621,A16_B2_K10,102.79707044968734,102.79686844966903,0.0002020000182982177
86.75,A32_B6_K8,759.3071876216735,657.4267149679621,A16_B2_K10,101.88047265371142,101.88027065369221,0.0002020000192131286
86.75,A32_B4_K10,751.7181461350781,657.4267149679621,A16_B2_K10,94.291431167116,94.2912291670977,0.0002020000182982177
86.75,A32_B4_K8,751.2243912092441,657.4267149679621,A16_B2_K10,93.79767624128203,93.79747424126282,0.0002020000192131286
87.0,A32_B6_K14,766.7490994772566,657.9728392382308,A16_B2_K10,108.77626023902576,108.77605823900899,0.00020200001677336623
87.0,A32_B6_K12,763.1145669631233,657.9728392382308,A16_B2_K10,105.14172772489246,105.14152572487508,0.00020200001738330682
87.0,A32_B6_K10,760.7675780664399,657.9728392382308,A16_B2_K10,102.79473882820912,102.79453682819081,0.0002020000182982177
87.0,A32_B6_K8,759.8999357939509,657.9728392382308,A16_B2_K10,101.92709655572014,101.92689455570093,0.0002020000192131286
87.0,A32_B4_K10,752.322264517927,657.9728392382308,A16_B2_K10,94.34942527969622,94.34922327967791,0.0002020000182982177
87.0,A32_B4_K8,751.8756032996876,657.9728392382308,A16_B2_K10,93.90276406145676,93.90256206143755,0.0002020000192131286
87.25,A32_B6_K14,767.2026079458249,658.5204807003289,A16_B2_K10,108.68212724549596,108.68192524547919,0.00020200001677336623
87.25,A32_B6_K12,763.6118782803655,658.5204807003289,A16_B2_K10,105.09139758003664,105.09119558001926,0.00020200001738330682
87.25,A32_B6_K10,761.3113707152306,658.5204807003289,A16_B2_K10,102.79089001490172,102.79068801488341,0.0002020000182982177
87.25,A32_B6_K8,760.492683966228,658.5204807003289,A16_B2_K10,101.97220326589911,101.9720012658799,0.0002020000192131286
87.25,A32_B4_K10,752.926382900776,658.5204807003289,A16_B2_K10,94.40590220044714,94.40570020042884,0.0002020000182982177
87.25,A32_B4_K8,752.526815390131,658.5204807003289,A16_B2_K10,94.00633468980209,94.00613268978287,0.0002020000192131286
87.5,A32_B6_K14,767.6561164143932,659.0787905262367,A16_B2_K10,108.57732588815645,108.57712388813968,0.00020200001677336623
87.5,A32_B6_K12,764.1091895976078,659.0787905262367,A16_B2_K10,105.03039907137111,105.03019707135373,0.00020200001738330682
87.5,A32_B6_K10,761.8551633640211,659.0787905262367,A16_B2_K10,102.77637283778438,102.77617083776607,0.0002020000182982177
87.5,A32_B6_K8,761.0854321385054,659.0787905262367,A16_B2_K10,102.00664161226871,102.0064396122495,0.0002020000192131286
87.5,A32_B4_K10,753.5305012836251,659.0787905262367,A16_B2_K10,94.45171075738835,94.45150875737005,0.0002020000182982177
87.5,A32_B4_K8,753.1780274805744,659.0787905262367,A16_B2_K10,94.0992369543377,94.09903495431848,0.0002020000192131286
87.75,A32_B6_K14,768.1096248829614,659.6371184230836,A16_B2_K10,108.47250645987776,108.472304459861,0.00020200001677336623
87.75,A32_B6_K12,764.60650091485,659.6371184230836,A16_B2_K10,104.9693824917664,104.96918049174901,0.00020200001738330682
87.75,A32_B6_K10,762.3989560128116,659.6371184230836,A16_B2_K10,102.76183758972797,102.76163558970967,0.0002020000182982177
87.75,A32_B6_K8,761.6781803107826,659.6371184230836,A16_B2_K10,102.04106188769902,102.0408598876798,0.0002020000192131286
87.75,A32_B4_K10,754.1346196664741,659.6371184230836,A16_B2_K10,94.4975012433905,94.4972992433722,0.0002020000182982177
87.75,A32_B4_K8,753.8292395710178,659.6371184230836,A16_B2_K10,94.19212114793413,94.19191914791492,0.0002020000192131286
88.0,A32_B6_K14,768.5631333515298,660.1961385408605,A16_B2_K10,108.36699481066933,108.36679281065256,0.00020200001677336623
88.0,A32_B6_K12,765.1038122320923,660.1961385408605,A16_B2_K10,104.90767369123182,104.90747169121444,0.00020200001738330682
88.0,A32_B6_K10,762.9427486616021,660.1961385408605,A16_B2_K10,102.7466101207416,102.74640812072329,0.0002020000182982177
88.0,A32_B6_K8,762.27092848306,660.1961385408605,A16_B2_K10,102.07478994219946,102.07458794218024,0.0002020000192131286
88.0,A32_B4_K10,754.738738049323,660.1961385408605,A16_B2_K10,94.54259950846256,94.54239750844425,0.0002020000182982177
88.0,A32_B4_K8,754.4804516614612,660.1961385408605,A16_B2_K10,94.2843131206007,94.28411112058149,0.0002020000192131286
88.25,A32_B6_K14,769.016641820098,660.7575884806147,A16_B2_K10,108.25905333948333,108.25885133946656,0.00020200001677336623
88.25,A32_B6_K12,765.6011235493345,660.7575884806147,A16_B2_K10,104.8435350687198,104.84333306870242,0.00020200001738330682
88.25,A32_B6_K10,763.4865413103928,660.7575884806147,A16_B2_K10,102.72895282977811,102.7287508297598,0.0002020000182982177
88.25,A32_B6_K8,762.8636766553373,660.7575884806147,A16_B2_K10,102.10608817472257,102.10588617470336,0.0002020000192131286
88.25,A32_B4_K10,755.3428564321722,660.7575884806147,A16_B2_K10,94.58526795155751,94.5850659515392,0.0002020000182982177
88.25,A32_B4_K8,755.1384739054254,660.7575884806147,A16_B2_K10,94.38088542481069,94.38068342479147,0.0002020000192131286
88.5,A32_B6_K14,769.4701502886662,661.3190384203688,A16_B2_K10,108.15111186829745,108.15090986828068,0.00020200001677336623
88.5,A32_B6_K12,766.0984348665768,661.3190384203688,A16_B2_K10,104.77939644620801,104.77919444619063,0.00020200001738330682
88.5,A32_B6_K10,764.0303339591833,661.3190384203688,A16_B2_K10,102.71129553881451,102.7110935387962,0.0002020000182982177
88.5,A32_B6_K8,763.4564248276145,661.3190384203688,A16_B2_K10,102.13738640724569,102.13718440722647,0.0002020000192131286
88.5,A32_B4_K10,755.9469748150211,661.3190384203688,A16_B2_K10,94.62793639465235,94.62773439463405,0.0002020000182982177
88.5,A32_B4_K8,755.7979216875061,661.3190384203688,A16_B2_K10,94.47888326713735,94.47868126711813,0.0002020000192131286
88.75,A32_B6_K14,769.9204859746825,661.880488360123,A16_B2_K10,108.03999761455952,108.03979561454275,0.00020200001677336623
88.75,A32_B6_K12,766.558694572193,661.880488360123,A16_B2_K10,104.67820621207,104.67800421205261,0.00020200001738330682
88.75,A32_B6_K10,764.5295178525977,661.880488360123,A16_B2_K10,102.64902949247471,102.6488274924564,0.0002020000182982177
88.75,A32_B6_K8,764.0086443585153,661.880488360123,A16_B2_K10,102.12815599839234,102.12795399837313,0.0002020000192131286
88.75,A32_B4_K10,756.4495923491172,661.880488360123,A16_B2_K10,94.56910398899424,94.56890198897594,0.0002020000182982177
88.75,A32_B4_K8,756.3760237307149,661.880488360123,A16_B2_K10,94.49553537059194,94.49533337057272,0.0002020000192131286
89.0,A32_B6_K14,770.3684028351779,662.3677771604163,A16_B2_K12,108.00062567476164,108.00042367474548,0.00020200001616342564
89.0,A32_B6_K12,767.0185245929431,662.3677771604163,A16_B2_K12,104.65074743252683,104.65054543251006,0.00020200001677336623
89.0,A32_B6_K10,764.9946934916848,662.3677771604163,A16_B2_K12,102.62691633126849,102.6267143312508,0.00020200001768827712
89.0,A32_B6_K8,764.5299661803933,662.3677771604163,A16_B2_K12,102.16218901997706,102.16198701995846,0.000202000018603188
89.0,A32_B4_K10,756.8730511958994,662.3677771604163,A16_B2_K12,94.50527403548313,94.50507203546543,0.00020200001768827712
89.0,A32_B4_K8,756.8921104463795,662.3677771604163,A16_B2_K12,94.52433328596328,94.52413128594468,0.000202000018603188
89.25,A32_B6_K14,770.8221842603584,662.770899639052,A16_B2_K12,108.05128462130642,108.05108262129026,0.00020200001616342564
89.25,A32_B6_K12,767.5029691356032,662.770899639052,A16_B2_K12,104.73206949655116,104.73186749653408,0.00020200001707833652
89.25,A32_B6_K10,765.4591456607199,662.770899639052,A16_B2_K12,102.68824602166785,102.68804402165016,0.00020200001768827712
89.25,A32_B6_K8,765.0505645322194,662.770899639052,A16_B2_K12,102.27966489316736,102.27946289314876,0.000202000018603188
89.25,A32_B4_K10,757.2991316223415,662.770899639052,A16_B2_K12,94.52823198328952,94.52802998327182,0.00020200001768827712
89.25,A32_B4_K8,757.4081971620443,662.770899639052,A16_B2_K12,94.6372975229923,94.6370955229737,0.000202000018603188
89.5,A32_B6_K14,771.2784820762132,663.1834117797873,A16_B2_K12,108.09507029642589,108.09486829640973,0.00020200001616342564
89.5,A32_B6_K12,767.9913766327865,663.1834117797873,A16_B2_K12,104.80796485299913,104.80776285298205,0.00020200001707833652
89.5,A32_B6_K10,765.9231141057966,663.1834117797873,A16_B2_K12,102.73970232600925,102.73950032599095,0.0002020000182982177
89.5,A32_B6_K8,765.5706791600871,663.1834117797873,A16_B2_K12,102.38726738029982,102.38706538028121,0.000202000018603188
89.5,A32_B4_K10,757.7347593555298,663.1834117797873,A16_B2_K12,94.55134757574251,94.5511455757242,0.0002020000182982177
89.5,A32_B4_K8,757.8991518725006,663.1834117797873,A16_B2_K12,94.7157400927133,94.7155380926947,0.000202000018603188
89.75,A32_B6_K14,771.7347798920682,663.5964877519087,A16_B2_K12,108.13829214015948,108.13809014014332,0.00020200001616342564
89.75,A32_B6_K12,768.4797841299697,663.5964877519087,A16_B2_K12,104.883296378061,104.88309437804392,0.00020200001707833652
89.75,A32_B6_K10,766.3870825508734,663.5964877519087,A16_B2_K12,102.79059479896466,102.79039279894636,0.0002020000182982177
89.75,A32_B6_K8,766.0940200400487,663.5964877519087,A16_B2_K12,102.49753228813995,102.49733028812135,0.000202000018603188
89.75,A32_B4_K10,758.1703870887178,663.5964877519087,A16_B2_K12,94.57389933680906,94.57369733679076,0.0002020000182982177
89.75,A32_B4_K8,758.3887686011861,663.5964877519087,A16_B2_K12,94.7922808492774,94.7920788492588,0.000202000018603188
90.0,A32_B6_K14,772.1910777079229,664.0167380322596,A16_B2_K12,108.1743396756633,108.17413767564715,0.00020200001616342564
90.0,A32_B6_K12,768.9681916271531,664.0167380322596,A16_B2_K12,104.95145359489356,104.95125159487648,0.00020200001707833652
90.0,A32_B6_K10,766.8510509959501,664.0167380322596,A16_B2_K12,102.83431296369054,102.83411096367223,0.0002020000182982177
90.0,A32_B6_K8,766.6201064377359,664.0167380322596,A16_B2_K12,102.60336840547632,102.60316640545771,0.000202000018603188
90.0,A32_B4_K10,758.606014821906,664.0167380322596,A16_B2_K12,94.58927678964642,94.58907478962811,0.0002020000182982177
90.0,A32_B4_K8,758.8806673643826,664.0167380322596,A16_B2_K12,94.863929332123,94.8637273321044,0.000202000018603188
90.25,A32_B6_K14,772.6473755237776,664.4431687835108,A16_B2_K12,108.20420674026673,108.20400474024996,0.00020200001677336623
90.25,A32_B6_K12,769.4565991243364,664.4431687835108,A16_B2_K12,105.01343034082561,105.01322834080852,0.00020200001707833652
90.25,A32_B6_K10,767.3153946699447,664.4431687835108,A16_B2_K12,102.87222588643385,102.87202388641555,0.0002020000182982177
90.25,A32_B6_K8,767.1461928354231,664.4431687835108,A16_B2_K12,102.70302405191228,102.70282205189368,0.000202000018603188
90.25,A32_B4_K10,759.0490778924872,664.4431687835108,A16_B2_K12,94.60590910897633,94.60570710895803,0.0002020000182982177
90.25,A32_B4_K8,759.3823665494292,664.4431687835108,A16_B2_K12,94.93919776591838,94.93899576589978,0.000202000018603188
90.5,A32_B6_K14,773.1036733396325,664.8753068267413,A16_B2_K12,108.22836651289117,108.2281645128744,0.00020200001677336623
90.5,A32_B6_K12,769.9450066215198,664.8753068267413,A16_B2_K12,105.06969979477856,105.06949779476147,0.00020200001707833652
90.5,A32_B6_K10,767.7818231688159,664.8753068267413,A16_B2_K12,102.90651634207461,102.9063143420563,0.0002020000182982177
90.5,A32_B6_K8,767.6722792331102,664.8753068267413,A16_B2_K12,102.79697240636892,102.79677040635032,0.000202000018603188
90.5,A32_B4_K10,759.4968217729588,664.8753068267413,A16_B2_K12,94.62151494621753,94.62131294619923,0.0002020000182982177
90.5,A32_B4_K8,759.8840657344756,664.8753068267413,A16_B2_K12,95.00875890773432,95.00855690771571,0.000202000018603188
90.75,A32_B6_K14,773.5599711554871,665.3295850044155,A16_B2_K12,108.23038615107157,108.2301841510548,0.00020200001677336623
90.75,A32_B6_K12,770.4334141187032,665.3295850044155,A16_B2_K12,105.10382911428769,105.10362711427061,0.00020200001707833652
90.75,A32_B6_K10,768.2537481961687,665.3295850044155,A16_B2_K12,102.92416319175311,102.9239611917348,0.0002020000182982177
90.75,A32_B6_K8,768.1983656307975,665.3295850044155,A16_B2_K12,102.86878062638198,102.86857862636337,0.000202000018603188
90.75,A32_B4_K10,759.9445656534303,665.3295850044155,A16_B2_K12,94.6149806490148,94.61477864899649,0.0002020000182982177
90.75,A32_B4_K8,760.3857649195221,665.3295850044155,A16_B2_K12,95.05617991510655,95.05597791508795,0.000202000018603188
91.0,A32_B6_K14,774.016268971342,665.7838631820898,A16_B2_K12,108.2324057892522,108.23220378923543,0.00020200001677336623
91.0,A32_B6_K12,770.9218216158864,665.7838631820898,A16_B2_K12,105.1379584337966,105.13775643377951,0.00020200001707833652
91.0,A32_B6_K10,768.7515469175248,665.7838631820898,A16_B2_K12,102.967683735435,102.9674817354167,0.0002020000182982177
91.0,A32_B6_K8,768.7244520284846,665.7838631820898,A16_B2_K12,102.9405888463948,102.9403868463762,0.000202000018603188
91.0,A32_B4_K10,760.392309533902,665.7838631820898,A16_B2_K12,94.60844635181218,94.60824435179387,0.0002020000182982177
91.0,A32_B4_K8,760.8911863761384,665.7838631820898,A16_B2_K12,95.1073231940486,95.10712119403,0.000202000018603188
91.25,A32_B6_K14,774.3867817449382,666.2467707667139,A16_B2_K12,108.14001097822427,108.1398089782075,0.00020200001677336623
91.25,A32_B6_K12,771.3252564710857,666.2467707667139,A16_B2_K12,105.07848570437181,105.07828370435473,0.00020200001707833652
91.25,A32_B6_K10,769.19779544286,666.2467707667139,A16_B2_K12,102.95102467614606,102.95082267612776,0.0002020000182982177
91.25,A32_B6_K8,769.2197285641926,666.2467707667139,A16_B2_K12,102.97295779747867,102.97275579746007,0.000202000018603188
91.25,A32_B4_K10,760.769630872707,666.2467707667139,A16_B2_K12,94.52286010599312,94.52265810597481,0.0002020000182982177
91.25,A32_B4_K8,761.3344865109785,666.2467707667139,A16_B2_K12,95.08771574426464,95.08751374424604,0.000202000018603188
91.5,A32_B6_K14,774.7286719100234,666.7381890164934,A16_B2_K12,107.99048289353004,107.99028089351327,0.00020200001677336623
91.5,A32_B6_K12,771.7003397791905,666.7381890164934,A16_B2_K12,104.96215076269709,104.96194876268001,0.00020200001707833652
91.5,A32_B6_K10,769.6155996411926,666.7381890164934,A16_B2_K12,102.87741062469922,102.87720862468092,0.0002020000182982177
91.5,A32_B6_K8,769.7047252353173,666.7381890164934,A16_B2_K12,102.96653621882388,102.96633421880527,0.000202000018603188
91.5,A32_B4_K10,761.1234553781785,666.7381890164934,A16_B2_K12,94.38526636168513,94.38506436166682,0.0002020000182982177
91.5,A32_B4_K8,761.7542898124856,666.7381890164934,A16_B2_K12,95.0161007959922,95.0158987959736,0.000202000018603188
91.75,A32_B6_K14,775.0705620751089,667.0165872662415,A16_B4_K16,108.05397480886745,108.0537728088522,0.00020200001524851475
91.75,A32_B6_K12,772.0754230872951,667.0165872662415,A16_B4_K16,105.05883582105366,105.05863382103811,0.00020200001555348504
91.75,A32_B6_K10,770.0334038395251,667.0165872662415,A16_B4_K16,103.01681657328368,103.0166145732669,0.00020200001677336623
91.75,A32_B6_K8,770.1916478849688,667.0165872662415,A16_B4_K16,103.17506061872734,103.17485861871026,0.00020200001707833652
91.75,A32_B4_K10,761.4772798836502,667.0165872662415,A16_B4_K16,94.46069261740877,94.460490617392,0.00020200001677336623
91.75,A32_B4_K8,762.1740931139926,667.0165872662415,A16_B4_K16,95.15750584775117,95.15730384773408,0.00020200001707833652
92.0,A32_B6_K14,775.4124522401943,667.2173762017736,A16_B4_K16,108.19507603842067,108.19487403840542,0.00020200001524851475
92.0,A32_B6_K12,772.4505063953998,667.2173762017736,A16_B4_K16,105.23313019362615,105.2329281936106,0.00020200001555348504
92.0,A32_B6_K10,770.4512080378577,667.2173762017736,A16_B4_K16,103.23383183608405,103.23362983606728,0.00020200001677336623
92.0,A32_B6_K8,770.680787037039,667.2173762017736,A16_B4_K16,103.46341083526534,103.46320883524825,0.00020200001707833652
92.0,A32_B4_K10,761.831104389122,667.2173762017736,A16_B4_K16,94.61372818734833,94.61352618733156,0.00020200001677336623
92.0,A32_B4_K8,762.5938964154996,667.2173762017736,A16_B4_K16,95.37652021372594,95.37631821370886,0.00020200001707833652
92.25,A32_B6_K14,775.7543424052799,667.4181651373058,A16_B4_K16,108.33617726797411,108.33597526795886,0.00020200001524851475
92.25,A32_B6_K12,772.8255897035043,667.4181651373058,A16_B4_K16,105.40742456619853,105.40722256618298,0.00020200001555348504
92.25,A32_B6_K10,770.8690122361902,667.4181651373058,A16_B4_K16,103.45084709888442,103.45064509886765,0.00020200001677336623
92.25,A32_B6_K8,771.169926189109,667.4181651373058,A16_B4_K16,103.75176105180321,103.75155905178613,0.00020200001707833652
92.25,A32_B4_K10,762.1849288945937,667.4181651373058,A16_B4_K16,94.76676375728789,94.76656175727112,0.00020200001677336623
92.25,A32_B4_K8,763.0148947255182,667.4181651373058,A16_B4_K16,95.59672958821238,95.5965275881953,0.00020200001707833652
92.5,A32_B6_K14,776.0962325703651,667.618954072838,A16_B4_K16,108.4772784975271,108.47707649751185,0.00020200001524851475
92.5,A32_B6_K12,773.200673011609,667.618954072838,A16_B4_K16,105.5817189387709,105.58151693875536,0.00020200001555348504
92.5,A32_B6_K10,771.2868164345227,667.618954072838,A16_B4_K16,103.66786236168468,103.66766036166791,0.00020200001677336623
92.5,A32_B6_K8,771.659065341179,667.618954072838,A16_B4_K16,104.04011126834098,104.0399092683239,0.00020200001707833652
92.5,A32_B4_K10,762.538823607547,667.618954072838,A16_B4_K16,94.91986953470894,94.91966753469217,0.00020200001677336623
92.5,A32_B4_K8,763.4384403175637,667.618954072838,A16_B4_K16,95.81948624472568,95.8192842447086,0.00020200001707833652
92.75,A32_B6_K14,776.4381227354506,667.8197430083701,A16_B4_K16,108.61837972708054,108.61817772706529,0.00020200001524851475
92.75,A32_B6_K12,773.5757563197136,667.8197430083701,A16_B4_K16,105.75601331134351,105.75581131132796,0.00020200001555348504
92.75,A32_B6_K10,771.7073241798935,667.8197430083701,A16_B4_K16,103.88758117152338,103.88737917150661,0.00020200001677336623
92.75,A32_B6_K8,772.1482044932493,667.8197430083701,A16_B4_K16,104.3284614848792,104.32825948486212,0.00020200001707833652
92.75,A32_B4_K10,762.892777042019,667.8197430083701,A16_B4_K16,95.07303403364892,95.07283203363215,0.00020200001677336623
92.75,A32_B4_K8,763.8619859096093,667.8197430083701,A16_B4_K16,96.0422429012392,96.04204090122212,0.00020200001707833652
93.0,A32_B6_K14,776.780012900536,668.0205319439023,A16_B4_K16,108.75948095663375,108.7592789566185,0.00020200001524851475
93.0,A32_B6_K12,773.9508396278183,668.0205319439023,A16_B4_K16,105.930307683916,105.93010568390045,0.00020200001555348504
93.0,A32_B6_K10,772.1336292946959,668.0205319439023,A16_B4_K16,104.11309735079362,104.11289535077685,0.00020200001677336623
93.0,A32_B6_K8,772.6373436453193,668.0205319439023,A16_B4_K16,104.61681170141708,104.6166097014,0.00020200001707833652
93.0,A32_B4_K10,763.2467304764908,668.0205319439023,A16_B4_K16,95.22619853258857,95.2259965325718,0.00020200001677336623
93.0,A32_B4_K8,764.285531501655,668.0205319439023,A16_B4_K16,96.26499955775273,96.26479755773565,0.00020200001707833652
93.25,A32_B6_K14,777.1214679666632,668.2213208794344,A16_B4_K16,108.90014708722879,108.89994508721354,0.00020200001524851475
93.25,A32_B6_K12,774.3259229359229,668.2213208794344,A16_B4_K16,106.10460205648849,106.10440005647294,0.00020200001555348504
93.25,A32_B6_K10,772.5599344094983,668.2213208794344,A16_B4_K16,104.33861353006387,104.3384115300471,0.00020200001677336623
93.25,A32_B6_K8,773.1256125994728,668.2213208794344,A16_B4_K16,104.90429172003837,104.90408972002129,0.00020200001707833652
93.25,A32_B4_K10,763.6006839109626,668.2213208794344,A16_B4_K16,95.37936303152821,95.37916103151144,0.00020200001677336623
93.25,A32_B4_K8,764.7082068957839,668.2213208794344,A16_B4_K16,96.48688601634944,96.48668401633236,0.00020200001707833652
93.5,A32_B6_K14,777.4591394077902,668.4221098149667,A16_B4_K16,109.0370295928235,109.03682759280825,0.00020200001524851475
93.5,A32_B6_K12,774.7010062440277,668.4221098149667,A16_B4_K16,106.27889642906098,106.27869442904543,0.00020200001555348504
93.5,A32_B6_K10,772.9862395243006,668.4221098149667,A16_B4_K16,104.56412970933388,104.56392770931711,0.00020200001677336623
93.5,A32_B6_K8,773.6063143036262,668.4221098149667,A16_B4_K16,105.18420448865947,105.18400248864239,0.00020200001707833652
93.5,A32_B4_K10,763.9546373454344,668.4221098149667,A16_B4_K16,95.53252753046775,95.53232553045098,0.00020200001677336623
93.5,A32_B4_K8,765.1233150399128,668.4221098149667,A16_B4_K16,96.70120522494608,96.701003224929,0.00020200001707833652
93.75,A32_B6_K14,777.7968108489174,668.6228987504987,A16_B4_K16,109.17391209841867,109.17371009840342,0.00020200001524851475
93.75,A32_B6_K12,775.0760895521321,668.6228987504987,A16_B4_K16,106.45319080163335,106.4529888016178,0.00020200001555348504
93.75,A32_B6_K10,773.4125446391029,668.6228987504987,A16_B4_K16,104.78964588860413,104.78944388858736,0.00020200001677336623
93.75,A32_B6_K8,774.0870160077795,668.6228987504987,A16_B4_K16,105.4641172572808,105.46391525726372,0.00020200001707833652
93.75,A32_B4_K10,764.3085907799062,668.6228987504987,A16_B4_K16,95.6856920294075,95.68549002939073,0.00020200001677336623
93.75,A32_B4_K8,765.5384231840417,668.6228987504987,A16_B4_K16,96.91552443354294,96.91532243352586,0.00020200001707833652
94.0,A32_B6_K14,778.1344822900444,668.8236876860308,A16_B4_K16,109.31079460401361,109.31059260399836,0.00020200001524851475
94.0,A32_B6_K12,775.4511728602369,668.8236876860308,A16_B4_K16,106.62748517420607,106.62728317419052,0.00020200001555348504
94.0,A32_B6_K10,773.8388497539052,668.8236876860308,A16_B4_K16,105.01516206787437,105.0149600678576,0.00020200001677336623
94.0,A32_B6_K8,774.567717711933,668.8236876860308,A16_B4_K16,105.74403002590225,105.74382802588516,0.00020200001707833652
94.0,A32_B4_K10,764.6625442143782,668.8236876860308,A16_B4_K16,95.83885652834738,95.83865452833061,0.00020200001677336623
94.0,A32_B4_K8,765.9535313281707,668.8236876860308,A16_B4_K16,97.12984364213992,97.12964164212283,0.00020200001707833652
94.25,A32_B6_K14,778.4721537311716,669.024476621563,A16_B4_K16,109.44767710960855,109.4474751095933,0.00020200001524851475
94.25,A32_B6_K12,775.8262561683414,669.024476621563,A16_B4_K16,106.80177954677833,106.80157754676279,0.00020200001555348504
94.25,A32_B6_K10,774.2640689637597,669.024476621563,A16_B4_K16,105.2395923421966,105.23939034217983,0.00020200001677336623
94.25,A32_B6_K8,775.0484194160864,669.024476621563,A16_B4_K16,106.02394279452335,106.02374079450627,0.00020200001707833652
94.25,A32_B4_K10,765.0156777215035,669.024476621563,A16_B4_K16,95.99120109994044,95.99099909992367,0.00020200001677336623
94.25,A32_B4_K8,766.3675535673516,669.024476621563,A16_B4_K16,97.34307694578854,97.34287494577146,0.00020200001707833652
94.5,A32_B6_K14,778.8098251722986,669.2252655570951,A16_B4_K16,109.58455961520349,109.58435761518824,0.00020200001524851475
94.5,A32_B6_K12,776.2013394764462,669.2252655570951,A16_B4_K16,106.97607391935105,106.9758719193355,0.00020200001555348504
94.5,A32_B6_K10,774.6856515850725,669.2252655570951,A16_B4_K16,105.46038602797739,105.46018402796062,0.00020200001677336623
94.5,A32_B6_K8,775.5291211202398,669.2252655570951,A16_B4_K16,106.30385556314468,106.3036535631276,0.00020200001707833652
94.5,A32_B4_K10,765.3687925763049,669.2252655570951,A16_B4_K16,96.14352701920984,96.14332501919307,0.00020200001677336623
94.5,A32_B4_K8,766.7814927752827,669.2252655570951,A16_B4_K16,97.55622721818759,97.5560252181705,0.00020200001707833652
94.75,A32_B6_K14,779.1474966134257,669.4260544926273,A16_B4_K16,109.72144212079843,109.72124012078318,0.00020200001524851475
94.75,A32_B6_K12,776.5764227845508,669.4260544926273,A16_B4_K16,107.15036829192354,107.150166291908,0.00020200001555348504
94.75,A32_B6_K10,775.106617438156,669.4260544926273,A16_B4_K16,105.68056294552878,105.680360945512,0.00020200001677336623
94.75,A32_B6_K8,776.0098228243933,669.4260544926273,A16_B4_K16,106.58376833176601,106.58356633174832,0.00020200001768827712
94.75,A32_B4_K10,765.7219074311062,669.4260544926273,A16_B4_K16,96.2958529384789,96.29565093846213,0.00020200001677336623
94.75,A32_B4_K8,767.1954319832137,669.4260544926273,A16_B4_K16,97.76937749058641,97.76917549056871,0.00020200001768827712
95.0,A32_B6_K14,779.4851680545528,669.6268434281594,A16_B4_K16,109.85832462639337,109.85812262637812,0.00020200001524851475
95.0,A32_B6_K12,776.9515060926554,669.6268434281594,A16_B4_K16,107.32466266449603,107.32446066448048,0.00020200001555348504
95.0,A32_B6_K10,775.5275832912395,669.6268434281594,A16_B4_K16,105.90073986308005,105.90053786306328,0.00020200001677336623
95.0,A32_B6_K8,776.4905245285468,669.6268434281594,A16_B4_K16,106.86368110038734,106.86347910036964,0.00020200001768827712
95.0,A32_B4_K10,766.0754590571489,669.6268434281594,A16_B4_K16,96.4486156289895,96.44841362897273,0.00020200001677336623
95.0,A32_B4_K8,767.6093711911446,669.6268434281594,A16_B4_K16,97.98252776298523,97.98232576296753,0.00020200001768827712
95.25,A32_B6_K14,779.82283949568,669.8276323636917,A16_B4_K16,109.99520713198831,109.99500513197306,0.00020200001524851475
95.25,A32_B6_K12,777.3265894007602,669.8276323636917,A16_B4_K16,107.49895703706852,107.49875503705297,0.00020200001555348504
95.25,A32_B6_K10,775.9485491443231,669.8276323636917,A16_B4_K16,106.12091678063143,106.12071478061466,0.00020200001677336623
95.25,A32_B6_K8,776.9712262327002,669.8276323636917,A16_B4_K16,107.14359386900855,107.14339186899086,0.00020200001768827712
95.25,A32_B4_K10,766.4295101125199,669.8276323636917,A16_B4_K16,96.6018777488282,96.60167574881143,0.00020200001677336623
95.25,A32_B4_K8,768.0233103990756,669.8276323636917,A16_B4_K16,98.19567803538393,98.19547603536624,0.00020200001768827712
95.5,A32_B6_K14,780.160510936807,670.0284212992237,A16_B4_K16,110.13208963758325,110.131887637568,0.00020200001524851475
95.5,A32_B6_K12,777.7016727088649,670.0284212992237,A16_B4_K16,107.67325140964113,107.67304940962497,0.00020200001616342564
95.5,A32_B6_K10,776.3695149974067,670.0284212992237,A16_B4_K16,106.34109369818293,106.34089169816616,0.00020200001677336623
95.5,A32_B6_K8,777.4519279368535,670.0284212992237,A16_B4_K16,107.42350663762977,107.42330463761208,0.00020200001768827712
95.5,A32_B4_K10,766.783561167891,670.0284212992237,A16_B4_K16,96.75513986866724,96.75493786865047,0.00020200001677336623
95.5,A32_B4_K8,768.4372496070066,670.0284212992237,A16_B4_K16,98.40882830778287,98.40862630776518,0.00020200001768827712
95.75,A32_B6_K14,780.4981823779342,670.2292102347559,A16_B4_K16,110.2689721431783,110.26877014316305,0.00020200001524851475
95.75,A32_B6_K12,778.0767560169693,670.2292102347559,A16_B4_K16,107.84754578221339,107.84734378219723,0.00020200001616342564
95.75,A32_B6_K10,776.7930537935697,670.2292102347559,A16_B4_K16,106.5638435588138,106.56364155879703,0.00020200001677336623
95.75,A32_B6_K8,777.932629641007,670.2292102347559,A16_B4_K16,107.7034194062511,107.7032174062334,0.00020200001768827712
95.75,A32_B4_K10,767.1376122232622,670.2292102347559,A16_B4_K16,96.90840198850628,96.90819998848951,0.00020200001677336623
95.75,A32_B4_K8,768.8511888149377,670.2292102347559,A16_B4_K16,98.6219785801818,98.62177658016411,0.00020200001768827712
96.0,A32_B6_K14,780.8358538190612,670.429999170288,A16_B4_K16,110.40585464877313,110.40565264875788,0.00020200001524851475
96.0,A32_B6_K12,778.451839325074,670.429999170288,A16_B4_K16,108.02184015478599,108.02163815476983,0.00020200001616342564
96.0,A32_B6_K10,777.2180363836461,670.429999170288,A16_B4_K16,106.78803721335805,106.78783521334128,0.00020200001677336623
96.0,A32_B6_K8,778.4133313451604,670.429999170288,A16_B4_K16,107.98333217487232,107.98313017485462,0.00020200001768827712
96.0,A32_B4_K10,767.4916632786333,670.429999170288,A16_B4_K16,97.06166410834521,97.06146210832844,0.00020200001677336623
96.0,A32_B4_K8,769.2651280228687,670.429999170288,A16_B4_K16,98.83512885258062,98.83492685256293,0.00020200001768827712
96.25,A32_B6_K14,781.1735252601883,670.6307881058201,A16_B4_K16,110.54273715436818,110.54253515435293,0.00020200001524851475
96.25,A32_B6_K12,778.8269226331786,670.6307881058201,A16_B4_K16,108.19613452735848,108.19593252734232,0.00020200001616342564
96.25,A32_B6_K10,777.6430189737227,670.6307881058201,A16_B4_K16,107.01223086790264,107.01202886788587,0.00020200001677336623
96.25,A32_B6_K8,778.8940330493137,670.6307881058201,A16_B4_K16,108.26324494349365,108.26304294347595,0.00020200001768827712
96.25,A32_B4_K10,767.8457143340044,670.6307881058201,A16_B4_K16,97.21492622818425,97.21472422816748,0.00020200001677336623
96.25,A32_B4_K8,769.6790672307997,670.6307881058201,A16_B4_K16,99.04827912497956,99.04807712496186,0.00020200001768827712
96.5,A32_B6_K14,781.5111967013154,670.8315770413524,A16_B4_K16,110.67961965996301,110.67941765994776,0.00020200001524851475
96.5,A32_B6_K12,779.2020059412833,670.8315770413524,A16_B4_K16,108.37042889993097,108.37022689991481,0.00020200001616342564
96.5,A32_B6_K10,778.0680015637992,670.8315770413524,A16_B4_K16,107.23642452244678,107.23622252243001,0.00020200001677336623
96.5,A32_B6_K8,779.3747347534672,670.8315770413524,A16_B4_K16,108.54315771211486,108.54295571209717,0.00020200001768827712
96.5,A32_B4_K10,768.1997653893754,670.8315770413524,A16_B4_K16,97.36818834802307,97.3679863480063,0.00020200001677336623
96.5,A32_B4_K8,770.0930064387306,670.8315770413524,A16_B4_K16,99.26142939737827,99.26122739736057,0.00020200001768827712
96.75,A32_B6_K14,781.8488681424426,671.0324454606266,A16_B4_K16,110.816422681816,110.81622068180013,0.00020200001585845534
96.75,A32_B6_K12,779.577089249388,671.0324454606266,A16_B4_K16,108.54464378876139,108.54444178874462,0.00020200001677336623
96.75,A32_B6_K10,778.4929841538757,671.0324454606266,A16_B4_K16,107.46053869324908,107.4603366932317,0.00020200001738330682
96.75,A32_B6_K8,779.8554364576206,671.0324454606266,A16_B4_K16,108.82299099699401,108.8227889969757,0.0002020000182982177
96.75,A32_B4_K10,768.5538164447464,671.0324454606266,A16_B4_K16,97.52137098411981,97.52116898410243,0.00020200001738330682
96.75,A32_B4_K8,770.5069456466617,671.0324454606266,A16_B4_K16,99.47450018603513,99.47429818601682,0.0002020000182982177
97.0,A32_B6_K14,782.1865395835696,671.234065572982,A16_B4_K16,110.9524740105876,110.95227201057173,0.00020200001585845534
97.0,A32_B6_K12,779.9521725574925,671.234065572982,A16_B4_K16,108.71810698451054,108.71790498449377,0.00020200001677336623
97.0,A32_B6_K10,778.9179667439521,671.234065572982,A16_B4_K16,107.6839011709701,107.68369917095272,0.00020200001738330682
97.0,A32_B6_K8,780.3361381617742,671.234065572982,A16_B4_K16,109.10207258879223,109.10187058877392,0.0002020000182982177
97.0,A32_B4_K10,768.9078675001175,671.234065572982,A16_B4_K16,97.67380192713551,97.67359992711813,0.00020200001738330682
97.0,A32_B4_K8,770.9208848545927,671.234065572982,A16_B4_K16,99.68681928161072,99.68661728159242,0.0002020000182982177
97.25,A32_B6_K14,782.5242110246967,671.4356856853374,A16_B4_K16,111.08852533935931,111.08832333934345,0.00020200001585845534
97.25,A32_B6_K12,780.3272558655972,671.4356856853374,A16_B4_K16,108.8915701802598,108.89136818024303,0.00020200001677336623
97.25,A32_B6_K10,779.3429493340287,671.4356856853374,A16_B4_K16,107.90726364869136,107.90706164867397,0.00020200001738330682
97.25,A32_B6_K8,780.8168398659275,671.4356856853374,A16_B4_K16,109.3811541805901,109.3809521805718,0.0002020000182982177
97.25,A32_B4_K10,769.2619185554886,671.4356856853374,A16_B4_K16,97.82623287015122,97.82603087013383,0.00020200001738330682
97.25,A32_B4_K8,771.3348240625237,671.4356856853374,A16_B4_K16,99.89913837718632,99.89893637716801,0.0002020000182982177
97.5,A32_B6_K14,782.8618824658238,671.6373057976928,A16_B4_K16,111.22457666813102,111.22437466811516,0.00020200001585845534
97.5,A32_B6_K12,780.7020723286498,671.6373057976928,A16_B4_K16,109.06476653095706,109.06456453094029,0.00020200001677336623
97.5,A32_B6_K10,779.7679319241051,671.6373057976928,A16_B4_K16,108.13062612641238,108.130424126395,0.00020200001738330682
97.5,A32_B6_K8,781.2975415700809,671.6373057976928,A16_B4_K16,109.66023577238809,109.66003377236979,0.0002020000182982177
97.5,A32_B4_K10,769.6159696108596,671.6373057976928,A16_B4_K16,97.9786638131668,97.97846181314942,0.00020200001738330682
97.5,A32_B4_K8,771.7487632704547,671.6373057976928,A16_B4_K16,100.11145747276191,100.11125547274361,0.0002020000182982177
97.75,A32_B6_K14,783.1995539069509,671.8389259100481,A16_B4_K16,111.36062799690274,111.36042599688687,0.00020200001585845534
97.75,A32_B6_K12,781.0760119368847,671.8389259100481,A16_B4_K16,109.23708602683655,109.23688402681978,0.00020200001677336623
97.75,A32_B6_K10,780.1929145141818,671.8389259100481,A16_B4_K16,108.35398860413363,108.35378660411625,0.00020200001738330682
97.75,A32_B6_K8,781.7782432742343,671.8389259100481,A16_B4_K16,109.9393173641862,109.93911536416789,0.0002020000182982177
97.75,A32_B4_K10,769.9700206662308,671.8389259100481,A16_B4_K16,98.13109475618262,98.13089275616524,0.00020200001738330682
97.75,A32_B4_K8,772.1631087451324,671.8389259100481,A16_B4_K16,100.32418283508423,100.32398083506592,0.0002020000182982177
98.0,A32_B6_K14,783.537225348078,672.0405460224035,A16_B4_K16,111.49667932567445,111.49647732565859,0.00020200001585845534
98.0,A32_B6_K12,781.4499515451195,672.0405460224035,A16_B4_K16,109.40940552271593,109.40920352269916,0.00020200001677336623
98.0,A32_B6_K10,780.6178971042582,672.0405460224035,A16_B4_K16,108.57735108185466,108.57714908183728,0.00020200001738330682
98.0,A32_B6_K8,782.2589449783877,672.0405460224035,A16_B4_K16,110.21839895598418,110.21819695596588,0.0002020000182982177
98.0,A32_B4_K10,770.3240717216017,672.0405460224035,A16_B4_K16,98.28352569919821,98.28332369918083,0.00020200001738330682
98.0,A32_B4_K8,772.5800891548066,672.0405460224035,A16_B4_K16,100.53954313240308,100.53934113238478,0.0002020000182982177
98.25,A32_B6_K14,783.8748967892051,672.242166134759,A16_B4_K16,111.63273065444605,111.63252865443019,0.00020200001585845534
98.25,A32_B6_K12,781.8238911533543,672.242166134759,A16_B4_K16,109.58172501859531,109.58152301857854,0.00020200001677336623
98.25,A32_B6_K10,781.0428796943347,672.242166134759,A16_B4_K16,108.80071355957568,108.8005115595583,0.00020200001738330682
98.25,A32_B6_K8,782.7396466825412,672.242166134759,A16_B4_K16,110.49748054778217,110.49727854776387,0.0002020000182982177
98.25,A32_B4_K10,770.6781227769729,672.242166134759,A16_B4_K16,98.43595664221391,98.43575464219653,0.00020200001738330682
98.25,A32_B4_K8,772.9970695644807,672.242166134759,A16_B4_K16,100.75490342972171,100.7547014297034,0.0002020000182982177
98.5,A32_B6_K14,784.2125682303322,672.4437862471144,A16_B4_K16,111.76878198321776,111.7685799832019,0.00020200001585845534
98.5,A32_B6_K12,782.1978307615892,672.4437862471144,A16_B4_K16,109.7540445144748,109.75384251445803,0.00020200001677336623
98.5,A32_B6_K10,781.4678622844111,672.4437862471144,A16_B4_K16,109.02407603729671,109.02387403727933,0.00020200001738330682
98.5,A32_B6_K8,783.2203483866946,672.4437862471144,A16_B4_K16,110.77656213958016,110.77636013956186,0.0002020000182982177
98.5,A32_B4_K10,771.0321738323439,672.4437862471144,A16_B4_K16,98.5883875852295,98.58818558521212,0.00020200001738330682
98.5,A32_B4_K8,773.414049974155,672.4437862471144,A16_B4_K16,100.97026372704056,100.97006172702226,0.0002020000182982177
98.75,A32_B6_K14,784.5502396714594,672.6454063594699,A16_B4_K16,111.90483331198948,111.90463131197362,0.00020200001585845534
98.75,A32_B6_K12,782.5717703698241,672.6454063594699,A16_B4_K16,109.92636401035418,109.9261620103374,0.00020200001677336623
98.75,A32_B6_K10,781.8928448744878,672.6454063594699,A16_B4_K16,109.24743851501785,109.24723651500047,0.00020200001738330682
98.75,A32_B6_K8,783.701050090848,672.6454063594699,A16_B4_K16,111.05564373137804,111.05544173135974,0.0002020000182982177
98.75,A32_B4_K10,771.3874137430607,672.6454063594699,A16_B4_K16,98.74200738359082,98.74180538357344,0.00020200001738330682
98.75,A32_B4_K8,773.8310303838291,672.6454063594699,A16_B4_K16,101.18562402435919,101.18542202434088,0.0002020000182982177
99.0,A32_B6_K14,784.8879111125864,672.8470264718253,A16_B4_K16,112.04088464076108,112.04068264074522,0.00020200001585845534
99.0,A32_B6_K12,782.9457099780589,672.8470264718253,A16_B4_K16,110.09868350623356,110.09848150621679,0.00020200001677336623
99.0,A32_B6_K10,782.3178274645643,672.8470264718253,A16_B4_K16,109.47080099273899,109.47059899272129,0.00020200001768827712
99.0,A32_B6_K8,784.1817517950014,672.8470264718253,A16_B4_K16,111.33472532317614,111.33452332315784,0.0002020000182982177
99.0,A32_B4_K10,771.745006993767,672.8470264718253,A16_B4_K16,98.89798052194169,98.897778521924,0.00020200001768827712
99.0,A32_B4_K8,774.2480107935033,672.8470264718253,A16_B4_K16,101.40098432167804,101.40078232165973,0.0002020000182982177
99.25,A32_B6_K14,785.2255825537136,673.0486465841807,A16_B4_K16,112.1769359695329,112.17673396951704,0.00020200001585845534
99.25,A32_B6_K12,783.3196495862937,673.0486465841807,A16_B4_K16,110.27100300211305,110.27080100209628,0.00020200001677336623
99.25,A32_B6_K10,782.7428100546408,673.0486465841807,A16_B4_K16,109.69416347046013,109.69396147044243,0.00020200001768827712
99.25,A32_B6_K8,784.6624534991549,673.0486465841807,A16_B4_K16,111.61380691497425,111.61360491495594,0.0002020000182982177
99.25,A32_B4_K10,772.1026002444733,673.0486465841807,A16_B4_K16,99.05395366029256,99.05375166027487,0.00020200001768827712
99.25,A32_B4_K8,774.6649912031775,673.0486465841807,A16_B4_K16,101.61634461899678,101.61614261897847,0.0002020000182982177
99.5,A32_B6_K14,785.5632539948407,673.2502666965361,A16_B4_K16,112.31298729830462,112.31278529828876,0.00020200001585845534
99.5,A32_B6_K12,783.6935891945286,673.2502666965361,A16_B4_K16,110.44332249799254,110.44312049797577,0.00020200001677336623
99.5,A32_B6_K10,783.1677926447171,673.2502666965361,A16_B4_K16,109.91752594818104,109.91732394816334,0.00020200001768827712
99.5,A32_B6_K8,785.1450056241592,673.2502666965361,A16_B4_K16,111.89473892762317,111.89453692760486,0.0002020000182982177
99.5,A32_B4_K10,772.4601934951795,673.2502666965361,A16_B4_K16,99.20992679864344,99.20972479862574,0.00020200001768827712
99.5,A32_B4_K8,775.0819716128517,673.2502666965361,A16_B4_K16,101.83170491631563,101.83150291629732,0.0002020000182982177
99.75,A32_B6_K14,785.9009254359677,673.4518868088916,A16_B4_K16,112.4490386270761,112.44883662706025,0.00020200001585845534
99.75,A32_B6_K12,784.0675288027635,673.4518868088916,A16_B4_K16,110.61564199387192,110.61543999385515,0.00020200001677336623
99.75,A32_B6_K10,783.5927752347937,673.4518868088916,A16_B4_K16,110.14088842590218,110.14068642588448,0.00020200001768827712
99.75,A32_B6_K8,785.6281561478867,673.4518868088916,A16_B4_K16,112.1762693389951,112.1760673389768,0.0002020000182982177
99.75,A32_B4_K10,772.8177867458858,673.4518868088916,A16_B4_K16,99.3658999369942,99.3656979369765,0.00020200001768827712
99.75,A32_B4_K8,775.4989520225259,673.4518868088916,A16_B4_K16,102.04706521363437,102.04686321361606,0.0002020000182982177
100.0,A32_B6_K14,786.2385968770948,673.653506921247,A16_B4_K16,112.58508995584782,112.58488795583196,0.00020200001585845534
100.0,A32_B6_K12,784.4414684109983,673.653506921247,A16_B4_K16,110.7879614897513,110.78775948973453,0.00020200001677336623
100.0,A32_B6_K10,784.0177578248703,673.653506921247,A16_B4_K16,110.36425090362332,110.36404890360562,0.00020200001768827712
100.0,A32_B6_K8,786.1113066716139,673.653506921247,A16_B4_K16,112.45779975036692,112.45759775034861,0.0002020000182982177
100.0,A32_B4_K10,773.1753799965921,673.653506921247,A16_B4_K16,99.52187307534518,99.52167107532749,0.00020200001768827712
100.0,A32_B4_K8,775.9159324322,673.653506921247,A16_B4_K16,102.262425510953,102.26222351093469,0.0002020000182982177
100.25,A32_B6_K14,786.5762683182219,673.8551270336023,A16_B4_K16,112.72114128461953,112.72093928460367,0.00020200001585845534
100.25,A32_B6_K12,784.8154080192331,673.8551270336023,A16_B4_K16,110.96028098563079,110.96007898561402,0.00020200001677336623
100.25,A32_B6_K10,784.4427404149468,673.8551270336023,A16_B4_K16,110.58761338134445,110.58741138132676,0.00020200001768827712
100.25,A32_B6_K8,786.5944571953413,673.8551270336023,A16_B4_K16,112.73933016173896,112.73912816172066,0.0002020000182982177
100.25,A32_B4_K10,773.5287197043294,673.8551270336023,A16_B4_K16,99.67359267072709,99.6733906707094,0.00020200001768827712
100.25,A32_B4_K8,776.3286592989054,673.8551270336023,A16_B4_K16,102.4735322653031,102.4733302652848,0.0002020000182982177
100.5,A32_B6_K14,786.913939759349,674.0567471459578,A16_B4_K16,112.85719261339113,112.85699061337527,0.00020200001585845534
100.5,A32_B6_K12,785.189347627468,674.0567471459578,A16_B4_K16,111.13260048151017,111.1323984814934,0.00020200001677336623
100.5,A32_B6_K10,784.8677230050232,674.0567471459578,A16_B4_K16,110.81097585906537,110.81077385904767,0.00020200001768827712
100.5,A32_B6_K8,787.0776077190687,674.0567471459578,A16_B4_K16,113.0208605731109,113.02065857309259,0.0002020000182982177
100.5,A32_B4_K10,773.8809331829003,674.0567471459578,A16_B4_K16,99.82418603694248,99.82398403692478,0.00020200001768827712
100.5,A32_B4_K8,776.7402599364442,674.0567471459578,A16_B4_K16,102.68351279048636,102.68331079046806,0.0002020000182982177
100.75,A32_B6_K14,787.2516112004762,674.2583672583132,A16_B4_K16,112.99324394216296,112.9930419421471,0.00020200001585845534
100.75,A32_B6_K12,785.5632872357029,674.2583672583132,A16_B4_K16,111.30491997738966,111.30471797737289,0.00020200001677336623
100.75,A32_B6_K10,785.2927055950997,674.2583672583132,A16_B4_K16,111.0343383367865,111.03413633676881,0.00020200001768827712
100.75,A32_B6_K8,787.560758242796,674.2583672583132,A16_B4_K16,113.30239098448283,113.30218898446452,0.0002020000182982177
100.75,A32_B4_K10,774.2332537783511,674.2583672583132,A16_B4_K16,99.9748865200379,99.9746845200202,0.00020200001768827712
100.75,A32_B4_K8,777.151860573983,674.2583672583132,A16_B4_K16,102.89349331566973,102.89329131565142,0.0002020000182982177
101.0,A32_B6_K14,787.5892826416033,674.4599873706688,A16_B4_K16,113.12929527093445,113.12909327091859,0.00020200001585845534
101.0,A32_B6_K12,785.9372268439377,674.4599873706688,A16_B4_K16,111.47723947326881,111.47703747325204,0.00020200001677336623
101.0,A32_B6_K10,785.7176881851763,674.4599873706688,A16_B4_K16,111.25770081450742,111.25749881448972,0.00020200001768827712
101.0,A32_B6_K8,788.0455919934036,674.4599873706688,A16_B4_K16,113.58560462273476,113.58540262271646,0.0002020000182982177
101.0,A32_B4_K10,774.586575268432,674.4599873706688,A16_B4_K16,100.1265878977631,100.12638589774541,0.00020200001768827712
101.0,A32_B4_K8,777.5634612115217,674.4599873706688,A16_B4_K16,103.10347384085287,103.10327184083457,0.0002020000182982177
101.25,A32_B6_K14,787.9269540827304,674.661607483024,A16_B4_K16,113.26534659970639,113.26514459969053,0.00020200001585845534
101.25,A32_B6_K12,786.3111664521725,674.661607483024,A16_B4_K16,111.64955896914853,111.64935696913176,0.00020200001677336623
101.25,A32_B6_K10,786.1426707752528,674.661607483024,A16_B4_K16,111.48106329222878,111.48086129221109,0.00020200001768827712
101.25,A32_B6_K8,788.5318316109418,674.661607483024,A16_B4_K16,113.87022412791782,113.87002212789952,0.0002020000182982177
101.25,A32_B4_K10,774.9398967585128,674.661607483024,A16_B4_K16,100.27828927548876,100.27808727547107,0.00020200001768827712
101.25,A32_B4_K8,777.9750618490605,674.661607483024,A16_B4_K16,103.31345436603647,103.31325236601816,0.0002020000182982177
101.5,A32_B6_K14,788.2646255238574,674.8632275953794,A16_B4_K16,113.40139792847799,113.40119592846213,0.00020200001585845534
101.5,A32_B6_K12,786.6851060604074,674.8632275953794,A16_B4_K16,111.82187846502802,111.82167646501125,0.00020200001677336623
101.5,A32_B6_K10,786.5676533653293,674.8632275953794,A16_B4_K16,111.70442576994992,111.70422376993223,0.00020200001768827712
101.5,A32_B6_K8,789.01807122848,674.8632275953794,A16_B4_K16,114.15484363310065,114.15464163308235,0.0002020000182982177
101.5,A32_B4_K10,775.2932182485936,674.8632275953794,A16_B4_K16,100.42999065321419,100.4297886531965,0.00020200001768827712
101.5,A32_B4_K8,778.3866624865992,674.8632275953794,A16_B4_K16,103.52343489121984,103.52323289120153,0.0002020000182982177
101.75,A32_B6_K14,788.6022969649845,675.0648477077349,A16_B4_K16,113.53744925724959,113.53724725723373,0.00020200001585845534
101.75,A32_B6_K12,787.0590456686423,675.0648477077349,A16_B4_K16,111.9941979609074,111.99399596089063,0.00020200001677336623
101.75,A32_B6_K10,786.9926359554058,675.0648477077349,A16_B4_K16,111.92778824767095,111.92758624765325,0.00020200001768827712
101.75,A32_B6_K8,789.5043108460184,675.0648477077349,A16_B4_K16,114.43946313828349,114.43926113826518,0.0002020000182982177
101.75,A32_B4_K10,775.6465397386745,675.0648477077349,A16_B4_K16,100.58169203093962,100.58149003092193,0.00020200001768827712
101.75,A32_B4_K8,778.798263124138,675.0648477077349,A16_B4_K16,103.73341541640309,103.73321341638479,0.0002020000182982177
102.0,A32_B6_K14,788.9399684061116,675.2664678200903,A16_B4_K16,113.6735005860213,113.67329858600544,0.00020200001585845534
102.0,A32_B6_K12,787.4329852768772,675.2664678200903,A16_B4_K16,112.16651745678689,112.16631545677012,0.00020200001677336623
102.0,A32_B6_K10,787.4176185454822,675.2664678200903,A16_B4_K16,112.15115072539197,112.15094872537428,0.00020200001768827712
102.0,A32_B6_K8,789.9964982395676,675.2664678200903,A16_B4_K16,114.73003041947732,114.72982841945901,0.0002020000182982177
102.0,A32_B4_K10,776.0009053760642,675.2664678200903,A16_B4_K16,100.73443755597395,100.73423555595626,0.00020200001768827712
102.0,A32_B4_K8,779.2098637616767,675.2664678200903,A16_B4_K16,103.94339594158646,103.94319394156815,0.0002020000182982177
102.25,A32_B6_K14,789.2776398472387,675.4680879324458,A16_B4_K16,113.8095519147929,113.80934991477704,0.00020200001585845534
102.25,A32_B6_K12,787.806924885112,675.4680879324458,A16_B4_K16,112.33883695266627,112.3386349526495,0.00020200001677336623
102.25,A32_B6_K10,787.8426011355588,675.4680879324458,A16_B4_K16,112.374513203113,112.3743112030953,0.00020200001768827712
102.25,A32_B6_K8,790.4887411827165,675.4680879324458,A16_B4_K16,115.0206532502707,115.02045125025239,0.0002020000182982177
102.25,A32_B4_K10,776.3584606952487,675.4680879324458,A16_B4_K16,100.89037276280294,100.89017076278525,0.00020200001768827712
102.25,A32_B4_K8,779.6214643992155,675.4680879324458,A16_B4_K16,104.15337646676971,104.15317446675141,0.0002020000182982177
102.5,A32_B6_K14,789.6153112883659,675.6697080448012,A16_B4_K16,113.94560324356473,113.94540124354887,0.00020200001585845534
102.5,A32_B6_K12,788.1808644933468,675.6697080448012,A16_B4_K16,112.51115644854565,112.51095444852888,0.00020200001677336623
102.5,A32_B6_K10,788.2675837256353,675.6697080448012,A16_B4_K16,112.59787568083414,112.59767368081644,0.00020200001768827712
102.5,A32_B6_K8,790.9815700261636,675.6697080448012,A16_B4_K16,115.31186198136243,115.31165998134412,0.0002020000182982177
102.5,A32_B4_K10,776.7168337972925,675.6697080448012,A16_B4_K16,101.0471257524913,101.0469237524736,0.00020200001768827712
102.5,A32_B4_K8,780.0330650367542,675.6697080448012,A16_B4_K16,104.36335699195308,104.36315499193478,0.0002020000182982177
102.75,A32_B6_K14,789.9529827294929,675.8713281571565,A16_B4_K16,114.08165457233633,114.08145257232047,0.00020200001585845534
102.75,A32_B6_K12,788.5548041015817,675.8713281571565,A16_B4_K16,112.68347594442514,112.68327394440837,0.00020200001677336623
102.75,A32_B6_K10,788.6925663157118,675.8713281571565,A16_B4_K16,112.82123815855527,112.82103615853758,0.00020200001768827712
102.75,A32_B6_K8,791.4767067081129,675.8713281571565,A16_B4_K16,115.6053785509564,115.6051765509381,0.0002020000182982177
102.75,A32_B4_K10,777.0766677121243,675.8713281571565,A16_B4_K16,101.20533955496774,101.20513755495004,0.00020200001768827712
102.75,A32_B4_K8,780.4449616678626,675.8713281571565,A16_B4_K16,104.57363351070603,104.57343151068773,0.0002020000182982177
103.0,A32_B6_K14,790.29065417062,676.0729482695119,A16_B4_K16,114.21770590110805,114.21750390109219,0.00020200001585845534
103.0,A32_B6_K12,788.9287437098166,676.0729482695119,A16_B4_K16,112.85579544030463,112.85559344028786,0.00020200001677336623
103.0,A32_B6_K10,789.1175489057883,676.0729482695119,A16_B4_K16,113.04460063627641,113.04439863625872,0.00020200001768827712
103.0,A32_B6_K8,791.9718433900624,676.0729482695119,A16_B4_K16,115.89889512055049,115.89869312053219,0.0002020000182982177
103.0,A32_B4_K10,777.4366871477666,676.0729482695119,A16_B4_K16,101.36373887825471,101.36353687823701,0.00020200001768827712
103.0,A32_B4_K8,780.8574567513193,676.0729482695119,A16_B4_K16,104.78450848180739,104.78430648178909,0.0002020000182982177
103.25,A32_B6_K14,790.6283256117471,676.2745683818673,A16_B4_K16,114.35375722987976,114.3535552298639,0.00020200001585845534
103.25,A32_B6_K12,789.3026833180513,676.2745683818673,A16_B4_K16,113.02811493618401,113.02791293616724,0.00020200001677336623
103.25,A32_B6_K10,789.5425314958649,676.2745683818673,A16_B4_K16,113.26796311399755,113.26776111397986,0.00020200001768827712
103.25,A32_B6_K8,792.4669800720119,676.2745683818673,A16_B4_K16,116.19241169014458,116.19220969012628,0.0002020000182982177
103.25,A32_B4_K10,777.7967848840834,676.2745683818673,A16_B4_K16,101.52221650221611,101.52201450219842,0.00020200001768827712
103.25,A32_B4_K8,781.2699518347761,676.2745683818673,A16_B4_K16,104.99538345290875,104.99518145289045,0.0002020000182982177
103.5,A32_B6_K14,790.9659970528742,676.4761884942227,A16_B4_K16,114.48980855865148,114.48960655863561,0.00020200001585845534
103.5,A32_B6_K12,789.6766229262863,676.4761884942227,A16_B4_K16,113.20043443206362,113.20023243204685,0.00020200001677336623
103.5,A32_B6_K10,789.9675140859413,676.4761884942227,A16_B4_K16,113.49132559171858,113.49112359170088,0.00020200001768827712
103.5,A32_B6_K8,792.9621167539613,676.4761884942227,A16_B4_K16,116.48592825973856,116.48572625972025,0.0002020000182982177
103.5,A32_B4_K10,778.1568826204003,676.4761884942227,A16_B4_K16,101.68069412617763,101.68049212615993,0.00020200001768827712
103.5,A32_B4_K8,781.6824469182329,676.4761884942227,A16_B4_K16,105.20625842401023,105.20605642399192,0.0002020000182982177
103.75,A32_B6_K14,791.3036684940013,676.6778086065783,A16_B4_K16,114.62585988742296,114.6256578874071,0.00020200001585845534
103.75,A32_B6_K12,790.0505625345211,676.6778086065783,A16_B4_K16,113.37275392794277,113.372551927926,0.00020200001677336623
103.75,A32_B6_K10,790.3924966760178,676.6778086065783,A16_B4_K16,113.71468806943949,113.7144860694218,0.00020200001768827712
103.75,A32_B6_K8,793.4572534359107,676.6778086065783,A16_B4_K16,116.77944482933242,116.77924282931411,0.0002020000182982177
103.75,A32_B4_K10,778.5169803567171,676.6778086065783,A16_B4_K16,101.8391717501388,101.83896975012111,0.00020200001768827712
103.75,A32_B4_K8,782.0949420016897,676.6778086065783,A16_B4_K16,105.41713339511136,105.41693139509306,0.0002020000182982177
104.0,A32_B6_K14,791.6413399351284,676.8794287189337,A16_B4_K16,114.76191121619468,114.76170921617882,0.00020200001585845534
104.0,A32_B6_K12,790.424502142756,676.8794287189337,A16_B4_K16,113.54507342382226,113.54487142380549,0.00020200001677336623
104.0,A32_B6_K10,790.8174792660943,676.8794287189337,A16_B4_K16,113.93805054716063,113.93784854714293,0.00020200001768827712
104.0,A32_B6_K8,793.9523901178602,676.8794287189337,A16_B4_K16,117.07296139892651,117.0727593989082,0.0002020000182982177
104.0,A32_B4_K10,778.877078093034,676.8794287189337,A16_B4_K16,101.99764937410032,101.99744737408263,0.00020200001768827712
104.0,A32_B4_K8,782.5074370851464,676.8794287189337,A16_B4_K16,105.62800836621273,105.62780636619442,0.0002020000182982177
104.25,A32_B6_K14,791.9790113762556,677.0810488312891,A16_B4_K16,114.8979625449665,114.89776054495064,0.00020200001585845534
104.25,A32_B6_K12,790.7984417509907,677.0810488312891,A16_B4_K16,113.71739291970164,113.71719091968487,0.00020200001677336623
104.25,A32_B6_K10,791.2424618561708,677.0810488312891,A16_B4_K16,114.16141302488177,114.16121102486407,0.00020200001768827712
104.25,A32_B6_K8,794.4475267998096,677.0810488312891,A16_B4_K16,117.36647796852048,117.36627596850218,0.0002020000182982177
104.25,A32_B4_K10,779.2371758293508,677.0810488312891,A16_B4_K16,102.15612699806172,102.15592499804403,0.00020200001768827712
104.25,A32_B4_K8,782.9199321686033,677.0810488312891,A16_B4_K16,105.8388833373142,105.8386813372959,0.0002020000182982177
104.5,A32_B6_K14,792.3166828173826,677.2826689436446,A16_B4_K16,115.03401387373799,115.03381187372213,0.00020200001585845534
104.5,A32_B6_K12,791.1723813592256,677.2826689436446,A16_B4_K16,113.88971241558102,113.88951041556425,0.00020200001677336623
104.5,A32_B6_K10,791.6674444462474,677.2826689436446,A16_B4_K16,114.38477550260279,114.3845735025851,0.00020200001768827712
104.5,A32_B6_K8,794.942663481759,677.2826689436446,A16_B4_K16,117.65999453811446,117.65979253809616,0.0002020000182982177
104.5,A32_B4_K10,779.5972735656676,677.2826689436446,A16_B4_K16,102.31460462202301,102.31440262200532,0.00020200001768827712
104.5,A32_B4_K8,783.33242725206,677.2826689436446,A16_B4_K16,106.04975830841545,106.04955630839714,0.0002020000182982177
104.75,A32_B6_K14,792.6543542585097,677.4842890559999,A16_B4_K16,115.17006520250982,115.16986320249396,0.00020200001585845534
104.75,A32_B6_K12,791.5463209674605,677.4842890559999,A16_B4_K16,114.06203191146062,114.06182991144385,0.00020200001677336623
104.75,A32_B6_K10,792.0924270363239,677.4842890559999,A16_B4_K16,114.60813798032405,114.60793598030635,0.00020200001768827712
104.75,A32_B6_K8,795.4378001637084,677.4842890559999,A16_B4_K16,117.95351110770855,117.95330910769025,0.0002020000182982177
104.75,A32_B4_K10,779.9573713019845,677.4842890559999,A16_B4_K16,102.47308224598464,102.47288024596695,0.00020200001768827712
104.75,A32_B4_K8,783.7449223355169,677.4842890559999,A16_B4_K16,106.26063327951704,106.26043127949873,0.0002020000182982177
105.0,A32_B6_K14,792.9920256996368,677.6859091683554,A16_B4_K16,115.30611653128142,115.30591453126556,0.00020200001585845534
105.0,A32_B6_K12,791.9202605756954,677.6859091683554,A16_B4_K16,114.23435140734,114.23414940732323,0.00020200001677336623
105.0,A32_B6_K10,792.5174096264004,677.6859091683554,A16_B4_K16,114.83150045804507,114.83129845802738,0.00020200001768827712
105.0,A32_B6_K8,795.9329368456579,677.6859091683554,A16_B4_K16,118.24702767730253,118.24682567728422,0.0002020000182982177
105.0,A32_B4_K10,780.3174690383014,677.6859091683554,A16_B4_K16,102.63155986994605,102.63135786992835,0.00020200001768827712
105.0,A32_B4_K8,784.1574174189736,677.6859091683554,A16_B4_K16,106.47150825061829,106.47130625059998,0.0002020000182982177
105.25,A32_B6_K14,793.3296971407639,677.8875292807107,A16_B4_K16,115.44216786005313,115.44196586003727,0.00020200001585845534
105.25,A32_B6_K12,792.2942001839301,677.8875292807107,A16_B4_K16,114.40667090321938,114.40646890320261,0.00020200001677336623
105.25,A32_B6_K10,792.9423922164768,677.8875292807107,A16_B4_K16,115.0548629357661,115.0546609357484,0.00020200001768827712
105.25,A32_B6_K8,796.4280735276074,677.8875292807107,A16_B4_K16,118.54054424689662,118.54034224687831,0.0002020000182982177
105.25,A32_B4_K10,780.6775667746182,677.8875292807107,A16_B4_K16,102.79003749390745,102.78983549388975,0.00020200001768827712
105.25,A32_B4_K8,784.5699125024304,677.8875292807107,A16_B4_K16,106.68238322171965,106.68218122170134,0.0002020000182982177
105.5,A32_B6_K14,793.667368581891,678.0891493930662,A16_B4_K16,115.57821918882473,115.57801718880887,0.00020200001585845534
105.5,A32_B6_K12,792.6681397921651,678.0891493930662,A16_B4_K16,114.57899039909887,114.5787883990821,0.00020200001677336623
105.5,A32_B6_K10,793.3673748065535,678.0891493930662,A16_B4_K16,115.27822541348723,115.27802341346954,0.00020200001768827712
105.5,A32_B6_K8,796.9232102095567,678.0891493930662,A16_B4_K16,118.83406081649048,118.83385881647217,0.0002020000182982177
105.5,A32_B4_K10,781.037664510935,678.0891493930662,A16_B4_K16,102.94851511786874,102.94831311785104,0.00020200001768827712
105.5,A32_B4_K8,784.9824075858872,678.0891493930662,A16_B4_K16,106.89325819282101,106.8930561928027,0.0002020000182982177
105.75,A32_B6_K14,794.0050400230182,678.2907695054216,A16_B4_K16,115.71427051759656,115.7140685175807,0.00020200001585845534
105.75,A32_B6_K12,793.0420794003999,678.2907695054216,A16_B4_K16,114.75130989497825,114.75110789496148,0.00020200001677336623
105.75,A32_B6_K10,793.7923573966299,678.2907695054216,A16_B4_K16,115.50158789120826,115.50138589119057,0.00020200001768827712
105.75,A32_B6_K8,797.4183468915061,678.2907695054216,A16_B4_K16,119.12757738608445,119.12737538606615,0.0002020000182982177
105.75,A32_B4_K10,781.3977622472519,678.2907695054216,A16_B4_K16,103.10699274183025,103.10679074181256,0.00020200001768827712
105.75,A32_B4_K8,785.394902669344,678.2907695054216,A16_B4_K16,107.10413316392237,107.10393116390406,0.0002020000182982177
106.0,A32_B6_K14,794.3427114641452,678.492389617777,A16_B4_K16,115.85032184636816,115.8501198463523,0.00020200001585845534
106.0,A32_B6_K12,793.4160190086347,678.492389617777,A16_B4_K16,114.92362939085774,114.92342739084097,0.00020200001677336623
106.0,A32_B6_K10,794.2173399867065,678.492389617777,A16_B4_K16,115.72495036892951,115.72474836891182,0.00020200001768827712
106.0,A32_B6_K8,797.9134835734556,678.492389617777,A16_B4_K16,119.42109395567854,119.42089195566024,0.0002020000182982177
106.0,A32_B4_K10,781.7578599835688,678.492389617777,A16_B4_K16,103.26547036579177,103.26526836577408,0.00020200001768827712
106.0,A32_B4_K8,785.8073977528009,678.492389617777,A16_B4_K16,107.31500813502385,107.31480613500554,0.0002020000182982177
106.25,A32_B6_K14,794.6803829052723,678.6940097301324,A16_B4_K16,115.98637317513987,115.98617117512401,0.00020200001585845534
106.25,A32_B6_K12,793.7899586168696,678.6940097301324,A16_B4_K16,115.09594888673723,115.09574688672046,0.00020200001677336623
106.25,A32_B6_K10,794.6423225767829,678.6940097301324,A16_B4_K16,115.94831284665054,115.94811084663284,0.00020200001768827712
106.25,A32_B6_K8,798.4147040974883,678.6940097301324,A16_B4_K16,119.72069436735592,119.72049236733761,0.0002020000182982177
106.25,A32_B4_K10,782.1179577198857,678.6940097301324,A16_B4_K16,103.42394798975329,103.4237459897356,0.00020200001768827712
106.25,A32_B4_K8,786.2198928362576,678.6940097301324,A16_B4_K16,107.5258831061252,107.5256811061069,0.0002020000182982177
106.5,A32_B6_K14,795.0180543463994,678.8956298424878,A16_B4_K16,116.12242450391159,116.12222250389573,0.00020200001585845534
106.5,A32_B6_K12,794.1638982251045,678.8956298424878,A16_B4_K16,115.26826838261672,115.26806638259995,0.00020200001677336623
106.5,A32_B6_K10,795.0673051668595,678.8956298424878,A16_B4_K16,116.17167532437168,116.17147332435398,0.00020200001768827712
106.5,A32_B6_K8,798.9177478800798,678.8956298424878,A16_B4_K16,120.02211803759201,120.0219160375737,0.0002020000182982177
106.5,A32_B4_K10,782.4780554562024,678.8956298424878,A16_B4_K16,103.58242561371458,103.58222361369688,0.00020200001768827712
106.5,A32_B4_K8,786.6323879197143,678.8956298424878,A16_B4_K16,107.73675807722657,107.73655607720826,0.0002020000182982177
106.75,A32_B6_K14,795.3557257875265,679.0972499548433,A16_B4_K16,116.25847583268319,116.25827383266733,0.00020200001585845534
106.75,A32_B6_K12,794.5378378333394,679.0972499548433,A16_B4_K16,115.4405878784961,115.44038587847933,0.00020200001677336623
106.75,A32_B6_K10,795.4922877569361,679.0972499548433,A16_B4_K16,116.39503780209282,116.39483580207512,0.00020200001768827712
106.75,A32_B6_K8,799.4215022715742,679.0972499548433,A16_B4_K16,120.32425231673096,120.32405031671266,0.0002020000182982177
106.75,A32_B4_K10,782.8381531925193,679.0972499548433,A16_B4_K16,103.74090323767598,103.74070123765829,0.00020200001768827712
106.75,A32_B4_K8,787.0448830031712,679.0972499548433,A16_B4_K16,107.94763304832793,107.94743104830962,0.0002020000182982177
107.0,A32_B6_K14,795.6933972286536,679.2988700671987,A16_B4_K16,116.3945271614549,116.39432516143904,0.00020200001585845534
107.0,A32_B6_K12,794.9117774415741,679.2988700671987,A16_B4_K16,115.61290737437548,115.61270537435871,0.00020200001677336623
107.0,A32_B6_K10,795.9172703470124,679.2988700671987,A16_B4_K16,116.61840027981373,116.61819827979603,0.00020200001768827712
107.0,A32_B6_K8,799.9274968531552,679.2988700671987,A16_B4_K16,120.6286267859565,120.6284247859382,0.0002020000182982177
107.0,A32_B4_K10,783.1982509288362,679.2988700671987,A16_B4_K16,103.8993808616375,103.8991788616198,0.00020200001768827712
107.0,A32_B4_K8,787.457378086628,679.2988700671987,A16_B4_K16,108.15850801942929,108.15830601941099,0.0002020000182982177
107.25,A32_B6_K14,796.0310686697807,679.5004901795542,A16_B4_K16,116.5305784902265,116.53037649021064,0.00020200001585845534
107.25,A32_B6_K12,795.285717049809,679.5004901795542,A16_B4_K16,115.78522687025486,115.78502487023809,0.00020200001677336623
107.25,A32_B6_K10,796.3422529370889,679.5004901795542,A16_B4_K16,116.84176275753475,116.84156075751706,0.00020200001768827712
107.25,A32_B6_K8,800.4334914347362,679.5004901795542,A16_B4_K16,120.93300125518203,120.93279925516373,0.0002020000182982177
107.25,A32_B4_K10,783.558348665153,679.5004901795542,A16_B4_K16,104.05785848559879,104.05765648558109,0.00020200001768827712
107.25,A32_B4_K8,787.8698731700847,679.5004901795542,A16_B4_K16,108.36938299053054,108.36918099051223,0.0002020000182982177
107.5,A32_B6_K14,796.3687401109078,679.7021102919095,A16_B4_K16,116.66662981899822,116.66642781898236,0.00020200001585845534
107.5,A32_B6_K12,795.6596566580438,679.7021102919095,A16_B4_K16,115.95754636613424,115.95734436611747,0.00020200001677336623
107.5,A32_B6_K10,796.7672355271654,679.7021102919095,A16_B4_K16,117.06512523525589,117.0649232352382,0.00020200001768827712
107.5,A32_B6_K8,800.9394860163172,679.7021102919095,A16_B4_K16,121.23737572440768,121.23717372438938,0.0002020000182982177
107.5,A32_B4_K10,783.9184464014697,679.7021102919095,A16_B4_K16,104.21633610956019,104.2161341095425,0.00020200001768827712
107.5,A32_B4_K8,788.2823682535416,679.7021102919095,A16_B4_K16,108.58025796163201,108.58005596161371,0.0002020000182982177
107.75,A32_B6_K14,796.7064115520349,679.9037304042649,A16_B4_K16,116.80268114776993,116.80247914775407,0.00020200001585845534
107.75,A32_B6_K12,796.0335962662787,679.9037304042649,A16_B4_K16,116.12986586201373,116.12966386199696,0.00020200001677336623
107.75,A32_B6_K10,797.192218117242,679.9037304042649,A16_B4_K16,117.28848771297703,117.28828571295934,0.00020200001768827712
107.75,A32_B6_K8,801.4454805978983,679.9037304042649,A16_B4_K16,121.54175019363333,121.54154819361503,0.0002020000182982177
107.75,A32_B4_K10,784.2785441377866,679.9037304042649,A16_B4_K16,104.3748137335217,104.37461173350401,0.00020200001768827712
107.75,A32_B4_K8,788.6948633369983,679.9037304042649,A16_B4_K16,108.79113293273338,108.79093093271507,0.0002020000182982177
108.0,A32_B6_K14,797.044082993162,680.1053505166203,A16_B4_K16,116.93873247654165,116.93853047652578,0.00020200001585845534
108.0,A32_B6_K12,796.4075358745135,680.1053505166203,A16_B4_K16,116.30218535789322,116.30198335787645,0.00020200001677336623
108.0,A32_B6_K10,797.6172007073185,680.1053505166203,A16_B4_K16,117.51185019069817,117.51164819068048,0.00020200001768827712
108.0,A32_B6_K8,801.9540733029511,680.1053505166203,A16_B4_K16,121.84872278633077,121.84852078631246,0.0002020000182982177
108.0,A32_B4_K10,784.6386418741035,680.1053505166203,A16_B4_K16,104.53329135748322,104.53308935746553,0.00020200001768827712
108.0,A32_B4_K8,789.1073584204551,680.1053505166203,A16_B4_K16,109.00200790383474,109.00180590381643,0.0002020000182982177
108.25,A32_B6_K14,797.3817544342891,680.3069706289758,A16_B4_K16,117.07478380531325,117.07458180529738,0.00020200001585845534
108.25,A32_B6_K12,796.7814754827484,680.3069706289758,A16_B4_K16,116.4745048537726,116.47430285375583,0.00020200001677336623
108.25,A32_B6_K10,798.0421832973949,680.3069706289758,A16_B4_K16,117.73521266841908,117.73501066840139,0.00020200001768827712
108.25,A32_B6_K8,802.4631736681183,680.3069706289758,A16_B4_K16,122.1562030391425,122.15600103912419,0.0002020000182982177
108.25,A32_B4_K10,784.9987396104203,680.3069706289758,A16_B4_K16,104.69176898144451,104.69156698142682,0.00020200001768827712
108.25,A32_B4_K8,789.5198535039119,680.3069706289758,A16_B4_K16,109.2128828749361,109.2126808749178,0.0002020000182982177
108.5,A32_B6_K14,797.7194258754162,680.5085907413312,A16_B4_K16,117.21083513408496,117.2106331340691,0.00020200001585845534
108.5,A32_B6_K12,797.1554150909833,680.5085907413312,A16_B4_K16,116.64682434965209,116.64662234963532,0.00020200001677336623
108.5,A32_B6_K10,798.4671658874714,680.5085907413312,A16_B4_K16,117.95857514614022,117.95837314612253,0.00020200001768827712
108.5,A32_B6_K8,802.9722740332855,680.5085907413312,A16_B4_K16,122.46368329195434,122.46348129193603,0.0002020000182982177
108.5,A32_B4_K10,785.3588373467371,680.5085907413312,A16_B4_K16,104.85024660540591,104.85004460538822,0.00020200001768827712
108.5,A32_B4_K8,789.9323485873687,680.5085907413312,A16_B4_K16,109.42375784603746,109.42355584601916,0.0002020000182982177
108.75,A32_B6_K14,798.0570973165433,680.7102108536866,A16_B4_K16,117.34688646285667,117.34668446284081,0.00020200001585845534
108.75,A32_B6_K12,797.5293546992182,680.7102108536866,A16_B4_K16,116.81914384553158,116.81894184551481,0.00020200001677336623
108.75,A32_B6_K10,798.892148477548,680.7102108536866,A16_B4_K16,118.18193762386136,118.18173562384366,0.00020200001768827712
108.75,A32_B6_K8,803.4813743984528,680.7102108536866,A16_B4_K16,122.77116354476618,122.77096154474788,0.0002020000182982177
108.75,A32_B4_K10,785.718935083054,680.7102108536866,A16_B4_K16,105.00872422936743,105.00852222934974,0.00020200001768827712
108.75,A32_B4_K8,790.3448436708255,680.7102108536866,A16_B4_K16,109.63463281713894,109.63443081712063,0.0002020000182982177
109.0,A32_B6_K14,798.3947687576704,680.911830966042,A16_B4_K16,117.48293779162839,117.48273579161253,0.00020200001585845534
109.0,A32_B6_K12,797.9032943074529,680.911830966042,A16_B4_K16,116.99146334141096,116.99126134139419,0.00020200001677336623
109.0,A32_B6_K10,799.3171310676246,680.911830966042,A16_B4_K16,118.40530010158261,118.40509810156492,0.00020200001768827712
109.0,A32_B6_K8,803.99047476362,680.911830966042,A16_B4_K16,123.07864379757802,123.07844179755972,0.0002020000182982177
109.0,A32_B4_K10,786.0790328193709,680.911830966042,A16_B4_K16,105.16720185332895,105.16699985331125,0.00020200001768827712
109.0,A32_B4_K8,790.7573387542823,680.911830966042,A16_B4_K16,109.8455077882403,109.84530578822199,0.0002020000182982177
109.25,A32_B6_K14,798.7324401987975,681.1134510783975,A16_B4_K16,117.61898912039999,117.61878712038413,0.00020200001585845534
109.25,A32_B6_K12,798.2772339156878,681.1134510783975,A16_B4_K16,117.16378283729034,117.16358083727357,0.00020200001677336623
109.25,A32_B6_K10,799.742113657701,681.1134510783975,A16_B4_K16,118.62866257930352,118.62846057928583,0.00020200001768827712
109.25,A32_B6_K8,804.4995751287872,681.1134510783975,A16_B4_K16,123.38612405038975,123.38592205037145,0.0002020000182982177
109.25,A32_B4_K10,786.4391305556877,681.1134510783975,A16_B4_K16,105.32567947729024,105.32547747727254,0.00020200001768827712
109.25,A32_B4_K8,791.1698338377391,681.1134510783975,A16_B4_K16,110.05638275934166,110.05618075932335,0.0002020000182982177
109.5,A32_B6_K14,799.0701116399246,681.3150711907529,A16_B4_K16,117.7550404491717,117.75483844915584,0.00020200001585845534
109.5,A32_B6_K12,798.6511735239227,681.3150711907529,A16_B4_K16,117.33610233316983,117.33590033315306,0.00020200001677336623
109.5,A32_B6_K10,800.1670962477774,681.3150711907529,A16_B4_K16,118.85202505702455,118.85182305700685,0.00020200001768827712
109.5,A32_B6_K8,805.0086754939545,681.3150711907529,A16_B4_K16,123.6936043032016,123.69340230318329,0.0002020000182982177
109.5,A32_B4_K10,786.7992282920045,681.3150711907529,A16_B4_K16,105.48415710125164,105.48395510123395,0.00020200001768827712
109.5,A32_B4_K8,791.5823289211959,681.3150711907529,A16_B4_K16,110.26725773044302,110.26705573042472,0.0002020000182982177
109.75,A32_B6_K14,799.4077830810517,681.5166913031085,A16_B4_K16,117.89109177794319,117.89088977792733,0.00020200001585845534
109.75,A32_B6_K12,799.0251131321575,681.5166913031085,A16_B4_K16,117.50842182904898,117.50821982903221,0.00020200001677336623
109.75,A32_B6_K10,800.5920788378539,681.5166913031085,A16_B4_K16,119.07538753474546,119.07518553472777,0.00020200001768827712
109.75,A32_B6_K8,805.5177758591218,681.5166913031085,A16_B4_K16,124.00108455601332,124.00088255599502,0.0002020000182982177
109.75,A32_B4_K10,787.1591514567068,681.5166913031085,A16_B4_K16,105.64246015359834,105.64225815358064,0.00020200001768827712
109.75,A32_B4_K8,791.9989215520048,681.5166913031085,A16_B4_K16,110.48223024889637,110.48202824887807,0.0002020000182982177
110.0,A32_B6_K14,799.7454545221788,681.7183114154637,A16_B4_K16,118.02714310671502,118.02694110669916,0.00020200001585845534
110.0,A32_B6_K12,799.3990527403923,681.7183114154637,A16_B4_K16,117.68074132492859,117.68053932491182,0.00020200001677336623
110.0,A32_B6_K10,801.0170614279305,681.7183114154637,A16_B4_K16,119.29875001246671,119.29854801244902,0.00020200001768827712
110.0,A32_B6_K8,806.026876224289,681.7183114154637,A16_B4_K16,124.30856480882528,124.30836280880698,0.0002020000182982177
110.0,A32_B4_K10,787.5184763167215,681.7183114154637,A16_B4_K16,105.80016490125774,105.79996290124005,0.00020200001768827712
110.0,A32_B4_K8,792.4150661247415,681.7183114154637,A16_B4_K16,110.6967547092778,110.69655270925949,0.0002020000182982177
110.25,A32_B6_K14,800.083125963306,681.9199315278191,A16_B4_K16,118.16319443548684,118.16299243547098,0.00020200001585845534
110.25,A32_B6_K12,799.7729923486272,681.9199315278191,A16_B4_K16,117.85306082080808,117.85285882079131,0.00020200001677336623
110.25,A32_B6_K10,801.442044018007,681.9199315278191,A16_B4_K16,119.52211249018785,119.52191049017016,0.00020200001768827712
110.25,A32_B6_K8,806.5365798903393,681.9199315278191,A16_B4_K16,124.61664836252021,124.6164463625019,0.0002020000182982177
110.25,A32_B4_K10,787.8778011767364,681.9199315278191,A16_B4_K16,105.95786964891727,105.95766764889957,0.00020200001768827712
110.25,A32_B4_K8,792.8312106974784,681.9199315278191,A16_B4_K16,110.91127916965922,110.91107716964092,0.0002020000182982177
110.5,A32_B6_K14,800.420797404433,682.1224528424634,A16_B4_K16,118.29834456196954,118.29814256195368,0.00020200001585845534
110.5,A32_B6_K12,800.1469319568621,682.1224528424634,A16_B4_K16,118.02447911439867,118.0242771143819,0.00020200001677336623
110.5,A32_B6_K10,801.8670266080835,682.1224528424634,A16_B4_K16,119.74457376562009,119.7443717656024,0.00020200001768827712
110.5,A32_B6_K8,807.0505997287206,682.1224528424634,A16_B4_K16,124.9281468862572,124.92794488623889,0.0002020000182982177
110.5,A32_B4_K10,788.2371260367511,682.1224528424634,A16_B4_K16,106.11467319428766,106.11447119426997,0.00020200001768827712
110.5,A32_B4_K8,793.247355270215,682.1224528424634,A16_B4_K16,111.12490242775164,111.12470042773333,0.0002020000182982177
110.75,A32_B6_K14,800.7584688455601,682.3256606618236,A16_B4_K16,118.43280818373648,118.43260618372062,0.00020200001585845534
110.75,A32_B6_K12,800.520871565097,682.3256606618236,A16_B4_K16,118.19521090327339,118.19500890325662,0.00020200001677336623
110.75,A32_B6_K10,802.29200919816,682.3256606618236,A16_B4_K16,119.96634853633645,119.96614653631876,0.00020200001768827712
110.75,A32_B6_K8,807.5684221917562,682.3256606618236,A16_B4_K16,125.24276152993264,125.24255952991433,0.0002020000182982177
110.75,A32_B4_K10,788.5964508967659,682.3256606618236,A16_B4_K16,106.2707902349423,106.2705882349246,0.00020200001768827712
110.75,A32_B4_K8,793.6634998429519,682.3256606618236,A16_B4_K16,111.33783918112829,111.33763718110998,0.0002020000182982177
111.0,A32_B6_K14,801.0961402866872,682.5288684811838,A16_B4_K16,118.56727180550331,118.56706980548745,0.00020200001585845534
111.0,A32_B6_K12,800.8948111733317,682.5288684811838,A16_B4_K16,118.36594269214788,118.36574069213111,0.00020200001677336623
111.0,A32_B6_K10,802.7169917882366,682.5288684811838,A16_B4_K16,120.1881233070527,120.18792130703501,0.00020200001768827712
111.0,A32_B6_K8,808.0856621027086,682.5288684811838,A16_B4_K16,125.55679362152478,125.55659162150647,0.0002020000182982177
111.0,A32_B4_K10,788.9557757567806,682.5288684811838,A16_B4_K16,106.4269072755967,106.42670527557901,0.00020200001768827712
111.0,A32_B4_K8,794.0796444156886,682.5288684811838,A16_B4_K16,111.55077593450471,111.55057393448641,0.0002020000182982177
111.25,A32_B6_K14,801.4338117278143,682.7320763005441,A16_B4_K16,118.70173542727014,118.70153342725428,0.00020200001585845534
111.25,A32_B6_K12,801.2668607234416,682.7320763005441,A16_B4_K16,118.53478442289747,118.5345824228807,0.00020200001677336623
111.25,A32_B6_K10,803.1419743783131,682.7320763005441,A16_B4_K16,120.40989807776896,120.40969607775126,0.00020200001768827712
111.25,A32_B6_K8,808.602907701583,682.7320763005441,A16_B4_K16,125.87083140103891,125.87062940102061,0.0002020000182982177
111.25,A32_B4_K10,789.3151006167952,682.7320763005441,A16_B4_K16,106.58302431625111,106.58282231623342,0.00020200001768827712
111.25,A32_B4_K8,794.4957889884254,682.7320763005441,A16_B4_K16,111.76371268788125,111.76351068786295,0.0002020000182982177
111.5,A32_B6_K14,801.7714831689414,682.9352841199043,A16_B4_K16,118.83619904903708,118.83599704902092,0.00020200001616342564
111.5,A32_B6_K12,801.6358570520515,682.9352841199043,A16_B4_K16,118.70057293214722,118.70037093213045,0.00020200001677336623
111.5,A32_B6_K10,803.5669569683896,682.9352841199043,A16_B4_K16,120.63167284848532,120.63147084846763,0.00020200001768827712
111.5,A32_B6_K8,809.1201775673377,682.9352841199043,A16_B4_K16,126.18489344743341,126.1846914474151,0.0002020000182982177
111.5,A32_B4_K10,789.67442547681,682.9352841199043,A16_B4_K16,106.73914135690575,106.73893935688805,0.00020200001768827712
111.5,A32_B4_K8,794.9157707461067,682.9352841199043,A16_B4_K16,111.98048662620238,111.98028462618407,0.0002020000182982177
111.75,A32_B6_K14,802.1091546100685,683.1384919392646,A16_B4_K16,118.9706626708039,118.97046067078774,0.00020200001616342564
111.75,A32_B6_K12,802.0048533806613,683.1384919392646,A16_B4_K16,118.86636144139675,118.86615944137998,0.00020200001677336623
111.75,A32_B6_K10,803.9919395584661,683.1384919392646,A16_B4_K16,120.85344761920157,120.85324561918388,0.00020200001768827712
111.75,A32_B6_K8,809.6374474330923,683.1384919392646,A16_B4_K16,126.4989554938278,126.49875349380949,0.0002020000182982177
111.75,A32_B4_K10,790.0337503368248,683.1384919392646,A16_B4_K16,106.89525839756027,106.89505639754258,0.00020200001768827712
111.75,A32_B4_K8,795.3359948032336,683.1384919392646,A16_B4_K16,112.19750286396902,112.19730086395072,0.0002020000182982177
112.0,A32_B6_K14,802.4468260511956,683.3416997586247,A16_B4_K16,119.10512629257084,119.10492429255468,0.00020200001616342564
112.0,A32_B6_K12,802.3738497092712,683.3416997586247,A16_B4_K16,119.0321499506465,119.03194795062973,0.00020200001677336623
112.0,A32_B6_K10,804.4169221485425,683.3416997586247,A16_B4_K16,121.07522238991783,121.07502038990013,0.00020200001768827712
112.0,A32_B6_K8,810.1502507571803,683.3416997586247,A16_B4_K16,126.80855099855557,126.80834899853727,0.0002020000182982177
112.0,A32_B4_K10,790.3930751968396,683.3416997586247,A16_B4_K16,107.0513754382149,107.05117343819721,0.00020200001768827712
112.0,A32_B4_K8,795.7517523186939,683.3416997586247,A16_B4_K16,112.41005256006918,112.40985056005087,0.0002020000182982177
112.25,A32_B6_K14,802.7844974923227,683.5449075779849,A16_B4_K16,119.23958991433778,119.23938791432163,0.00020200001616342564
112.25,A32_B6_K12,802.7428460378811,683.5449075779849,A16_B4_K16,119.19793845989625,119.19773645987948,0.00020200001677336623
112.25,A32_B6_K10,804.8419047386191,683.5449075779849,A16_B4_K16,121.29699716063419,121.2967951606165,0.00020200001768827712
112.25,A32_B6_K8,810.6672482908788,683.5449075779849,A16_B4_K16,127.1223407128939,127.1221387128756,0.0002020000182982177
112.25,A32_B4_K10,790.7524000568544,683.5449075779849,A16_B4_K16,107.20749247886954,107.20729047885185,0.00020200001768827712
112.25,A32_B4_K8,796.1673856746492,683.5449075779849,A16_B4_K16,112.62247809666428,112.62227609664598,0.0002020000182982177
112.5,A32_B6_K14,803.1221689334498,683.7505575453755,A16_B4_K16,119.37161138807426,119.3714093880581,0.00020200001616342564
112.5,A32_B6_K12,803.1118423664909,683.7505575453755,A16_B4_K16,119.36128482111542,119.36108282109865,0.00020200001677336623
112.5,A32_B6_K10,805.2668873286955,683.7505575453755,A16_B4_K16,121.51632978331997,121.51612778330228,0.00020200001768827712
112.5,A32_B6_K8,811.1846196413225,683.7505575453755,A16_B4_K16,127.43406209594696,127.43386009592865,0.0002020000182982177
112.5,A32_B4_K10,791.1117249168692,683.7505575453755,A16_B4_K16,107.3611673714937,107.36096537147601,0.00020200001768827712
112.5,A32_B4_K8,796.5836751553219,683.7505575453755,A16_B4_K16,112.83311760994638,112.83291560992808,0.0002020000182982177
112.75,A32_B6_K14,803.459840374577,683.9565746431131,A16_B4_K16,119.5032657314639,119.50306373144774,0.00020200001616342564
112.75,A32_B6_K12,803.4808386951008,683.9565746431131,A16_B4_K16,119.52426405198776,119.52406205197099,0.00020200001677336623
112.75,A32_B6_K10,805.691869918772,683.9565746431131,A16_B4_K16,121.73529527565893,121.73509327564123,0.00020200001768827712
112.75,A32_B6_K8,811.7019909917659,683.9565746431131,A16_B4_K16,127.74541634865284,127.74521434863453,0.0002020000182982177
112.75,A32_B4_K10,791.4728044171812,683.9565746431131,A16_B4_K16,107.51622977406817,107.51602777405047,0.00020200001768827712
112.75,A32_B4_K8,797.0003961447238,683.9565746431131,A16_B4_K16,113.04382150161075,113.04361950159245,0.0002020000182982177
113.0,A32_B6_K14,803.797511815704,684.1625917408505,A16_B4_K16,119.63492007485343,119.63471807483727,0.00020200001616342564
113.0,A32_B6_K12,803.8498350237105,684.1625917408505,A16_B4_K16,119.68724328285998,119.68704128284321,0.00020200001677336623
113.0,A32_B6_K10,806.1168525088485,684.1625917408505,A16_B4_K16,121.954260767998,121.9540587679803,0.00020200001768827712
113.0,A32_B6_K8,812.2193623422095,684.1625917408505,A16_B4_K16,128.05677060135895,128.05656860134064,0.0002020000182982177
113.0,A32_B4_K10,791.8345633825821,684.1625917408505,A16_B4_K16,107.6719716417316,107.67176964171391,0.00020200001768827712
113.0,A32_B4_K8,797.4171171341255,684.1625917408505,A16_B4_K16,113.254525393275,113.2543233932567,0.0002020000182982177
113.25,A32_B6_K14,804.135183256831,684.3717212984266,A16_B4_K16,119.76346195840449,119.76325995838833,0.00020200001616342564
113.25,A32_B6_K12,804.2188313523204,684.3717212984266,A16_B4_K16,119.84711005389386,119.84690805387709,0.00020200001677336623
113.25,A32_B6_K10,806.541835098925,684.3717212984266,A16_B4_K16,122.17011380049848,122.16991180048079,0.00020200001768827712
113.25,A32_B6_K8,812.7367336926529,684.3717212984266,A16_B4_K16,128.36501239422637,128.36481039420806,0.0002020000182982177
113.25,A32_B4_K10,792.1963223479831,684.3717212984266,A16_B4_K16,107.82460104955658,107.82439904953888,0.00020200001768827712
113.25,A32_B4_K8,797.8338381235274,684.3717212984266,A16_B4_K16,113.4621168251008,113.46191482508249,0.0002020000182982177
113.5,A32_B6_K14,804.4728546979582,684.5825093244325,A16_B4_K16,119.89034537352563,119.89014337350947,0.00020200001616342564
113.5,A32_B6_K12,804.5878276809303,684.5825093244325,A16_B4_K16,120.00531835649781,120.00511635648104,0.00020200001677336623
113.5,A32_B6_K10,806.9668176890016,684.5825093244325,A16_B4_K16,122.38430836456905,122.38410636455136,0.00020200001768827712
113.5,A32_B6_K8,813.2541050430964,684.5825093244325,A16_B4_K16,128.67159571866387,128.67139371864556,0.0002020000182982177
113.5,A32_B4_K10,792.5580813133842,684.5825093244325,A16_B4_K16,107.97557198895163,107.97536998893393,0.00020200001768827712
113.5,A32_B4_K8,798.2531437257132,684.5825093244325,A16_B4_K16,113.67063440128072,113.67043240126242,0.0002020000182982177
113.75,A32_B6_K14,804.8105261390853,684.7932973504387,A16_B4_K16,120.01722878864655,120.01702678863039,0.00020200001616342564
113.75,A32_B6_K12,804.9568240095401,684.7932973504387,A16_B4_K16,120.16352665910142,120.16332465908465,0.00020200001677336623
113.75,A32_B6_K10,807.3918002790781,684.7932973504387,A16_B4_K16,122.59850292863939,122.5983009286217,0.00020200001768827712
113.75,A32_B6_K8,813.77147639354,684.7932973504387,A16_B4_K16,128.97817904310125,128.97797704308294,0.0002020000182982177
113.75,A32_B4_K10,792.9198402787852,684.7932973504387,A16_B4_K16,108.12654292834645,108.12634092832876,0.00020200001768827712
113.75,A32_B4_K8,798.672819905,684.7932973504387,A16_B4_K16,113.87952255456128,113.87932055454297,0.0002020000182982177
114.0,A32_B6_K14,805.1481975802124,685.0040853764448,A16_B4_K16,120.14411220376758,120.14391020375142,0.00020200001616342564
114.0,A32_B6_K12,805.32582033815,685.0040853764448,A16_B4_K16,120.32173496170526,120.32153296168849,0.00020200001677336623
114.0,A32_B6_K10,807.8167828691546,685.0040853764448,A16_B4_K16,122.81269749270984,122.81249549269215,0.00020200001768827712
114.0,A32_B6_K8,814.2888477439835,685.0040853764448,A16_B4_K16,129.28476236753875,129.28456036752044,0.0002020000182982177
114.0,A32_B4_K10,793.281599244186,685.0040853764448,A16_B4_K16,108.27751386774128,108.27731186772358,0.00020200001768827712
114.0,A32_B4_K8,799.0924960842867,685.0040853764448,A16_B4_K16,114.08841070784194,114.08820870782364,0.0002020000182982177
114.25,A32_B6_K14,805.4858690213395,685.2148734024508,A16_B4_K16,120.2709956188886,120.27079361887245,0.00020200001616342564
114.25,A32_B6_K12,805.6948166667598,685.2148734024508,A16_B4_K16,120.47994326430899,120.47974126429222,0.00020200001677336623
114.25,A32_B6_K10,808.241765459231,685.2148734024508,A16_B4_K16,123.02689205678018,123.02669005676249,0.00020200001768827712
114.25,A32_B6_K8,814.806219094427,685.2148734024508,A16_B4_K16,129.59134569197613,129.59114369195783,0.0002020000182982177
114.25,A32_B4_K10,793.6433582095871,685.2148734024508,A16_B4_K16,108.42848480713621,108.42828280711852,0.00020200001768827712
114.25,A32_B4_K8,799.5121722635736,685.2148734024508,A16_B4_K16,114.29729886112273,114.29709686110442,0.0002020000182982177
114.5,A32_B6_K14,805.8235404624666,685.425661428457,A16_B4_K16,120.39787903400952,120.39767703399336,0.00020200001616342564
114.5,A32_B6_K12,806.0638129953696,685.425661428457,A16_B4_K16,120.6381515669126,120.63794956689583,0.00020200001677336623
114.5,A32_B6_K10,808.6667480493077,685.425661428457,A16_B4_K16,123.24108662085064,123.24088462083294,0.00020200001768827712
114.5,A32_B6_K8,815.3235904448707,685.425661428457,A16_B4_K16,129.89792901641363,129.89772701639532,0.0002020000182982177
114.5,A32_B4_K10,794.0051171749881,685.425661428457,A16_B4_K16,108.57945574653104,108.57925374651334,0.00020200001768827712
114.5,A32_B4_K8,799.9329487373994,685.425661428457,A16_B4_K16,114.50728730894241,114.5070853089241,0.0002020000182982177
114.75,A32_B6_K14,806.1612119035935,685.636449454463,A16_B4_K16,120.52476244913055,120.52456044911439,0.00020200001616342564
114.75,A32_B6_K12,806.4328093239797,685.636449454463,A16_B4_K16,120.79635986951666,120.7961578694999,0.00020200001677336623
114.75,A32_B6_K10,809.0917306393841,685.636449454463,A16_B4_K16,123.45528118492109,123.4550791849034,0.00020200001768827712
114.75,A32_B6_K8,815.840961795314,685.636449454463,A16_B4_K16,130.204512340851,130.2043103408327,0.0002020000182982177
114.75,A32_B4_K10,794.3668761403891,685.636449454463,A16_B4_K16,108.73042668592609,108.7302246859084,0.00020200001768827712
114.75,A32_B4_K8,800.356335257144,685.636449454463,A16_B4_K16,114.719885802681,114.7196838026627,0.0002020000182982177
115.0,A32_B6_K14,806.4988833447206,685.847237480469,A16_B4_K16,120.65164586425169,120.65144386423553,0.00020200001616342564
115.0,A32_B6_K12,806.8018056525893,685.847237480469,A16_B4_K16,120.95456817212039,120.95436617210362,0.00020200001677336623
115.0,A32_B6_K10,809.5167132294606,685.847237480469,A16_B4_K16,123.66947574899166,123.66927374897396,0.00020200001768827712
115.0,A32_B6_K8,816.3583331457576,685.847237480469,A16_B4_K16,130.51109566528862,130.51089366527003,0.000202000018603188
115.0,A32_B4_K10,794.7286351057901,685.847237480469,A16_B4_K16,108.88139762532114,108.88119562530345,0.00020200001768827712
115.0,A32_B4_K8,800.7797217768884,685.847237480469,A16_B4_K16,114.93248429641949,114.93228229640089,0.000202000018603188
115.25,A32_B6_K14,806.8365547858477,686.0580255064751,A16_B4_K16,120.7785292793726,120.77832727935645,0.00020200001616342564
115.25,A32_B6_K12,807.1708019811992,686.0580255064751,A16_B4_K16,121.11277647472411,121.11257447470734,0.00020200001677336623
115.25,A32_B6_K10,809.9425005319343,686.0580255064751,A16_B4_K16,123.88447502545921,123.88427302544152,0.00020200001768827712
115.25,A32_B6_K8,816.8757044962011,686.0580255064751,A16_B4_K16,130.817678989726,130.81747698970742,0.000202000018603188
115.25,A32_B4_K10,795.0903940711911,686.0580255064751,A16_B4_K16,109.03236856471597,109.03216656469827,0.00020200001768827712
115.25,A32_B4_K8,801.2031082966331,686.0580255064751,A16_B4_K16,115.14508279015797,115.14488079013937,0.000202000018603188
115.5,A32_B6_K14,807.174226226975,686.2688135324811,A16_B4_K16,120.90541269449386,120.9052106944777,0.00020200001616342564
115.5,A32_B6_K12,807.5397983098092,686.2688135324811,A16_B4_K16,121.27098477732807,121.2707827773113,0.00020200001677336623
115.5,A32_B6_K10,810.3758301649264,686.2688135324811,A16_B4_K16,124.10701663244527,124.10681463242757,0.00020200001768827712
115.5,A32_B6_K8,817.3930758466447,686.2688135324811,A16_B4_K16,131.12426231416362,131.12406031414503,0.000202000018603188
115.5,A32_B4_K10,795.4521530365921,686.2688135324811,A16_B4_K16,109.18333950411102,109.18313750409332,0.00020200001768827712
115.5,A32_B4_K8,801.6264948163778,686.2688135324811,A16_B4_K16,115.35768128389668,115.35747928387808,0.000202000018603188
115.75,A32_B6_K14,807.511897668102,686.4796015584873,A16_B4_K16,121.03229610961478,121.03209410959862,0.00020200001616342564
115.75,A32_B6_K12,807.908794638419,686.4796015584873,A16_B4_K16,121.42919307993168,121.42899107991491,0.00020200001677336623
115.75,A32_B6_K10,810.8103464623939,686.4796015584873,A16_B4_K16,124.33074490390663,124.33054290388894,0.00020200001768827712
115.75,A32_B6_K8,817.9104471970882,686.4796015584873,A16_B4_K16,131.43084563860089,131.4306436385823,0.000202000018603188
115.75,A32_B4_K10,795.813912001993,686.4796015584873,A16_B4_K16,109.33431044350573,109.33410844348803,0.00020200001768827712
115.75,A32_B4_K8,802.0498813361221,686.4796015584873,A16_B4_K16,115.57027977763482,115.57007777761622,0.000202000018603188
116.0,A32_B6_K14,807.8495691092292,686.6903895844932,A16_B4_K16,121.15917952473592,121.15897752471976,0.00020200001616342564
116.0,A32_B6_K12,808.2777909670287,686.6903895844932,A16_B4_K16,121.58740138253552,121.58719938251814,0.00020200001738330682
116.0,A32_B6_K10,811.2448627598617,686.6903895844932,A16_B4_K16,124.55447317536846,124.55427117535076,0.00020200001768827712
116.0,A32_B6_K8,818.4278185475316,686.6903895844932,A16_B4_K16,131.73742896303838,131.7372269630198,0.000202000018603188
116.0,A32_B4_K10,796.175670967394,686.6903895844932,A16_B4_K16,109.48528138290078,109.48507938288309,0.00020200001768827712
116.0,A32_B4_K8,802.4732678558667,686.6903895844932,A16_B4_K16,115.78287827137342,115.78267627135482,0.000202000018603188
116.25,A32_B6_K14,808.1872405503563,686.9011776104994,A16_B4_K16,121.28606293985683,121.28586093984067,0.00020200001616342564
116.25,A32_B6_K12,808.6467872956387,686.9011776104994,A16_B4_K16,121.74560968513924,121.74540768512186,0.00020200001738330682
116.25,A32_B6_K10,811.6793790573295,686.9011776104994,A16_B4_K16,124.77820144683005,124.77799944681236,0.00020200001768827712
116.25,A32_B6_K8,818.9430681531835,686.9011776104994,A16_B4_K16,132.0418905426841,132.0416885426655,0.000202000018603188
116.25,A32_B4_K10,796.537429932795,686.9011776104994,A16_B4_K16,109.6362523222956,109.63605032227791,0.00020200001768827712
116.25,A32_B4_K8,802.8966543756112,686.9011776104994,A16_B4_K16,115.99547676511179,115.99527476509319,0.000202000018603188
116.5,A32_B6_K14,808.5249119914833,687.1119656365054,A16_B4_K16,121.41294635497798,121.41274435496182,0.00020200001616342564
116.5,A32_B6_K12,809.0157836242486,687.1119656365054,A16_B4_K16,121.9038179877432,121.90361598772581,0.00020200001738330682
116.5,A32_B6_K10,812.1144862039778,687.1119656365054,A16_B4_K16,125.0025205674724,125.00231856745471,0.00020200001768827712
116.5,A32_B6_K8,819.4569922380022,687.1119656365054,A16_B4_K16,132.34502660149678,132.3448246014782,0.000202000018603188
116.5,A32_B4_K10,796.899188898196,687.1119656365054,A16_B4_K16,109.78722326169066,109.78702126167296,0.00020200001768827712
116.5,A32_B4_K8,803.3200408953558,687.1119656365054,A16_B4_K16,116.20807525885039,116.20787325883178,0.000202000018603188
116.75,A32_B6_K14,808.8625834326106,687.3227536625114,A16_B4_K16,121.53982977009912,121.53962777008296,0.00020200001616342564
116.75,A32_B6_K12,809.3847799528585,687.3227536625114,A16_B4_K16,122.06202629034703,122.06182429032965,0.00020200001738330682
116.75,A32_B6_K10,812.5501363858082,687.3227536625114,A16_B4_K16,125.22738272329673,125.22718072327903,0.00020200001768827712
116.75,A32_B6_K8,819.9709163228206,687.3227536625114,A16_B4_K16,132.64816266030914,132.64796066029055,0.000202000018603188
116.75,A32_B4_K10,797.260947863597,687.3227536625114,A16_B4_K16,109.9381942010856,109.9379922010679,0.00020200001768827712
116.75,A32_B4_K8,803.7434274151002,687.3227536625114,A16_B4_K16,116.42067375258875,116.42047175257015,0.000202000018603188
117.0,A32_B6_K14,809.2002548737375,687.5335416885175,A16_B4_K16,121.66671318522003,121.66651118520326,0.00020200001677336623
117.0,A32_B6_K12,809.7537762814682,687.5335416885175,A16_B4_K16,122.22023459295065,122.22003259293265,0.0002020000179932474
117.0,A32_B6_K10,812.9857865676387,687.5335416885175,A16_B4_K16,125.45224487912117,125.45204287910286,0.0002020000182982177
117.0,A32_B6_K8,820.4850765955807,687.5335416885175,A16_B4_K16,132.9515349070632,132.951332907044,0.0002020000192131286
117.0,A32_B4_K10,797.6227068289979,687.5335416885175,A16_B4_K16,110.08916514048042,110.08896314046211,0.0002020000182982177
117.0,A32_B4_K8,804.1668139348448,687.5335416885175,A16_B4_K16,116.63327224632724,116.63307024630802,0.0002020000192131286
117.25,A32_B6_K14,809.5379263148648,687.7443297145236,A16_B4_K16,121.79359660034117,121.7933946003244,0.00020200001677336623
117.25,A32_B6_K12,810.1227726100781,687.7443297145236,A16_B4_K16,122.37844289555449,122.37824089553649,0.0002020000179932474
117.25,A32_B6_K10,813.4214367494692,687.7443297145236,A16_B4_K16,125.6771070349456,125.6769050349273,0.0002020000182982177
117.25,A32_B6_K8,820.9993442467309,687.7443297145236,A16_B4_K16,133.25501453220727,133.25481253218805,0.0002020000192131286
117.25,A32_B4_K10,797.9844657943991,687.7443297145236,A16_B4_K16,110.24013607987547,110.23993407985716,0.0002020000182982177
117.25,A32_B4_K8,804.5902004545893,687.7443297145236,A16_B4_K16,116.84587074006572,116.8456687400465,0.0002020000192131286
117.5,A32_B6_K14,809.8755977559917,687.9551177405297,A16_B4_K16,121.92048001546209,121.92027801544532,0.00020200001677336623
117.5,A32_B6_K12,810.491768938688,687.9551177405297,A16_B4_K16,122.53665119815832,122.53644919814033,0.0002020000179932474
117.5,A32_B6_K10,813.8570869312997,687.9551177405297,A16_B4_K16,125.90196919077005,125.90176719075174,0.0002020000182982177
117.5,A32_B6_K8,821.5136118978811,687.9551177405297,A16_B4_K16,133.55849415735145,133.55829215733223,0.0002020000192131286
117.5,A32_B4_K10,798.3462247598,687.9551177405297,A16_B4_K16,110.3911070192703,110.39090501925199,0.0002020000182982177
117.5,A32_B4_K8,805.0135869743339,687.9551177405297,A16_B4_K16,117.0584692338042,117.05826723378499,0.0002020000192131286
117.75,A32_B6_K14,810.2132691971187,688.1659057665358,A16_B4_K16,122.04736343058289,122.04716143056612,0.00020200001677336623
117.75,A32_B6_K12,810.8607652672978,688.1659057665358,A16_B4_K16,122.69485950076194,122.69465750074394,0.0002020000179932474
117.75,A32_B6_K10,814.2927371131303,688.1659057665358,A16_B4_K16,126.12683134659449,126.12662934657618,0.0002020000182982177
117.75,A32_B6_K8,822.0278795490314,688.1659057665358,A16_B4_K16,133.8619737824955,133.8617717824763,0.0002020000192131286
117.75,A32_B4_K10,798.7079837252011,688.1659057665358,A16_B4_K16,110.54207795866523,110.54187595864693,0.0002020000182982177
117.75,A32_B4_K8,805.4369734940783,688.1659057665358,A16_B4_K16,117.27106772754246,117.27086572752324,0.0002020000192131286
118.0,A32_B6_K14,810.550940638246,688.3766937925419,A16_B4_K16,122.17424684570403,122.17404484568726,0.00020200001677336623
118.0,A32_B6_K12,811.2297615959076,688.3766937925419,A16_B4_K16,122.85306780336566,122.85286580334767,0.0002020000179932474
118.0,A32_B6_K10,814.7283872949608,688.3766937925419,A16_B4_K16,126.35169350241893,126.35149150240062,0.0002020000182982177
118.0,A32_B6_K8,822.5421472001816,688.3766937925419,A16_B4_K16,134.1654534076397,134.16525140762047,0.0002020000192131286
118.0,A32_B4_K10,799.069742690602,688.3766937925419,A16_B4_K16,110.69304889806006,110.69284689804175,0.0002020000182982177
118.0,A32_B4_K8,805.8603600138229,688.3766937925419,A16_B4_K16,117.48366622128094,117.48346422126173,0.0002020000192131286
118.25,A32_B6_K14,810.888612079373,688.5874818185479,A16_B4_K16,122.30113026082518,122.3009282608084,0.00020200001677336623
118.25,A32_B6_K12,811.5987579245175,688.5874818185479,A16_B4_K16,123.01127610596961,123.01107410595162,0.0002020000179932474
118.25,A32_B6_K10,815.1640374767915,688.5874818185479,A16_B4_K16,126.57655565824359,126.57635365822529,0.0002020000182982177
118.25,A32_B6_K8,823.0564148513317,688.5874818185479,A16_B4_K16,134.46893303278387,134.46873103276465,0.0002020000192131286
118.25,A32_B4_K10,799.431501656003,688.5874818185479,A16_B4_K16,110.84401983745511,110.8438178374368,0.0002020000182982177
118.25,A32_B4_K8,806.2837465335674,688.5874818185479,A16_B4_K16,117.69626471501954,117.69606271500032,0.0002020000192131286
118.5,A32_B6_K14,811.2262835205001,688.7982698445539,A16_B4_K16,122.4280136759462,122.42781167592943,0.00020200001677336623
118.5,A32_B6_K12,811.9677542531273,688.7982698445539,A16_B4_K16,123.16948440857334,123.16928240855535,0.0002020000179932474
118.5,A32_B6_K10,815.5996876586221,688.7982698445539,A16_B4_K16,126.80141781406815,126.80121581404984,0.0002020000182982177
118.5,A32_B6_K8,823.5694924634195,688.7982698445539,A16_B4_K16,134.77122261886552,134.7710206188463,0.0002020000192131286
118.5,A32_B4_K10,799.793260621404,688.7982698445539,A16_B4_K16,110.99499077685005,110.99478877683174,0.0002020000182982177
118.5,A32_B4_K8,806.7071330533118,688.7982698445539,A16_B4_K16,117.90886320875791,117.90866120873869,0.0002020000192131286
118.75,A32_B6_K14,811.5595760508199,689.00905787056,A16_B4_K16,122.55051818025993,122.55031618024316,0.00020200001677336623
118.75,A32_B6_K12,812.3325618447581,689.00905787056,A16_B4_K16,123.32350397419805,123.32330197418005,0.0002020000179932474
118.75,A32_B6_K10,816.0353378404526,689.00905787056,A16_B4_K16,127.02627996989258,127.02607796987428,0.0002020000182982177
118.75,A32_B6_K8,824.0790531314967,689.00905787056,A16_B4_K16,135.0699952609367,135.0697932609175,0.0002020000192131286
118.75,A32_B4_K10,800.1550195868049,689.00905787056,A16_B4_K16,111.14596171624487,111.14575971622656,0.0002020000182982177
118.75,A32_B4_K8,807.1305195730565,689.00905787056,A16_B4_K16,118.1214617024965,118.12125970247729,0.0002020000192131286
119.0,A32_B6_K14,811.8925877282751,689.2198458965661,A16_B4_K16,122.672741831709,122.67253983169223,0.00020200001677336623
119.0,A32_B6_K12,812.6969802436804,689.2198458965661,A16_B4_K16,123.47713434711432,123.47693234709632,0.0002020000179932474
119.0,A32_B6_K10,816.4709880222831,689.2198458965661,A16_B4_K16,127.25114212571702,127.25094012569872,0.0002020000182982177
119.0,A32_B6_K8,824.588613799574,689.2198458965661,A16_B4_K16,135.3687679030079,135.36856590298868,0.0002020000192131286
119.0,A32_B4_K10,800.5167785522059,689.2198458965661,A16_B4_K16,111.29693265563981,111.2967306556215,0.0002020000182982177
119.0,A32_B4_K8,807.553906092801,689.2198458965661,A16_B4_K16,118.33406019623487,118.33385819621566,0.0002020000192131286
119.25,A32_B6_K14,812.2255994057305,689.430633922572,A16_B4_K16,122.79496548315842,122.79476348314165,0.00020200001677336623
119.25,A32_B6_K12,813.0613986426027,689.430633922572,A16_B4_K16,123.6307647200307,123.6305627200127,0.0002020000179932474
119.25,A32_B6_K10,816.9031532308063,689.430633922572,A16_B4_K16,127.47251930823427,127.47231730821596,0.0002020000182982177
119.25,A32_B6_K8,825.0981744676512,689.430633922572,A16_B4_K16,135.6675405450792,135.66733854505998,0.0002020000192131286
119.25,A32_B4_K10,800.8750525442996,689.430633922572,A16_B4_K16,111.44441862172755,111.44421662170924,0.0002020000182982177
119.25,A32_B4_K8,807.9772926125455,689.430633922572,A16_B4_K16,118.54665868997347,118.54645668995425,0.0002020000192131286
119.5,A32_B6_K14,812.5586110831856,689.6414219485782,A16_B4_K16,122.91718913460738,122.91698713459061,0.00020200001677336623
119.5,A32_B6_K12,813.4258170415251,689.6414219485782,A16_B4_K16,123.78439509294685,123.78419309292886,0.0002020000179932474
119.5,A32_B6_K10,817.3295602856838,689.6414219485782,A16_B4_K16,127.68813833710556,127.68793633708725,0.0002020000182982177
119.5,A32_B6_K8,825.6077351357285,689.6414219485782,A16_B4_K16,135.96631318715026,135.96611118713105,0.0002020000192131286
119.5,A32_B4_K10,801.2275683827474,689.6414219485782,A16_B4_K16,111.58614643416922,111.58594443415092,0.0002020000182982177
119.5,A32_B4_K8,808.4006791322901,689.6414219485782,A16_B4_K16,118.75925718371184,118.75905518369262,0.0002020000192131286
119.75,A32_B6_K14,812.8916227606408,689.8522099745842,A16_B4_K16,123.03941278605657,123.0392107860398,0.00020200001677336623
119.75,A32_B6_K12,813.7902354404473,689.8522099745842,A16_B4_K16,123.93802546586312,123.93782346584513,0.0002020000179932474
119.75,A32_B6_K10,817.7559673405611,689.8522099745842,A16_B4_K16,127.90375736597696,127.90355536595865,0.0002020000182982177
119.75,A32_B6_K8,826.1172958038059,689.8522099745842,A16_B4_K16,136.26508582922168,136.26488382920246,0.0002020000192131286
119.75,A32_B4_K10,801.5800842211954,689.8522099745842,A16_B4_K16,111.72787424661124,111.72767224659293,0.0002020000182982177
119.75,A32_B4_K8,808.8240656520346,689.8522099745842,A16_B4_K16,118.97185567745043,118.97165367743122,0.0002020000192131286
120.0,A32_B6_K14,813.224634438096,690.0629980005904,A16_B4_K16,123.16163643750565,123.16143443748888,0.00020200001677336623
120.0,A32_B6_K12,814.1546538393698,690.0629980005904,A16_B4_K16,124.09165583877939,124.0914538387614,0.0002020000179932474
120.0,A32_B6_K10,818.1823743954386,690.0629980005904,A16_B4_K16,128.11937639484825,128.11917439482994,0.0002020000182982177
120.0,A32_B6_K8,826.6268564718831,690.0629980005904,A16_B4_K16,136.56385847129275,136.56365647127353,0.0002020000192131286
120.0,A32_B4_K10,801.9326000596433,690.0629980005904,A16_B4_K16,111.86960205905291,111.8694000590346,0.0002020000182982177
120.0,A32_B4_K8,809.2474521717791,690.0629980005904,A16_B4_K16,119.18445417118869,119.18425217116948,0.0002020000192131286
120.25,A32_B6_K14,813.5576461155512,690.2737860265964,A16_B4_K16,123.28386008895473,123.28365808893795,0.00020200001677336623
120.25,A32_B6_K12,814.5190722382921,690.2737860265964,A16_B4_K16,124.24528621169566,124.24508421167766,0.0002020000179932474
120.25,A32_B6_K10,818.608781450316,690.2737860265964,A16_B4_K16,128.33499542371953,128.33479342370123,0.0002020000182982177
120.25,A32_B6_K8,827.1364171399604,690.2737860265964,A16_B4_K16,136.86263111336393,136.86242911334472,0.0002020000192131286
120.25,A32_B4_K10,802.2851158980911,690.2737860265964,A16_B4_K16,112.0113298714947,112.01112787147639,0.0002020000182982177
120.25,A32_B4_K8,809.6708386915236,690.2737860265964,A16_B4_K16,119.39705266492717,119.39685066490796,0.0002020000192131286
120.5,A32_B6_K14,813.8906577930065,690.4845740526024,A16_B4_K16,123.40608374040414,123.40588174038737,0.00020200001677336623
120.5,A32_B6_K12,814.8834906372144,690.4845740526024,A16_B4_K16,124.39891658461204,124.39871458459405,0.0002020000179932474
120.5,A32_B6_K10,819.0351885051936,690.4845740526024,A16_B4_K16,128.55061445259116,128.55041245257286,0.0002020000182982177
120.5,A32_B6_K8,827.6459778080376,690.4845740526024,A16_B4_K16,137.16140375543523,137.16120175541602,0.0002020000192131286
120.5,A32_B4_K10,802.6376317365392,690.4845740526024,A16_B4_K16,112.15305768393682,112.15285568391852,0.0002020000182982177
120.5,A32_B4_K8,810.0942252112682,690.4845740526024,A16_B4_K16,119.60965115866577,119.60944915864656,0.0002020000192131286
120.75,A32_B6_K14,814.2236694704617,690.6953620786085,A16_B4_K16,123.52830739185322,123.52810539183645,0.00020200001677336623
120.75,A32_B6_K12,815.2479090361369,690.6953620786085,A16_B4_K16,124.55254695752842,124.55234495751043,0.0002020000179932474
120.75,A32_B6_K10,819.4615955600709,690.6953620786085,A16_B4_K16,128.76623348146245,128.76603148144414,0.0002020000182982177
120.75,A32_B6_K8,828.1555384761149,690.6953620786085,A16_B4_K16,137.46017639750642,137.4599743974872,0.0002020000192131286
120.75,A32_B4_K10,802.9901475749868,690.6953620786085,A16_B4_K16,112.29478549637838,112.29458349636008,0.0002020000182982177
120.75,A32_B4_K8,810.5176117310127,690.6953620786085,A16_B4_K16,119.82224965240425,119.82204765238504,0.0002020000192131286
121.0,A32_B6_K14,814.556681147917,690.9061501046145,A16_B4_K16,123.65053104330241,123.65032904328564,0.00020200001677336623
121.0,A32_B6_K12,815.6123274350591,690.9061501046145,A16_B4_K16,124.70617733044458,124.70597533042658,0.0002020000179932474
121.0,A32_B6_K10,819.8880026149483,690.9061501046145,A16_B4_K16,128.98185251033374,128.98165051031543,0.0002020000182982177
121.0,A32_B6_K8,828.6650991441923,690.9061501046145,A16_B4_K16,137.75894903957771,137.7587470395585,0.0002020000192131286
121.0,A32_B4_K10,803.3426634134347,690.9061501046145,A16_B4_K16,112.43651330882017,112.43631130880186,0.0002020000182982177
121.0,A32_B4_K8,810.9409982507572,690.9061501046145,A16_B4_K16,120.03484814614262,120.03464614612341,0.0002020000192131286
121.25,A32_B6_K14,814.8896928253722,691.1169381306206,A16_B4_K16,123.7727546947516,123.77255269473483,0.00020200001677336623
121.25,A32_B6_K12,815.9767458339816,691.1169381306206,A16_B4_K16,124.85980770336096,124.85960570334296,0.0002020000179932474
121.25,A32_B6_K10,820.3144096698259,691.1169381306206,A16_B4_K16,129.19747153920525,129.19726953918695,0.0002020000182982177
121.25,A32_B6_K8,829.1746598122695,691.1169381306206,A16_B4_K16,138.0577216816489,138.05751968162969,0.0002020000192131286
121.25,A32_B4_K10,803.6951792518826,691.1169381306206,A16_B4_K16,112.57824112126195,112.57803912124365,0.0002020000182982177
121.25,A32_B4_K8,811.3643847705017,691.1169381306206,A16_B4_K16,120.2474466398811,120.24724463986189,0.0002020000192131286
121.5,A32_B6_K14,815.2227045028274,691.3277261566267,A16_B4_K16,123.89497834620067,123.8947763461839,0.00020200001677336623
121.5,A32_B6_K12,816.3435257646349,691.3277261566267,A16_B4_K16,125.01579960800825,125.01559760799026,0.0002020000179932474
121.5,A32_B6_K10,820.7408167247031,691.3277261566267,A16_B4_K16,129.41309056807643,129.41288856805812,0.0002020000182982177
121.5,A32_B6_K8,829.6842204803468,691.3277261566267,A16_B4_K16,138.35649432372009,138.35629232370087,0.0002020000192131286
121.5,A32_B4_K10,804.0476950903304,691.3277261566267,A16_B4_K16,112.71996893370374,112.71976693368543,0.0002020000182982177
121.5,A32_B4_K8,811.7877712902462,691.3277261566267,A16_B4_K16,120.46004513361947,120.45984313360026,0.0002020000192131286
121.75,A32_B6_K14,815.5557161802826,691.5385141826328,A16_B4_K16,124.01720199764986,124.01699999763309,0.00020200001677336623
121.75,A32_B6_K12,816.7149208278956,691.5385141826328,A16_B4_K16,125.17640664526289,125.1762046452449,0.0002020000179932474
121.75,A32_B6_K10,821.1672237795806,691.5385141826328,A16_B4_K16,129.62870959694783,129.62850759692952,0.0002020000182982177
121.75,A32_B6_K8,830.193781148424,691.5385141826328,A16_B4_K16,138.65526696579127,138.65506496577206,0.0002020000192131286
121.75,A32_B4_K10,804.4002109287783,691.5385141826328,A16_B4_K16,112.86169674614553,112.86149474612722,0.0002020000182982177
121.75,A32_B4_K8,812.2112617670226,691.5385141826328,A16_B4_K16,120.67274758438987,120.67254558437065,0.0002020000192131286
122.0,A32_B6_K14,815.8887278577379,691.7493022086388,A16_B4_K16,124.13942564909905,124.13922364908228,0.00020200001677336623
122.0,A32_B6_K12,817.0863158911562,691.7493022086388,A16_B4_K16,125.33701368251741,125.33681168249942,0.0002020000179932474
122.0,A32_B6_K10,821.593630834458,691.7493022086388,A16_B4_K16,129.84432862581923,129.84412662580093,0.0002020000182982177
122.0,A32_B6_K8,830.7033418165015,691.7493022086388,A16_B4_K16,138.95403960786268,138.95383760784347,0.0002020000192131286
122.0,A32_B4_K10,804.7527267672261,691.7493022086388,A16_B4_K16,113.00342455858731,113.00322255856901,0.0002020000182982177
122.0,A32_B4_K8,812.6349072795401,691.7493022086388,A16_B4_K16,120.8856050709013,120.88540307088209,0.0002020000192131286
122.25,A32_B6_K14,816.221739535193,691.9600902346449,A16_B4_K16,124.26164930054813,124.26144730053136,0.00020200001677336623
122.25,A32_B6_K12,817.4577109544169,691.9600902346449,A16_B4_K16,125.49762071977204,125.49741871975405,0.0002020000179932474
122.25,A32_B6_K10,822.0207947239323,691.9600902346449,A16_B4_K16,130.06070448928745,130.06050248926914,0.0002020000182982177
122.25,A32_B6_K8,831.2129024845786,691.9600902346449,A16_B4_K16,139.25281224993375,139.25261024991454,0.0002020000192131286
122.25,A32_B4_K10,805.105242605674,691.9600902346449,A16_B4_K16,113.1451523710291,113.1449503710108,0.0002020000182982177
122.25,A32_B4_K8,813.0585527920575,691.9600902346449,A16_B4_K16,121.09846255741263,121.09826055739342,0.0002020000192131286
122.5,A32_B6_K14,816.5547512126483,692.170878260651,A16_B4_K16,124.38387295199732,124.38367095198055,0.00020200001677336623
122.5,A32_B6_K12,817.8291060176775,692.170878260651,A16_B4_K16,125.65822775702657,125.65802575700857,0.0002020000179932474
122.5,A32_B6_K10,822.449617072513,692.170878260651,A16_B4_K16,130.278738811862,130.2785368118437,0.0002020000182982177
122.5,A32_B6_K8,831.7224631526558,692.170878260651,A16_B4_K16,139.55158489200483,139.5513828919856,0.0002020000192131286
122.5,A32_B4_K10,805.4577584441219,692.170878260651,A16_B4_K16,113.28688018347088,113.28667818345258,0.0002020000182982177
122.5,A32_B4_K8,813.4821983045749,692.170878260651,A16_B4_K16,121.31132004392396,121.31111804390474,0.0002020000192131286
122.75,A32_B6_K14,816.8877628901034,692.381666286657,A16_B4_K16,124.5060966034464,124.50589460342962,0.00020200001677336623
122.75,A32_B6_K12,818.2005010809382,692.381666286657,A16_B4_K16,125.8188347942812,125.81863279426321,0.0002020000179932474
122.75,A32_B6_K10,822.8784394210938,692.381666286657,A16_B4_K16,130.4967731344368,130.4965711344185,0.0002020000182982177
122.75,A32_B6_K8,832.2320238207333,692.381666286657,A16_B4_K16,139.85035753407624,139.85015553405702,0.0002020000192131286
122.75,A32_B4_K10,805.8102742825697,692.381666286657,A16_B4_K16,113.42860799591267,113.42840599589437,0.0002020000182982177
122.75,A32_B4_K8,813.9058438170924,692.381666286657,A16_B4_K16,121.5241775304354,121.52397553041618,0.0002020000192131286
123.0,A32_B6_K14,817.2207745675588,692.5924543126631,A16_B4_K16,124.6283202548957,124.62811825487893,0.00020200001677336623
123.0,A32_B6_K12,818.5718961441988,692.5924543126631,A16_B4_K16,125.97944183153572,125.97923983151773,0.0002020000179932474
123.0,A32_B6_K10,823.3072617696746,692.5924543126631,A16_B4_K16,130.7148074570115,130.71460545699318,0.0002020000182982177
123.0,A32_B6_K8,832.7415844888104,692.5924543126631,A16_B4_K16,140.1491301761473,140.1489281761281,0.0002020000192131286
123.0,A32_B4_K10,806.1627901210177,692.5924543126631,A16_B4_K16,113.57033580835457,113.57013380833627,0.0002020000182982177
123.0,A32_B4_K8,814.3294893296098,692.5924543126631,A16_B4_K16,121.73703501694672,121.7368330169275,0.0002020000192131286
123.25,A32_B6_K14,817.553786245014,692.8032441567841,A16_B4_K16,124.75054208822985,124.75034008821308,0.00020200001677336623
123.25,A32_B6_K12,818.9432912074595,692.8032441567841,A16_B4_K16,126.14004705067543,126.13984505065744,0.0002020000179932474
123.25,A32_B6_K10,823.7360841182553,692.8032441567841,A16_B4_K16,130.93283996147125,130.93263796145294,0.0002020000182982177
123.25,A32_B6_K8,833.2509958258878,692.8032441567841,A16_B4_K16,140.4477516691037,140.44754966908448,0.0002020000192131286
123.25,A32_B4_K10,806.5153059594654,692.8032441567841,A16_B4_K16,113.71206180268132,113.71185980266301,0.0002020000182982177
123.25,A32_B4_K8,814.7531348421273,692.8032441567841,A16_B4_K16,121.94989068534323,121.94968868532402,0.0002020000192131286
123.5,A32_B6_K14,817.8867979224691,693.0141215444106,A16_B4_K16,124.87267637805849,124.87247437804172,0.00020200001677336623
123.5,A32_B6_K12,819.3146862707202,693.0141215444106,A16_B4_K16,126.30056472630963,126.30036272629164,0.0002020000179932474
123.5,A32_B6_K10,824.1649064668361,693.0141215444106,A16_B4_K16,131.1507849224255,131.15058292240718,0.0002020000182982177
123.5,A32_B6_K8,833.7583721707151,693.0141215444106,A16_B4_K16,140.7442506263045,140.7440486262853,0.0002020000192131286
123.5,A32_B4_K10,806.8678217979133,693.0141215444106,A16_B4_K16,113.85370025350267,113.85349825348436,0.0002020000182982177
123.5,A32_B4_K8,815.1767803546447,693.0141215444106,A16_B4_K16,122.16265881023412,122.1624568102149,0.0002020000192131286
123.75,A32_B6_K14,818.2198095999244,693.2249989320371,A16_B4_K16,124.99481066788724,124.99460866787047,0.00020200001677336623
123.75,A32_B6_K12,819.686081333981,693.2249989320371,A16_B4_K16,126.46108240194383,126.46088040192583,0.0002020000179932474
123.75,A32_B6_K10,824.5937288154169,693.2249989320371,A16_B4_K16,131.36872988337973,131.36852788336142,0.0002020000182982177
123.75,A32_B6_K8,834.2657485155423,693.2249989320371,A16_B4_K16,141.0407495835052,141.040547583486,0.0002020000192131286
123.75,A32_B4_K10,807.2203376363611,693.2249989320371,A16_B4_K16,113.99533870432401,113.99513670430571,0.0002020000182982177
123.75,A32_B4_K8,815.6004258671621,693.2249989320371,A16_B4_K16,122.375426935125,122.37522493510579,0.0002020000192131286
124.0,A32_B6_K14,818.5528212773796,693.4358763196637,A16_B4_K16,125.11694495771587,125.1167429576991,0.00020200001677336623
124.0,A32_B6_K12,820.0574763972415,693.4358763196637,A16_B4_K16,126.6216000775778,126.6213980775598,0.0002020000179932474
124.0,A32_B6_K10,825.0225511639975,693.4358763196637,A16_B4_K16,131.58667484433374,131.58647284431544,0.0002020000182982177
124.0,A32_B6_K8,834.7731248603695,693.4358763196637,A16_B4_K16,141.3372485407058,141.33704654068657,0.0002020000192131286
124.0,A32_B4_K10,807.5728534748091,693.4358763196637,A16_B4_K16,114.13697715514536,114.13677515512705,0.0002020000182982177
124.0,A32_B4_K8,816.0240713796798,693.4358763196637,A16_B4_K16,122.588195060016,122.58799305999679,0.0002020000192131286
124.25,A32_B6_K14,818.8858329548349,693.6467537072903,A16_B4_K16,125.23907924754462,125.23887724752785,0.00020200001677336623
124.25,A32_B6_K12,820.4288714605023,693.6467537072903,A16_B4_K16,126.78211775321199,126.781915753194,0.0002020000179932474
124.25,A32_B6_K10,825.4513735125782,693.6467537072903,A16_B4_K16,131.80461980528798,131.80441780526968,0.0002020000182982177
124.25,A32_B6_K8,835.280501205197,693.6467537072903,A16_B4_K16,141.6337474979067,141.6335454978875,0.0002020000192131286
124.25,A32_B4_K10,807.9253693132569,693.6467537072903,A16_B4_K16,114.27861560596659,114.27841360594829,0.0002020000182982177
124.25,A32_B4_K8,816.4490152750176,693.6467537072903,A16_B4_K16,122.80226156772733,122.80205956770811,0.0002020000192131286
124.5,A32_B6_K14,819.21884463229,693.8576310949168,A16_B4_K16,125.36121353737326,125.36101153735649,0.00020200001677336623
124.5,A32_B6_K12,820.800266523763,693.8576310949168,A16_B4_K16,126.94263542884619,126.9424334288282,0.0002020000179932474
124.5,A32_B6_K10,825.8799445653685,693.8576310949168,A16_B4_K16,132.02231347045176,132.02211147043346,0.0002020000182982177
124.5,A32_B6_K8,835.7878775500243,693.8576310949168,A16_B4_K16,141.93024645510752,141.9300444550883,0.0002020000192131286
124.5,A32_B4_K10,808.2778851517048,693.8576310949168,A16_B4_K16,114.42025405678805,114.42005205676975,0.0002020000182982177
124.5,A32_B4_K8,816.874574096164,693.8576310949168,A16_B4_K16,123.01694300124723,123.01674100122801,0.0002020000192131286
124.75,A32_B6_K14,819.5518563097453,694.0685084825434,A16_B4_K16,125.4833478272019,125.48314582718513,0.00020200001677336623
124.75,A32_B6_K12,821.1716615870237,694.0685084825434,A16_B4_K16,127.10315310448027,127.10295110446228,0.0002020000179932474
124.75,A32_B6_K10,826.3165307637306,694.0685084825434,A16_B4_K16,132.24802228118722,132.2478202811689,0.0002020000182982177
124.75,A32_B6_K8,836.2952538948515,694.0685084825434,A16_B4_K16,142.2267454123081,142.2265434122889,0.0002020000192131286
124.75,A32_B4_K10,808.6304009901527,694.0685084825434,A16_B4_K16,114.56189250760929,114.56169050759098,0.0002020000182982177
124.75,A32_B4_K8,817.3001329173104,694.0685084825434,A16_B4_K16,123.23162443476701,123.2314224347478,0.0002020000192131286
125.0,A32_B6_K14,819.8848679872006,694.2793858701698,A16_B4_K16,125.60548211703076,125.60528011701399,0.00020200001677336623
125.0,A32_B6_K12,821.5430566502841,694.2793858701698,A16_B4_K16,127.26367078011435,127.26346878009636,0.0002020000179932474
125.0,A32_B6_K10,826.7531169620926,694.2793858701698,A16_B4_K16,132.4737310919228,132.47352909190448,0.0002020000182982177
125.0,A32_B6_K8,836.8026302396787,694.2793858701698,A16_B4_K16,142.52324436950892,142.5230423694897,0.0002020000192131286
125.0,A32_B4_K10,808.9829168286005,694.2793858701698,A16_B4_K16,114.70353095843075,114.70332895841244,0.0002020000182982177
125.0,A32_B4_K8,817.7256917384566,694.2793858701698,A16_B4_K16,123.4463058682868,123.44610386826758,0.0002020000192131286
125.25,A32_B6_K14,820.2178796646557,694.4902632577964,A16_B4_K16,125.72761640685928,125.72741440684251,0.00020200001677336623
125.25,A32_B6_K12,821.9144517135448,694.4902632577964,A16_B4_K16,127.42418845574844,127.42398645573044,0.0002020000179932474
125.25,A32_B6_K10,827.1897031604545,694.4902632577964,A16_B4_K16,132.69943990265813,132.69923790263982,0.0002020000182982177
125.25,A32_B6_K8,837.310439185696,694.4902632577964,A16_B4_K16,142.82017592789964,142.81997392788043,0.0002020000192131286
125.25,A32_B4_K10,809.3354326670484,694.4902632577964,A16_B4_K16,114.84516940925198,114.84496740923367,0.0002020000182982177
125.25,A32_B4_K8,818.151250559603,694.4902632577964,A16_B4_K16,123.66098730180659,123.66078530178737,0.0002020000192131286
125.5,A32_B6_K14,820.550891342111,694.7011406454229,A16_B4_K16,125.84975069668803,125.84954869667126,0.00020200001677336623
125.5,A32_B6_K12,822.2858467768056,694.7011406454229,A16_B4_K16,127.58470613138263,127.58450413136464,0.0002020000179932474
125.5,A32_B6_K10,827.6265521619362,694.7011406454229,A16_B4_K16,132.92541151651324,132.92520951649493,0.0002020000182982177
125.5,A32_B6_K8,837.8183121757849,694.7011406454229,A16_B4_K16,143.11717153036193,143.11696953034271,0.0002020000192131286
125.5,A32_B4_K10,809.6879485054963,694.7011406454229,A16_B4_K16,114.98680786007333,114.98660586005502,0.0002020000182982177
125.5,A32_B4_K8,818.5768093807493,694.7011406454229,A16_B4_K16,123.87566873532637,123.87546673530716,0.0002020000192131286
125.75,A32_B6_K14,820.8839030195662,694.8724389484839,A16_B2_K16,126.01146407108229,126.01126207106552,0.00020200001677336623
125.75,A32_B6_K12,822.6572418400661,694.8724389484839,A16_B2_K16,127.78480289158222,127.78460089156422,0.0002020000179932474
125.75,A32_B6_K10,828.0642479678311,694.8724389484839,A16_B2_K16,133.19180901934715,133.19160701932884,0.0002020000182982177
125.75,A32_B6_K8,838.3261851658738,694.8724389484839,A16_B2_K16,143.45374621738983,143.45354421737062,0.0002020000192131286
125.75,A32_B4_K10,810.0404643439441,694.8724389484839,A16_B2_K16,115.16802539546018,115.16782339544187,0.0002020000182982177
125.75,A32_B4_K8,819.0023682018956,694.8724389484839,A16_B2_K16,124.12992925341166,124.12972725339245,0.0002020000192131286
126.0,A32_B6_K14,821.2169146970214,694.9641165786904,A16_B2_K16,126.25279811833093,126.25259611831416,0.00020200001677336623
126.0,A32_B6_K12,823.0286369033269,694.9641165786904,A16_B2_K16,128.06452032463642,128.06431832461843,0.0002020000179932474
126.0,A32_B6_K10,828.5019437737262,694.9641165786904,A16_B2_K16,133.5378271950358,133.53762519501748,0.0002020000182982177
126.0,A32_B6_K8,838.8380847487856,694.9641165786904,A16_B2_K16,143.87396817009517,143.87376617007595,0.0002020000192131286
126.0,A32_B4_K10,810.392980182392,694.9641165786904,A16_B2_K16,115.42886360370153,115.42866160368322,0.0002020000182982177
126.0,A32_B4_K8,819.427927023042,694.9641165786904,A16_B2_K16,124.46381044435157,124.46360844433235,0.0002020000192131286
126.25,A32_B6_K14,821.5499263744766,695.055794208897,A16_B2_K16,126.49413216557957,126.4939301655628,0.00020200001677336623
126.25,A32_B6_K12,823.4000319665874,695.055794208897,A16_B2_K16,128.3442377576904,128.3440357576724,0.0002020000179932474
126.25,A32_B6_K10,828.9396776394757,695.055794208897,A16_B2_K16,133.88388343057863,133.88368143056033,0.0002020000182982177
126.25,A32_B6_K8,839.3512419010865,695.055794208897,A16_B2_K16,144.29544769218944,144.29524569217023,0.0002020000192131286
126.25,A32_B4_K10,810.7454960208398,695.055794208897,A16_B2_K16,115.68970181194277,115.68949981192446,0.0002020000182982177
126.25,A32_B4_K8,819.8534858441883,695.055794208897,A16_B2_K16,124.79769163529124,124.79748963527203,0.0002020000192131286
126.5,A32_B6_K14,821.8829380519319,695.1474718391037,A16_B2_K16,126.73546621282821,126.73526421281144,0.00020200001677336623
126.5,A32_B6_K12,823.771427029848,695.1474718391037,A16_B2_K16,128.62395519074437,128.62375319072638,0.0002020000179932474
126.5,A32_B6_K10,829.3774992285803,695.1474718391037,A16_B2_K16,134.23002738947662,134.2298253894583,0.0002020000182982177
126.5,A32_B6_K8,839.8643990533873,695.1474718391037,A16_B2_K16,144.7169272142836,144.7167252142644,0.0002020000192131286
126.5,A32_B4_K10,811.0980118592877,695.1474718391037,A16_B2_K16,115.95054002018401,115.9503380201657,0.0002020000182982177
126.5,A32_B4_K8,820.2790446653347,695.1474718391037,A16_B2_K16,125.13157282623104,125.13137082621182,0.0002020000192131286
126.75,A32_B6_K14,822.215949729387,695.2391494693102,A16_B2_K16,126.97680026007686,126.97659826006009,0.00020200001677336623
126.75,A32_B6_K12,824.1428220931089,695.2391494693102,A16_B2_K16,128.90367262379868,128.9034706237807,0.0002020000179932474
126.75,A32_B6_K10,829.8118479478934,695.2391494693102,A16_B2_K16,134.57269847858322,134.57249647856491,0.0002020000182982177
126.75,A32_B6_K8,840.3790097923165,695.2391494693102,A16_B2_K16,145.13986032300636,145.13965832298715,0.0002020000192131286
126.75,A32_B4_K10,811.4505276977355,695.2391494693102,A16_B2_K16,116.21137822842536,116.21117622840706,0.0002020000182982177
126.75,A32_B4_K8,820.7011306166894,695.2391494693102,A16_B2_K16,125.46198114737922,125.46177914736,0.0002020000192131286
127.0,A32_B6_K14,822.5489614068422,695.3308270995168,A16_B2_K16,127.21813430732539,127.21793230730862,0.00020200001677336623
127.0,A32_B6_K12,824.5142171563696,695.3308270995168,A16_B2_K16,129.18339005685277,129.18318805683478,0.0002020000179932474
127.0,A32_B6_K10,830.2461314901232,695.3308270995168,A16_B2_K16,134.91530439060637,134.91510239058806,0.0002020000182982177
127.0,A32_B6_K8,840.8945034978983,695.3308270995168,A16_B2_K16,145.56367639838152,145.5634743983623,0.0002020000192131286
127.0,A32_B4_K10,811.8030435361834,695.3308270995168,A16_B2_K16,116.4722164366666,116.4720144366483,0.0002020000182982177
127.0,A32_B4_K8,821.1231513909606,695.3308270995168,A16_B2_K16,125.79232429144383,125.79212229142462,0.0002020000192131286
127.25,A32_B6_K14,822.8819730842974,695.4225047297234,A16_B2_K16,127.45946835457403,127.45926635455726,0.00020200001677336623
127.25,A32_B6_K12,824.88561221963,695.4225047297234,A16_B2_K16,129.46310748990663,129.46290548988864,0.0002020000179932474
127.25,A32_B6_K10,830.6804150323529,695.4225047297234,A16_B2_K16,135.2579103026295,135.2577083026112,0.0002020000182982177
127.25,A32_B6_K8,841.4093677646181,695.4225047297234,A16_B2_K16,145.98686303489467,145.98666103487545,0.0002020000192131286
127.25,A32_B4_K10,812.1555593746314,695.4225047297234,A16_B2_K16,116.73305464490795,116.73285264488965,0.0002020000182982177
127.25,A32_B4_K8,821.5451721652321,695.4225047297234,A16_B2_K16,126.12266743550867,126.12246543548946,0.0002020000192131286
127.5,A32_B6_K14,823.2149847617527,695.5141823599299,A16_B2_K16,127.70080240182278,127.70060040180601,0.00020200001677336623
127.5,A32_B6_K12,825.2570072828908,695.5141823599299,A16_B2_K16,129.74282492296084,129.74262292294284,0.0002020000179932474
127.5,A32_B6_K10,831.1146985745826,695.5141823599299,A16_B2_K16,135.60051621465266,135.60031421463435,0.0002020000182982177
127.5,A32_B6_K8,841.9242320313379,695.5141823599299,A16_B2_K16,146.41004967140793,146.40984767138812,0.0002020000198230692
127.5,A32_B4_K10,812.5080752130792,695.5141823599299,A16_B2_K16,116.9938928531493,116.993690853131,0.0002020000182982177
127.5,A32_B4_K8,821.9671929395033,695.5141823599299,A16_B2_K16,126.4530105795734,126.45280857955358,0.0002020000198230692
127.75,A32_B6_K14,823.5475801081819,695.6058599901365,A16_B2_K16,127.9417201180454,127.94151811802863,0.00020200001677336623
127.75,A32_B6_K12,825.6279860151253,695.6058599901365,A16_B2_K16,130.02212602498878,130.0219240249708,0.0002020000179932474
127.75,A32_B6_K10,831.5489821168125,695.6058599901365,A16_B2_K16,135.94312212667592,135.9429201266576,0.0002020000182982177
127.75,A32_B6_K8,842.4393545704522,695.6058599901365,A16_B2_K16,146.8334945803157,146.83329258029588,0.0002020000198230692
127.75,A32_B4_K10,812.8643865131821,695.6058599901365,A16_B2_K16,117.25852652304559,117.25832452302728,0.0002020000182982177
127.75,A32_B4_K8,822.3892137137747,695.6058599901365,A16_B2_K16,126.78335372363813,126.7831517236183,0.0002020000198230692
128.0,A32_B6_K14,823.8798770450799,695.6975376203432,A16_B2_K16,128.1823394247367,128.18213742471994,0.00020200001677336623
128.0,A32_B6_K12,825.9986663378288,695.6975376203432,A16_B2_K16,130.30112871748565,130.30092671746766,0.0002020000179932474
128.0,A32_B6_K10,831.9862275903756,695.6975376203432,A16_B2_K16,136.28868997003246,136.28848797001356,0.0002020000189081583
128.0,A32_B6_K8,842.9565686634824,695.6975376203432,A16_B2_K16,147.2590310431392,147.2588290431194,0.0002020000198230692
128.0,A32_B4_K10,813.2207877574093,695.6975376203432,A16_B2_K16,117.52325013706616,117.52304813704725,0.0002020000189081583
128.0,A32_B4_K8,822.811234488046,695.6975376203432,A16_B2_K16,127.11369686770286,127.11349486768303,0.0002020000198230692
128.25,A32_B6_K14,824.2121739819778,695.7892152505497,A16_B2_K16,128.42295873142814,128.42275673141137,0.00020200001677336623
128.25,A32_B6_K12,826.3693466605321,695.7892152505497,A16_B2_K16,130.5801314099824,130.57992940996442,0.0002020000179932474
128.25,A32_B6_K10,832.4255729096616,695.7892152505497,A16_B2_K16,136.63635765911192,136.63615565909302,0.0002020000189081583
128.25,A32_B6_K8,843.4737827565125,695.7892152505497,A16_B2_K16,147.68456750596283,147.68436550594302,0.0002020000198230692
128.25,A32_B4_K10,813.5771890016367,695.7892152505497,A16_B2_K16,117.78797375108707,117.78777175106816,0.0002020000189081583
128.25,A32_B4_K8,823.2332552623174,695.7892152505497,A16_B2_K16,127.4440400117677,127.44383801174787,0.0002020000198230692
128.5,A32_B6_K14,824.5444709188757,695.8808928807563,A16_B2_K16,128.66357803811945,128.66337603810268,0.00020200001677336623
128.5,A32_B6_K12,826.7400269832355,695.8808928807563,A16_B2_K16,130.85913410247917,130.85893210246118,0.0002020000179932474
128.5,A32_B6_K10,832.867619209538,695.8808928807563,A16_B2_K16,136.98672632878174,136.98652432876284,0.0002020000189081583
128.5,A32_B6_K8,843.9909968495426,695.8808928807563,A16_B2_K16,148.11010396878635,148.10990196876654,0.0002020000198230692
128.5,A32_B4_K10,813.9340808912309,695.8808928807563,A16_B2_K16,118.05318801047463,118.05298601045573,0.0002020000189081583
128.5,A32_B4_K8,823.6552760365887,695.8808928807563,A16_B2_K16,127.77438315583242,127.7741811558126,0.0002020000198230692
128.75,A32_B6_K14,824.8767678557738,695.9725705109628,A16_B2_K16,128.904197344811,128.90399534479423,0.00020200001677336623
128.75,A32_B6_K12,827.1107073059388,695.9725705109628,A16_B2_K16,131.13813679497605,131.13793479495774,0.0002020000182982177
128.75,A32_B6_K10,833.3096655094145,695.9725705109628,A16_B2_K16,137.33709499845168,137.33689299843277,0.0002020000189081583
128.75,A32_B6_K8,844.5082109425726,695.9725705109628,A16_B2_K16,148.53564043160986,148.53543843159005,0.0002020000198230692
128.75,A32_B4_K10,814.2910349137104,695.9725705109628,A16_B2_K16,118.31846440274762,118.31826240272872,0.0002020000189081583
128.75,A32_B4_K8,824.07729681086,695.9725705109628,A16_B2_K16,128.10472629989727,128.10452429987745,0.0002020000198230692
129.0,A32_B6_K14,825.2090647926716,696.0642481411694,A16_B2_K16,129.1448166515022,129.14461465148543,0.00020200001677336623
129.0,A32_B6_K12,827.4813876286422,696.0642481411694,A16_B2_K16,131.4171394874728,131.4169374874545,0.0002020000182982177
129.0,A32_B6_K10,833.7517118092909,696.0642481411694,A16_B2_K16,137.6874636681215,137.6872616681026,0.0002020000189081583
129.0,A32_B6_K8,845.0231030823527,696.0642481411694,A16_B2_K16,148.9588549411833,148.95865294116348,0.0002020000198230692
129.0,A32_B4_K10,814.6479889361898,696.0642481411694,A16_B2_K16,118.58374079502039,118.58353879500149,0.0002020000189081583
129.0,A32_B4_K8,824.4993175851314,696.0642481411694,A16_B2_K16,128.435069443962,128.43486744394218,0.0002020000198230692
129.25,A32_B6_K14,825.5413617295695,696.1559257713759,A16_B2_K16,129.38543595819363,129.38523395817685,0.00020200001677336623
129.25,A32_B6_K12,827.8520679513456,696.1559257713759,A16_B2_K16,131.69614217996968,131.69594017995138,0.0002020000182982177
129.25,A32_B6_K10,834.1937581091673,696.1559257713759,A16_B2_K16,138.03783233779143,138.03763033777253,0.0002020000189081583
129.25,A32_B6_K8,845.5295637505703,696.1559257713759,A16_B2_K16,149.37363797919443,149.37343597917462,0.0002020000198230692
129.25,A32_B4_K10,815.0049429586693,696.1559257713759,A16_B2_K16,118.84901718729338,118.84881518727448,0.0002020000189081583
129.25,A32_B4_K8,824.9213383594029,696.1559257713759,A16_B2_K16,128.76541258802695,128.76521058800714,0.0002020000198230692
129.5,A32_B6_K14,825.8736586664675,696.2497898771461,A16_B2_K16,129.62386878932136,129.62366678930397,0.00020200001738330682
129.5,A32_B6_K12,828.222488117799,696.2497898771461,A16_B2_K16,131.9726982406529,131.9724962406346,0.0002020000182982177
129.5,A32_B6_K10,834.6358044090439,696.2497898771461,A16_B2_K16,138.38601453189779,138.38581253187888,0.0002020000189081583
129.5,A32_B6_K8,846.036024418788,696.2497898771461,A16_B2_K16,149.78623454164187,149.78603254162206,0.0002020000198230692
129.5,A32_B4_K10,815.3618969811487,696.2497898771461,A16_B2_K16,119.11210710400258,119.11190510398367,0.0002020000189081583
129.5,A32_B4_K8,825.3433591336741,696.2497898771461,A16_B2_K16,129.09356925652799,129.09336725650817,0.0002020000198230692
129.75,A32_B6_K14,826.2059556033654,696.3443862778171,A16_B2_K16,129.86156932554832,129.86136732553092,0.00020200001738330682
129.75,A32_B6_K12,828.5889497165439,696.3443862778171,A16_B2_K16,132.2445634387268,132.2443614387085,0.0002020000182982177
129.75,A32_B6_K10,835.0778507089204,696.3443862778171,A16_B2_K16,138.73346443110336,138.73326243108446,0.0002020000189081583
129.75,A32_B6_K8,846.5424850870056,696.3443862778171,A16_B2_K16,150.19809880918854,150.19789680916872,0.0002020000198230692
129.75,A32_B4_K10,815.7188510036281,696.3443862778171,A16_B2_K16,119.37446472581098,119.37426272579208,0.0002020000189081583
129.75,A32_B4_K8,825.7653799079453,696.3443862778171,A16_B2_K16,129.42099363012824,129.42079163010843,0.0002020000198230692
130.0,A32_B6_K14,826.5382525402633,696.438982678488,A16_B2_K16,130.09926986177538,130.099067861758,0.00020200001738330682
130.0,A32_B6_K12,828.955411315289,696.438982678488,A16_B2_K16,132.51642863680104,132.51622663678273,0.0002020000182982177
130.0,A32_B6_K10,835.5198970087968,696.438982678488,A16_B2_K16,139.08091433030881,139.0807123302899,0.0002020000189081583
130.0,A32_B6_K8,847.0489457552233,696.438982678488,A16_B2_K16,150.6099630767353,150.6097610767155,0.0002020000198230692
130.0,A32_B4_K10,816.0758050261076,696.438982678488,A16_B2_K16,119.63682234761961,119.63662034760071,0.0002020000189081583
130.0,A32_B4_K8,826.1874006822168,696.438982678488,A16_B2_K16,129.74841800372883,129.74821600370902,0.0002020000198230692
130.25,A32_B6_K14,826.8705494771614,696.5335943463996,A16_B2_K16,130.3369551307618,130.3367531307444,0.00020200001738330682
130.25,A32_B6_K12,829.321872914034,696.5335943463996,A16_B2_K16,132.7882785676344,132.7880765676161,0.0002020000182982177
130.25,A32_B6_K10,835.9619433086733,696.5335943463996,A16_B2_K16,139.42834896227373,139.42814696225483,0.0002020000189081583
130.25,A32_B6_K8,847.5554064234409,696.5335943463996,A16_B2_K16,151.02181207704132,151.0216100770215,0.0002020000198230692
130.25,A32_B4_K10,816.432759048587,696.5335943463996,A16_B2_K16,119.89916470218736,119.89896270216846,0.0002020000189081583
130.25,A32_B4_K8,826.609421456488,696.5335943463996,A16_B2_K16,130.07582711008843,130.07562511006861,0.0002020000198230692
130.5,A32_B6_K14,827.2028464140592,696.6317889959209,A16_B2_K16,130.57105741813825,130.57085541812086,0.00020200001738330682
130.5,A32_B6_K12,829.6883345127791,696.6317889959209,A16_B2_K16,133.05654551685814,133.05634351683983,0.0002020000182982177
130.5,A32_B6_K10,836.4039896085496,696.6317889959209,A16_B2_K16,139.7722006126287,139.7719986126098,0.0002020000189081583
130.5,A32_B6_K8,848.0618670916584,696.6317889959209,A16_B2_K16,151.43007809573749,151.42987609571767,0.0002020000198230692
130.5,A32_B4_K10,816.7897130710664,696.6317889959209,A16_B2_K16,120.1579240751455,120.1577220751266,0.0002020000189081583
130.5,A32_B4_K8,827.032485080258,696.6317889959209,A16_B2_K16,130.40069608433703,130.40049408431722,0.0002020000198230692
130.75,A32_B6_K14,827.535143350957,696.7307747144395,A16_B2_K16,130.80436863651755,130.80416663650016,0.00020200001738330682
130.75,A32_B6_K12,830.0547961115241,696.7307747144395,A16_B2_K16,133.3240213970846,133.3238193970663,0.0002020000182982177
130.75,A32_B6_K10,836.8460359084262,696.7307747144395,A16_B2_K16,140.11526119398673,140.11505919396782,0.0002020000189081583
130.75,A32_B6_K8,848.5683277598761,696.7307747144395,A16_B2_K16,151.8375530454366,151.8373510454168,0.0002020000198230692
130.75,A32_B4_K10,817.1466670935458,696.7307747144395,A16_B2_K16,120.41589237910637,120.41569037908747,0.0002020000189081583
130.75,A32_B4_K8,827.4560705491015,696.7307747144395,A16_B2_K16,130.725295834662,130.7250938346422,0.0002020000198230692
131.0,A32_B6_K14,827.8674402878551,696.8297604329579,A16_B2_K16,131.0376798548972,131.0374778548798,0.00020200001738330682
131.0,A32_B6_K12,830.4212577102692,696.8297604329579,A16_B2_K16,133.5914972773113,133.591295277293,0.0002020000182982177
131.0,A32_B6_K10,837.2880822083026,696.8297604329579,A16_B2_K16,140.45832177534476,140.45811977532586,0.0002020000189081583
131.0,A32_B6_K8,849.0747884280936,696.8297604329579,A16_B2_K16,152.24502799513573,152.24482599511592,0.0002020000198230692
131.0,A32_B4_K10,817.5036211160252,696.8297604329579,A16_B2_K16,120.67386068306735,120.67365868304844,0.0002020000189081583
131.0,A32_B4_K8,827.8796560179452,696.8297604329579,A16_B2_K16,131.04989558498733,131.0496935849675,0.0002020000198230692
131.25,A32_B6_K14,828.1997372247531,696.9287461514764,A16_B2_K16,131.27099107327672,131.27078907325932,0.00020200001738330682
131.25,A32_B6_K12,830.7877193090142,696.9287461514764,A16_B2_K16,133.85897315753778,133.85877115751947,0.0002020000182982177
131.25,A32_B6_K10,837.7318149360985,696.9287461514764,A16_B2_K16,140.80306878462216,140.80286678460325,0.0002020000189081583
131.25,A32_B6_K8,849.5816467527995,696.9287461514764,A16_B2_K16,152.65290060132315,152.65269860130334,0.0002020000198230692
131.25,A32_B4_K10,817.8605751385047,696.9287461514764,A16_B2_K16,120.93182898702833,120.93162698700942,0.0002020000189081583
131.25,A32_B4_K8,828.3032414867887,696.9287461514764,A16_B2_K16,131.3744953353123,131.3742933352925,0.0002020000198230692
131.5,A32_B6_K14,828.5320341616509,697.0277318699948,A16_B2_K16,131.50430229165613,131.50410029163845,0.00020200001768827712
131.5,A32_B6_K12,831.1541809077592,697.0277318699948,A16_B2_K16,134.12644903776436,134.12624703774577,0.000202000018603188
131.5,A32_B6_K10,838.1756589503241,697.0277318699948,A16_B2_K16,141.14792708032928,141.14772508031007,0.0002020000192131286
131.5,A32_B6_K8,850.0896435908287,697.0277318699948,A16_B2_K16,153.0619117208339,153.06170972081378,0.00020200002012803948
131.5,A32_B4_K10,818.2175291609842,697.0277318699948,A16_B2_K16,121.18979729098942,121.1895952909702,0.0002020000192131286
131.5,A32_B4_K8,828.7268269556323,697.0277318699948,A16_B2_K16,131.6990950856375,131.69889308561739,0.00020200002012803948
131.75,A32_B6_K14,828.8643310985487,697.1267175885133,A16_B2_K16,131.73761351003543,131.73741151001775,0.00020200001768827712
131.75,A32_B6_K12,831.5206425065041,697.1267175885133,A16_B2_K16,134.39392491799083,134.39372291797224,0.000202000018603188
131.75,A32_B6_K10,838.6195029645496,697.1267175885133,A16_B2_K16,141.4927853760363,141.49258337601708,0.0002020000192131286
131.75,A32_B6_K8,850.5970117569826,697.1267175885133,A16_B2_K16,153.4702941684693,153.47009216844918,0.00020200002012803948
131.75,A32_B4_K10,818.5744831834636,697.1267175885133,A16_B2_K16,121.44776559495028,121.44756359493107,0.0002020000192131286
131.75,A32_B4_K8,829.1497837526009,697.1267175885133,A16_B2_K16,132.0230661640876,132.02286416406747,0.00020200002012803948
132.0,A32_B6_K14,829.1966280354468,697.2257033070317,A16_B2_K16,131.97092472841507,131.9707227283974,0.00020200001768827712
132.0,A32_B6_K12,831.8871041052493,697.2257033070317,A16_B2_K16,134.66140079821753,134.66119879819894,0.000202000018603188
132.0,A32_B6_K10,839.0633469787753,697.2257033070317,A16_B2_K16,141.83764367174354,141.83744167172432,0.0002020000192131286
132.0,A32_B6_K8,851.1008773710533,697.2257033070317,A16_B2_K16,153.87517406402162,153.8749720640015,0.00020200002012803948
132.0,A32_B4_K10,818.931437205943,697.2257033070317,A16_B2_K16,121.70573389891126,121.70553189889205,0.0002020000192131286
132.0,A32_B4_K8,829.5692379974862,697.2257033070317,A16_B2_K16,132.34353469045448,132.34333269043435,0.00020200002012803948
132.25,A32_B6_K14,829.5289249723447,697.3251413772979,A16_B2_K16,132.20378359504684,132.20358159502916,0.00020200001768827712
132.25,A32_B6_K12,832.252596872614,697.3251413772979,A16_B2_K16,134.92745549531617,134.92725349529758,0.000202000018603188
132.25,A32_B6_K10,839.5071909930009,697.3251413772979,A16_B2_K16,142.18204961570302,142.1818476156838,0.0002020000192131286
132.25,A32_B6_K8,851.6037741537439,697.3251413772979,A16_B2_K16,154.278632776446,154.27843077642586,0.00020200002012803948
132.25,A32_B4_K10,819.2883912284225,697.3251413772979,A16_B2_K16,121.9632498511246,121.96304785110539,0.0002020000192131286
132.25,A32_B4_K8,829.9886922423714,697.3251413772979,A16_B2_K16,132.6635508650735,132.66334886505336,0.00020200002012803948
132.5,A32_B6_K14,829.8612219092427,697.4261240018129,A16_B2_K16,132.43509790742974,132.43489590741206,0.00020200001768827712
132.5,A32_B6_K12,832.615007608729,697.4261240018129,A16_B2_K16,135.18888360691608,135.1886816068975,0.000202000018603188
132.5,A32_B6_K10,839.9510350072264,697.4261240018129,A16_B2_K16,142.52491100541351,142.5247090053943,0.0002020000192131286
132.5,A32_B6_K8,852.1035889051844,697.4261240018129,A16_B2_K16,154.67746490337151,154.6772629033514,0.00020200002012803948
132.5,A32_B4_K10,819.6453452509019,697.4261240018129,A16_B2_K16,122.21922124908895,122.21901924906973,0.0002020000192131286
132.5,A32_B4_K8,830.4081464872567,697.4261240018129,A16_B2_K16,132.98202248544374,132.9818204854236,0.00020200002012803948
132.75,A32_B6_K14,830.1935188461406,697.5271066263281,A16_B2_K16,132.6664122198125,132.66621021979483,0.00020200001768827712
132.75,A32_B6_K12,832.9774183448437,697.5271066263281,A16_B2_K16,135.45031171851565,135.45010971849706,0.000202000018603188
132.75,A32_B6_K10,840.3948790214521,697.5271066263281,A16_B2_K16,142.867772395124,142.8675703951048,0.0002020000192131286
132.75,A32_B6_K8,852.603403656625,697.5271066263281,A16_B2_K16,155.07629703029693,155.0760950302768,0.00020200002012803948
132.75,A32_B4_K10,820.0022992733814,697.5271066263281,A16_B2_K16,122.47519264705329,122.47499064703408,0.0002020000192131286
132.75,A32_B4_K8,830.827600732142,697.5271066263281,A16_B2_K16,133.30049410581387,133.30029210579374,0.00020200002012803948
133.0,A32_B6_K14,830.5258157830385,697.628089250843,A16_B2_K16,132.89772653219552,132.89752453217784,0.00020200001768827712
133.0,A32_B6_K12,833.3398290809586,697.628089250843,A16_B2_K16,135.71173983011556,135.71153783009697,0.000202000018603188
133.0,A32_B6_K10,840.8387230356776,697.628089250843,A16_B2_K16,143.2106337848346,143.2104317848154,0.0002020000192131286
133.0,A32_B6_K8,853.1034435908641,697.628089250843,A16_B2_K16,155.4753543400211,155.475152340001,0.00020200002012803948
133.0,A32_B4_K10,820.3592532958608,697.628089250843,A16_B2_K16,122.73116404501775,122.73096204499853,0.0002020000192131286
133.0,A32_B4_K8,831.2473765839627,697.628089250843,A16_B2_K16,133.6192873331197,133.61908533309958,0.00020200002012803948
133.25,A32_B6_K14,830.8581127199363,697.7290718753582,A16_B2_K16,133.12904084457818,133.1288388445605,0.00020200001768827712
133.25,A32_B6_K12,833.7022398170734,697.7290718753582,A16_B2_K16,135.97316794171525,135.97296594169666,0.000202000018603188
133.25,A32_B6_K10,841.2825670499033,697.7290718753582,A16_B2_K16,143.5534951745451,143.5532931745259,0.0002020000192131286
133.25,A32_B6_K8,853.6097277478789,697.7290718753582,A16_B2_K16,155.88065587252072,155.8804538725006,0.00020200002012803948
133.25,A32_B4_K10,820.7162073183403,697.7290718753582,A16_B2_K16,122.9871354429821,122.98693344296288,0.0002020000192131286
133.25,A32_B4_K8,831.6684201838632,697.7290718753582,A16_B2_K16,133.93934830850503,133.9391463084849,0.00020200002012803948
133.5,A32_B6_K14,831.1904096568343,697.8300544998732,A16_B2_K16,133.36035515696108,133.3601531569434,0.00020200001768827712
133.5,A32_B6_K12,834.0646505531882,697.8300544998732,A16_B2_K16,136.23459605331504,136.23439405329646,0.000202000018603188
133.5,A32_B6_K10,841.7264110641289,697.8300544998732,A16_B2_K16,143.8963565642557,143.8961545642365,0.0002020000192131286
133.5,A32_B6_K8,854.1188129617433,697.8300544998732,A16_B2_K16,156.2887584618701,156.28855646184996,0.00020200002012803948
133.5,A32_B4_K10,821.0734946251025,697.8300544998732,A16_B2_K16,123.24344012522931,123.2432381252101,0.0002020000192131286
133.5,A32_B4_K8,832.0894637837637,697.8300544998732,A16_B2_K16,134.25940928389048,134.25920728387035,0.00020200002012803948
133.75,A32_B6_K14,831.5227065937323,697.9310371243884,A16_B2_K16,133.59166946934397,133.5914674693263,0.00020200001768827712
133.75,A32_B6_K12,834.427061289303,697.9310371243884,A16_B2_K16,136.49602416491462,136.49582216489603,0.000202000018603188
133.75,A32_B6_K10,842.1702550783544,697.9310371243884,A16_B2_K16,144.2392179539661,144.23901595394688,0.0002020000192131286
133.75,A32_B6_K8,854.6328558050197,697.9310371243884,A16_B2_K16,156.7018186806314,156.70161668061127,0.00020200002012803948
133.75,A32_B4_K10,821.431123092765,697.9310371243884,A16_B2_K16,123.50008596837665,123.49988396835744,0.0002020000192131286
133.75,A32_B4_K8,832.5105073836642,697.9310371243884,A16_B2_K16,134.5794702592758,134.57926825925568,0.00020200002012803948
134.0,A32_B6_K14,831.8550035306303,698.0320197489034,A16_B2_K16,133.82298378172686,133.82278178170918,0.00020200001768827712
134.0,A32_B6_K12,834.7894720254178,698.0320197489034,A16_B2_K16,136.7574522765144,136.75725027649582,0.000202000018603188
134.0,A32_B6_K10,842.6140990925801,698.0320197489034,A16_B2_K16,144.5820793436767,144.58187734365748,0.0002020000192131286
134.0,A32_B6_K8,855.1468986482963,698.0320197489034,A16_B2_K16,157.11487889939292,157.1146768993728,0.00020200002012803948
134.0,A32_B4_K10,821.7887515604275,698.0320197489034,A16_B2_K16,123.7567318115241,123.75652981150489,0.0002020000192131286
134.0,A32_B4_K8,832.9315509835646,698.0320197489034,A16_B2_K16,134.89953123466125,134.89932923464113,0.00020200002012803948
134.25,A32_B6_K14,832.1873004675281,698.1330023734185,A16_B2_K16,134.05429809410953,134.05409609409185,0.00020200001768827712
134.25,A32_B6_K12,835.1518827615326,698.1330023734185,A16_B2_K16,137.0188803881141,137.0186783880955,0.000202000018603188
134.25,A32_B6_K10,843.0568703991233,698.1330023734185,A16_B2_K16,144.9238680257048,144.92366602568558,0.0002020000192131286
134.25,A32_B6_K8,855.6609414915729,698.1330023734185,A16_B2_K16,157.52793911815434,157.5277371181342,0.00020200002012803948
134.25,A32_B4_K10,822.1453073204077,698.1330023734185,A16_B2_K16,124.01230494698916,124.01210294696995,0.0002020000192131286
134.25,A32_B4_K8,833.3525945834651,698.1330023734185,A16_B2_K16,135.21959221004659,135.21939021002646,0.00020200002012803948
134.5,A32_B6_K14,832.5195974044261,698.2339849979336,A16_B2_K16,134.28561240649253,134.28541040647485,0.00020200001768827712
134.5,A32_B6_K12,835.5142934976475,698.2339849979336,A16_B2_K16,137.2803084997139,137.2801064996953,0.000202000018603188
134.5,A32_B6_K10,843.4965918983751,698.2339849979336,A16_B2_K16,145.26260690044148,145.26240490042227,0.0002020000192131286
134.5,A32_B6_K8,856.1749843348493,698.2339849979336,A16_B2_K16,157.94099933691575,157.94079733689563,0.00020200002012803948
134.5,A32_B4_K10,822.4988132730961,698.2339849979336,A16_B2_K16,124.26482827516247,124.26462627514326,0.0002020000192131286
134.5,A32_B4_K8,833.7708697458656,698.2339849979336,A16_B2_K16,135.53688474793205,135.53668274791193,0.00020200002012803948
134.75,A32_B6_K14,832.8516290405428,698.3349676224486,A16_B2_K16,134.51666141809415,134.51645941807647,0.00020200001768827712
134.75,A32_B6_K12,835.876438932981,698.3349676224486,A16_B2_K16,137.54147131053242,137.54126931051383,0.000202000018603188
134.75,A32_B6_K10,843.9363133976267,698.3349676224486,A16_B2_K16,145.60134577517806,145.60114377515885,0.0002020000192131286
134.75,A32_B6_K8,856.6814621390633,698.3349676224486,A16_B2_K16,158.3464945166147,158.3462925165946,0.00020200002012803948
134.75,A32_B4_K10,822.8523192257846,698.3349676224486,A16_B2_K16,124.51735160333601,124.5171496033168,0.0002020000192131286
134.75,A32_B4_K8,834.1883598770162,698.3349676224486,A16_B2_K16,135.85339225456755,135.85319025454743,0.00020200002012803948
135.0,A32_B6_K14,833.1805424292636,698.4359502469638,A16_B2_K16,134.7445921822998,134.74439018228213,0.00020200001768827712
135.0,A32_B6_K12,836.2354661209188,698.4359502469638,A16_B2_K16,137.799515873955,137.7993138739364,0.000202000018603188
135.0,A32_B6_K10,844.3760348968783,698.4359502469638,A16_B2_K16,145.94008464991452,145.9398826498953,0.0002020000192131286
135.0,A32_B6_K8,857.1852192401523,698.4359502469638,A16_B2_K16,158.74926899318848,158.74906699316836,0.00020200002012803948
135.0,A32_B4_K10,823.2058251784732,698.4359502469638,A16_B2_K16,124.76987493150943,124.76967293149053,0.0002020000189081583
135.0,A32_B4_K8,834.6058500081666,698.4359502469638,A16_B2_K16,136.16989976120283,136.1696977611827,0.00020200002012803948
135.25,A32_B6_K14,833.5094558179844,698.5369328714789,A16_B2_K16,134.97252294650548,134.9723209464878,0.00020200001768827712
135.25,A32_B6_K12,836.5944933088566,698.5369328714789,A16_B2_K16,138.05756043737767,138.05735843735908,0.000202000018603188
135.25,A32_B6_K10,844.8157563961299,698.5369328714789,A16_B2_K16,146.278823524651,146.27862152463177,0.0002020000192131286
135.25,A32_B6_K8,857.6889763412414,698.5369328714789,A16_B2_K16,159.15204346976248,159.15184146974235,0.00020200002012803948
135.25,A32_B4_K10,823.5593311311617,698.5369328714789,A16_B2_K16,125.02239825968275,125.02219625966384,0.0002020000189081583
135.25,A32_B4_K8,835.0233401393172,698.5369328714789,A16_B2_K16,136.48640726783822,136.4862052678181,0.00020200002012803948
135.5,A32_B6_K14,833.8383692067055,698.637915495994,A16_B2_K16,135.20045371071149,135.2002517106938,0.00020200001768827712
135.5,A32_B6_K12,836.9535204967945,698.637915495994,A16_B2_K16,138.31560500080047,138.31540300078188,0.000202000018603188
135.5,A32_B6_K10,845.2556542823129,698.637915495994,A16_B2_K16,146.6177387863189,146.6175367862997,0.0002020000192131286
135.5,A32_B6_K8,858.1904287470181,698.637915495994,A16_B2_K16,159.55251325102415,159.55231125100403,0.00020200002012803948
135.5,A32_B4_K10,823.9128370838501,698.637915495994,A16_B2_K16,125.27492158785617,125.27471958783727,0.0002020000189081583
135.5,A32_B4_K8,835.4385255751552,698.637915495994,A16_B2_K16,136.80061007916117,136.80040807914105,0.00020200002012803948
135.75,A32_B6_K14,834.1672825954262,698.738898120509,A16_B2_K16,135.42838447491715,135.42818247489947,0.00020200001768827712
135.75,A32_B6_K12,837.3125476847321,698.738898120509,A16_B2_K16,138.57364956422305,138.57344756420446,0.000202000018603188
135.75,A32_B6_K10,845.6970538290974,698.738898120509,A16_B2_K16,146.95815570858838,146.95795370856916,0.0002020000192131286
135.75,A32_B6_K8,858.69083042493,698.738898120509,A16_B2_K16,159.951932304421,159.95173030440088,0.00020200002012803948
135.75,A32_B4_K10,824.2678440931384,698.738898120509,A16_B2_K16,125.52894597262934,125.52874397261044,0.0002020000189081583
135.75,A32_B4_K8,835.8526602831287,698.738898120509,A16_B2_K16,137.11376216261965,137.11356016259953,0.00020200002012803948
136.0,A32_B6_K14,834.4961959841471,698.8424707180124,A16_B2_K16,135.65372526613476,135.65352326611708,0.00020200001768827712
136.0,A32_B6_K12,837.6715748726698,698.8424707180124,A16_B2_K16,138.82910415465744,138.82890215463885,0.000202000018603188
136.0,A32_B6_K10,846.138453375882,698.8424707180124,A16_B2_K16,147.29598265786967,147.29578065785046,0.0002020000192131286
136.0,A32_B6_K8,859.1912321028418,698.8424707180124,A16_B2_K16,160.34876138482946,160.34855938480933,0.00020200002012803948
136.0,A32_B4_K10,824.6273834232946,698.8424707180124,A16_B2_K16,125.7849127052823,125.7847107052634,0.0002020000189081583
136.0,A32_B4_K8,836.2671753953803,698.8424707180124,A16_B2_K16,137.4247046773679,137.4245026773478,0.00020200002012803948
136.25,A32_B6_K14,834.8251093728679,698.9466548183456,A16_B2_K16,135.87845455452236,135.87825255450468,0.00020200001768827712
136.25,A32_B6_K12,838.0306020606074,698.9466548183456,A16_B2_K16,139.08394724226184,139.08374524224325,0.000202000018603188
136.25,A32_B6_K10,846.5798529226665,698.9466548183456,A16_B2_K16,147.63319810432097,147.63299610430175,0.0002020000192131286
136.25,A32_B6_K8,859.6916337807538,698.9466548183456,A16_B2_K16,160.74497896240825,160.74477696238813,0.00020200002012803948
136.25,A32_B4_K10,824.9869227534506,698.9466548183456,A16_B2_K16,126.04026793510502,126.04006593508612,0.0002020000189081583
136.25,A32_B4_K8,836.6821033315883,698.9466548183456,A16_B2_K16,137.73544851324277,137.73524651322265,0.00020200002012803948
136.5,A32_B6_K14,835.1540227615887,699.0521239679115,A16_B2_K16,136.10189879367726,136.10169679365958,0.00020200001768827712
136.5,A32_B6_K12,838.3884013422953,699.0521239679115,A16_B2_K16,139.33627737438383,139.33607537436524,0.000202000018603188
136.5,A32_B6_K10,847.0212524694513,699.0521239679115,A16_B2_K16,147.96912850153979,147.96892650152057,0.0002020000192131286
136.5,A32_B6_K8,860.1920354586657,699.0521239679115,A16_B2_K16,161.13991149075423,161.1397094907341,0.00020200002012803948
136.5,A32_B4_K10,825.3464620836068,699.0521239679115,A16_B2_K16,126.29433811569527,126.29413611567637,0.0002020000189081583
136.5,A32_B4_K8,837.0970312677964,699.0521239679115,A16_B2_K16,138.04490729988493,138.0447052998648,0.00020200002012803948
136.75,A32_B6_K14,835.4829361503096,699.1578434015051,A16_B2_K16,136.32509274880442,136.32489074878674,0.00020200001768827712
136.75,A32_B6_K12,838.7402326708582,699.1578434015051,A16_B2_K16,139.58238926935303,139.58218726933444,0.000202000018603188
136.75,A32_B6_K10,847.4626520162358,699.1578434015051,A16_B2_K16,148.30480861473063,148.30460661471142,0.0002020000192131286
136.75,A32_B6_K8,860.6924371365776,699.1578434015051,A16_B2_K16,161.53459373507246,161.53439173505234,0.00020200002012803948
136.75,A32_B4_K10,825.7060014137629,699.1578434015051,A16_B2_K16,126.54815801225777,126.54795601223887,0.0002020000189081583
136.75,A32_B4_K8,837.5119592040046,699.1578434015051,A16_B2_K16,138.35411580249945,138.35391380247933,0.00020200002012803948
137.0,A32_B6_K14,835.8118495390304,699.2635628350988,A16_B2_K16,136.54828670393158,136.5480847039139,0.00020200001768827712
137.0,A32_B6_K12,839.0920639994208,699.2635628350988,A16_B2_K16,139.828501164322,139.82829916430342,0.000202000018603188
137.0,A32_B6_K10,847.9040515630203,699.2635628350988,A16_B2_K16,148.64048872792148,148.64028672790226,0.0002020000192131286
137.0,A32_B6_K8,861.1928388144895,699.2635628350988,A16_B2_K16,161.9292759793907,161.92907397937057,0.00020200002012803948
137.0,A32_B4_K10,826.065540743919,699.2635628350988,A16_B2_K16,126.80197790882016,126.80177590880126,0.0002020000189081583
137.0,A32_B4_K8,837.9268871402126,699.2635628350988,A16_B2_K16,138.66332430511375,138.66312230509362,0.00020200002012803948
137.25,A32_B6_K14,836.1407629277512,699.3692822686926,A16_B2_K16,136.77148065905862,136.77127865904095,0.00020200001768827712
137.25,A32_B6_K12,839.4438953279835,699.3692822686926,A16_B2_K16,140.07461305929087,140.07441105927228,0.000202000018603188
137.25,A32_B6_K10,848.3454511098048,699.3692822686926,A16_B2_K16,148.9761688411122,148.975966841093,0.0002020000192131286
137.25,A32_B6_K8,861.6932404924016,699.3692822686926,A16_B2_K16,162.32395822370904,162.32375622368892,0.00020200002012803948
137.25,A32_B4_K10,826.4250800740751,699.3692822686926,A16_B2_K16,127.05579780538255,127.05559580536365,0.0002020000189081583
137.25,A32_B4_K8,838.3418150764206,699.3692822686926,A16_B2_K16,138.97253280772804,138.97233080770792,0.00020200002012803948
137.5,A32_B6_K14,836.4696763164721,699.4768264032492,A16_B2_K16,136.99284991322293,136.99264791320525,0.00020200001768827712
137.5,A32_B6_K12,839.7957266565462,699.4768264032492,A16_B2_K16,140.318900253297,140.3186982532784,0.000202000018603188
137.5,A32_B6_K10,848.7868506565894,699.4768264032492,A16_B2_K16,149.3100242533402,149.309822253321,0.0002020000192131286
137.5,A32_B6_K8,862.1936421703135,699.4768264032492,A16_B2_K16,162.7168157670643,162.71661376704418,0.00020200002012803948
137.5,A32_B4_K10,826.7850906456256,699.4768264032492,A16_B2_K16,127.30826424237637,127.30806224235747,0.0002020000189081583
137.5,A32_B4_K8,838.7584000912143,699.4768264032492,A16_B2_K16,139.28157368796508,139.28137168794495,0.00020200002012803948
137.75,A32_B6_K14,836.798589705193,699.586278892245,A16_B2_K16,137.21231081294798,137.2121088129303,0.00020200001768827712
137.75,A32_B6_K12,840.147557985109,699.586278892245,A16_B2_K16,140.56127909286397,140.56107709284538,0.000202000018603188
137.75,A32_B6_K10,849.228250203374,699.586278892245,A16_B2_K16,149.64197131112905,149.64176931110984,0.0002020000192131286
137.75,A32_B6_K8,862.6940438482254,699.586278892245,A16_B2_K16,163.10776495598043,163.1075629559603,0.00020200002012803948
137.75,A32_B4_K10,827.1498876680123,699.586278892245,A16_B2_K16,127.5636087757673,127.5634067757484,0.0002020000189081583
137.75,A32_B4_K8,839.1782593024237,699.586278892245,A16_B2_K16,139.59198041017873,139.5917784101586,0.00020200002012803948
138.0,A32_B6_K14,837.1275030939138,699.6974202412885,A16_B2_K16,137.43008285262533,137.42988085260765,0.00020200001768827712
138.0,A32_B6_K12,840.4993893136717,699.6974202412885,A16_B2_K16,140.80196907238326,140.80176707236467,0.000202000018603188
138.0,A32_B6_K10,849.6696497501587,699.6974202412885,A16_B2_K16,149.9722295088702,149.972027508851,0.0002020000192131286
138.0,A32_B6_K8,863.1944455261373,699.6974202412885,A16_B2_K16,163.49702528484886,163.49682328482874,0.00020200002012803948
138.0,A32_B4_K10,827.5146846903987,699.6974202412885,A16_B2_K16,127.81726444911021,127.81706244909131,0.0002020000189081583
138.0,A32_B4_K8,839.5981185136333,699.6974202412885,A16_B2_K16,139.9006982723448,139.9004962723247,0.00020200002012803948
138.25,A32_B6_K14,837.4564164826347,699.8093284313926,A16_B2_K16,137.64708805124212,137.64688605122444,0.00020200001768827712
138.25,A32_B6_K12,840.8512206422345,699.8093284313926,A16_B2_K16,141.04189221084187,141.04169021082328,0.000202000018603188
138.25,A32_B6_K10,850.1110492969432,699.8093284313926,A16_B2_K16,150.30172086555058,150.30151886553136,0.0002020000192131286
138.25,A32_B6_K8,863.6948472040492,699.8093284313926,A16_B2_K16,163.8855187726566,163.8853167726365,0.00020200002012803948
138.25,A32_B4_K10,827.8794817127853,699.8093284313926,A16_B2_K16,128.07015328139266,128.06995128137376,0.0002020000189081583
138.25,A32_B4_K8,840.0179777248427,699.8093284313926,A16_B2_K16,140.2086492934501,140.20844729342997,0.00020200002012803948
138.5,A32_B6_K14,837.7853298713555,699.9212366214967,A16_B2_K16,137.8640932498588,137.86389124984112,0.00020200001768827712
138.5,A32_B6_K12,841.2054743244953,699.9212366214967,A16_B2_K16,141.28423770299855,141.28403570297996,0.000202000018603188
138.5,A32_B6_K10,850.5524488437277,699.9212366214967,A16_B2_K16,150.63121222223094,150.63101022221173,0.0002020000192131286
138.5,A32_B6_K8,864.1952488819611,699.9212366214967,A16_B2_K16,164.27401226046436,164.27381026044424,0.00020200002012803948
138.5,A32_B4_K10,828.2442787351717,699.9212366214967,A16_B2_K16,128.323042113675,128.3228401136561,0.0002020000189081583
138.5,A32_B4_K8,840.4378369360521,699.9212366214967,A16_B2_K16,140.51660031455538,140.51639831453525,0.00020200002012803948
138.75,A32_B6_K14,838.1142432600764,700.0331448116009,A16_B2_K16,138.08109844847547,138.0808964484578,0.00020200001768827712
138.75,A32_B6_K12,841.5610610206936,700.0331448116009,A16_B2_K16,141.52791620909272,141.52771420907413,0.000202000018603188
138.75,A32_B6_K10,850.9975283785295,700.0331448116009,A16_B2_K16,150.96438356692863,150.96418156690942,0.0002020000192131286
138.75,A32_B6_K8,864.6956505598732,700.0331448116009,A16_B2_K16,164.66250574827234,164.6623037482522,0.00020200002012803948
138.75,A32_B4_K10,828.6090757575583,700.0331448116009,A16_B2_K16,128.57593094595745,128.57572894593855,0.0002020000189081583
138.75,A32_B4_K8,840.8576961472615,700.0331448116009,A16_B2_K16,140.82455133566066,140.82434933564053,0.00020200002012803948
139.0,A32_B6_K14,838.4431566487972,700.1450530017052,A16_B2_K16,138.29810364709203,138.29790164707435,0.00020200001768827712
139.0,A32_B6_K12,841.9166477168918,700.1450530017052,A16_B2_K16,141.77159471518667,141.77139271516808,0.000202000018603188
139.0,A32_B6_K10,851.4442758719813,700.1450530017052,A16_B2_K16,151.29922287027614,151.29902087025692,0.0002020000192131286
139.0,A32_B6_K8,865.1960522377852,700.1450530017052,A16_B2_K16,165.0509992360801,165.05079723605996,0.00020200002012803948
139.0,A32_B4_K10,828.9738727799448,700.1450530017052,A16_B2_K16,128.82881977823968,128.82861777822077,0.0002020000189081583
139.0,A32_B4_K8,841.277555358471,700.1450530017052,A16_B2_K16,141.13250235676583,141.1323003567457,0.00020200002012803948
139.25,A32_B6_K14,838.772070037518,700.2569611918093,A16_B2_K16,138.5151088457087,138.51490684569103,0.00020200001768827712
139.25,A32_B6_K12,842.2722344130901,700.2569611918093,A16_B2_K16,142.01527322128084,142.01507122126225,0.000202000018603188
139.25,A32_B6_K10,851.8910233654329,700.2569611918093,A16_B2_K16,151.63406217362365,151.63386017360443,0.0002020000192131286
139.25,A32_B6_K8,865.6964539156971,700.2569611918093,A16_B2_K16,165.43949272388784,165.4392907238677,0.00020200002012803948
139.25,A32_B4_K10,829.3386698023313,700.2569611918093,A16_B2_K16,129.081708610522,129.0815066105031,0.0002020000189081583
139.25,A32_B4_K8,841.6974145696806,700.2569611918093,A16_B2_K16,141.44045337787134,141.4402513778512,0.00020200002012803948
139.5,A32_B6_K14,839.1009834262388,700.3688693819134,A16_B2_K16,138.73211404432539,138.7319120443077,0.00020200001768827712
139.5,A32_B6_K12,842.6278211092883,700.3688693819134,A16_B2_K16,142.2589517273749,142.2587497273563,0.000202000018603188
139.5,A32_B6_K10,852.3377708588846,700.3688693819134,A16_B2_K16,151.96890147697115,151.96869947695194,0.0002020000192131286
139.5,A32_B6_K8,866.1968555936089,700.3688693819134,A16_B2_K16,165.82798621169547,165.82778421167535,0.00020200002012803948
139.5,A32_B4_K10,829.7034668247179,700.3688693819134,A16_B2_K16,129.33459744280447,129.33439544278556,0.0002020000189081583
139.5,A32_B4_K8,842.11727378089,700.3688693819134,A16_B2_K16,141.7484043989765,141.74820239895638,0.00020200002012803948
139.75,A32_B6_K14,839.4298968149598,700.4812241650936,A16_B2_K16,138.94867264986613,138.94847064984845,0.00020200001768827712
139.75,A32_B6_K12,842.9834078054866,700.4812241650936,A16_B2_K16,142.502183640393,142.50198164037442,0.000202000018603188
139.75,A32_B6_K10,852.7845183523364,700.4812241650936,A16_B2_K16,152.30329418724273,152.3030921872235,0.0002020000192131286
139.75,A32_B6_K8,866.6972572715208,700.4812241650936,A16_B2_K16,166.21603310642718,166.21583110640705,0.00020200002012803948
139.75,A32_B4_K10,830.0682638471044,700.4812241650936,A16_B2_K16,129.58703968201075,129.58683768199185,0.0002020000189081583
139.75,A32_B4_K8,842.5371329920993,700.4812241650936,A16_B2_K16,142.05590882700562,142.0557068269855,0.00020200002012803948
140.0,A32_B6_K14,839.7588102036806,700.5966962069717,A16_B2_K16,139.16211399670885,139.16191199669117,0.00020200001768827712
140.0,A32_B6_K12,843.338994501685,700.5966962069717,A16_B2_K16,142.74229829471324,142.74209629469465,0.000202000018603188
140.0,A32_B6_K10,853.2312658457881,700.5966962069717,A16_B2_K16,152.6345696388164,152.6343676387972,0.0002020000192131286
140.0,A32_B6_K8,867.1976589494327,700.5966962069717,A16_B2_K16,166.60096274246098,166.60076074244085,0.00020200002012803948
140.0,A32_B4_K10,830.433060869491,700.5966962069717,A16_B2_K16,129.83636466251926,129.83616266250036,0.0002020000189081583
140.0,A32_B4_K8,842.9580010883609,700.5966962069717,A16_B2_K16,142.36130488138917,142.36110288136905,0.00020200002012803948
140.25,A32_B6_K14,840.0877235924015,700.7135091239409,A16_B2_K16,139.37421446846065,139.37401246844297,0.00020200001768827712
140.25,A32_B6_K12,843.6945811978833,700.7135091239409,A16_B2_K16,142.9810720739424,142.98087007392382,0.000202000018603188
140.25,A32_B6_K10,853.6780133392398,700.7135091239409,A16_B2_K16,152.96450421529892,152.9643022152797,0.0002020000192131286
140.25,A32_B6_K8,867.6980606273447,700.7135091239409,A16_B2_K16,166.98455150340385,166.9843495033831,0.00020200002073798008
140.25,A32_B4_K10,830.7978578918776,700.7135091239409,A16_B2_K16,130.08434876793672,130.08414676791782,0.0002020000189081583
140.25,A32_B4_K8,843.3812248139284,700.7135091239409,A16_B2_K16,142.66771568998752,142.66751368996677,0.00020200002073798008
140.5,A32_B6_K14,840.4166369811223,700.83097758335,A16_B2_K16,139.58565939777236,139.58545739775468,0.00020200001768827712
140.5,A32_B6_K12,844.0501678940814,700.83097758335,A16_B2_K16,143.2191903107314,143.2189883107128,0.000202000018603188
140.5,A32_B6_K10,854.1247608326914,700.83097758335,A16_B2_K16,153.29378324934146,153.29358124932256,0.0002020000189081583
140.5,A32_B6_K8,868.1984623052567,700.83097758335,A16_B2_K16,167.36748472190675,167.367282721886,0.00020200002073798008
140.5,A32_B4_K10,831.1626549142641,700.83097758335,A16_B2_K16,130.3316773309141,130.3314753308952,0.0002020000189081583
140.5,A32_B4_K8,843.8044485394956,700.83097758335,A16_B2_K16,142.97347095614566,142.9732689561249,0.00020200002073798008
140.75,A32_B6_K14,840.7455503698432,700.9587399899305,A16_B2_K16,139.7868103799127,139.78660837989503,0.00020200001768827712
140.75,A32_B6_K12,844.4057545902797,700.9587399899305,A16_B2_K16,143.44701460034923,143.44681260033065,0.000202000018603188
140.75,A32_B6_K10,854.5715083261432,700.9587399899305,A16_B2_K16,153.61276833621275,153.61256633619385,0.0002020000189081583
140.75,A32_B6_K8,868.6988639831686,700.9587399899305,A16_B2_K16,167.74012399323817,167.73992199321742,0.00020200002073798008
140.75,A32_B4_K10,831.5274519366506,700.9587399899305,A16_B2_K16,130.5687119467201,130.5685099467012,0.0002020000189081583
140.75,A32_B4_K8,844.227672265063,700.9587399899305,A16_B2_K16,143.26893227513256,143.2687302751118,0.00020200002073798008
141.0,A32_B6_K14,841.074463758564,701.0960394436696,A16_B2_K16,139.97842431489437,139.9782223148767,0.00020200001768827712
141.0,A32_B6_K12,844.7613412864779,701.0960394436696,A16_B2_K16,143.66530184280828,143.6650998427897,0.000202000018603188
141.0,A32_B6_K10,855.0182558195949,701.0960394436696,A16_B2_K16,153.92221637592525,153.92201437590634,0.0002020000189081583
141.0,A32_B6_K8,869.1992656610805,701.0960394436696,A16_B2_K16,168.1032262174109,168.10302421739016,0.00020200002073798008
141.0,A32_B4_K10,831.892248959037,701.0960394436696,A16_B2_K16,130.79620951536742,130.79600751534852,0.0002020000189081583
141.0,A32_B4_K8,844.6508959906304,701.0960394436696,A16_B2_K16,143.55485654696076,143.55465454694001,0.00020200002073798008
141.25,A32_B6_K14,841.4033771472848,701.2349119469582,A16_B2_K16,140.16846520032664,140.16826320030896,0.00020200001768827712
141.25,A32_B6_K12,845.1169279826762,701.2349119469582,A16_B2_K16,143.88201603571804,143.88181403569945,0.000202000018603188
141.25,A32_B6_K10,855.4650033130466,701.2349119469582,A16_B2_K16,154.23009136608846,154.22988936606956,0.0002020000189081583
141.25,A32_B6_K8,869.6996673389926,701.2349119469582,A16_B2_K16,168.46475539203448,168.46455339201373,0.00020200002073798008
141.25,A32_B4_K10,832.2570459814236,701.2349119469582,A16_B2_K16,131.02213403446547,131.02193203444656,0.0002020000189081583
141.25,A32_B4_K8,845.0741197161979,701.2349119469582,A16_B2_K16,143.8392077692397,143.83900576921894,0.00020200002073798008
141.5,A32_B6_K14,841.7302729578807,701.3743699345231,A16_B2_K16,140.35590302335766,140.35570102333998,0.00020200001768827712
141.5,A32_B6_K12,845.471505889812,701.3743699345231,A16_B2_K16,144.09713595528888,144.0969339552703,0.000202000018603188
141.5,A32_B6_K10,855.9097332283733,701.3743699345231,A16_B2_K16,154.5353632938502,154.5351612938313,0.0002020000189081583
141.5,A32_B6_K8,870.2000690169044,701.3743699345231,A16_B2_K16,168.82569908238133,168.82549708236058,0.00020200002073798008
141.5,A32_B4_K10,832.6198254256851,701.3743699345231,A16_B2_K16,131.24545549116203,131.24525349114313,0.0002020000189081583
141.5,A32_B4_K8,845.4973434417652,701.3743699345231,A16_B2_K16,144.12297350724214,144.1227715072214,0.00020200002073798008
141.75,A32_B6_K14,842.0529151877473,701.514263799573,A16_B2_K16,140.53865138817434,140.53844938815666,0.00020200001768827712
141.75,A32_B6_K12,845.8239570065831,701.514263799573,A16_B2_K16,144.30969320701013,144.30949120699154,0.000202000018603188
141.75,A32_B6_K10,856.3502095629709,701.514263799573,A16_B2_K16,154.83594576339794,154.83574376337904,0.0002020000189081583
141.75,A32_B6_K8,870.7004706948164,701.514263799573,A16_B2_K16,169.18620689524346,169.1860048952227,0.00020200002073798008
141.75,A32_B4_K10,832.9783512892175,701.514263799573,A16_B2_K16,131.4640874896445,131.4638854896256,0.0002020000189081583
141.75,A32_B4_K8,845.9205671673327,701.514263799573,A16_B2_K16,144.40630336775973,144.40610136773898,0.00020200002073798008
142.0,A32_B6_K14,842.375557417614,701.6541576646231,A16_B2_K16,140.72139975299092,140.72119775297324,0.00020200001768827712
142.0,A32_B6_K12,846.1764081233542,701.6541576646231,A16_B2_K16,144.52225045873115,144.52204845871256,0.000202000018603188
142.0,A32_B6_K10,856.7906858975686,701.6541576646231,A16_B2_K16,155.13652823294547,155.13632623292656,0.0002020000189081583
142.0,A32_B6_K8,871.2008723727283,701.6541576646231,A16_B2_K16,169.54671470810524,169.5465127080845,0.00020200002073798008
142.0,A32_B4_K10,833.3368771527499,701.6541576646231,A16_B2_K16,131.68271948812685,131.68251748810795,0.0002020000189081583
142.0,A32_B4_K8,846.3437908929,701.6541576646231,A16_B2_K16,144.68963322827688,144.68943122825613,0.00020200002073798008
142.25,A32_B6_K14,842.6949535810745,701.7940515296731,A16_B2_K16,140.90090205140143,140.90070005138375,0.00020200001768827712
142.25,A32_B6_K12,846.5288592401255,701.7940515296731,A16_B2_K16,144.7348077104524,144.7346057104338,0.000202000018603188
142.25,A32_B6_K10,857.231162232166,701.7940515296731,A16_B2_K16,155.43711070249287,155.43690870247397,0.0002020000189081583
142.25,A32_B6_K8,871.6952936749892,701.7940515296731,A16_B2_K16,169.90124214531613,169.90104014529538,0.00020200002073798008
142.25,A32_B4_K10,833.6954030162822,701.7940515296731,A16_B2_K16,131.9013514866091,131.90114948659019,0.0002020000189081583
142.25,A32_B4_K8,846.7610342428165,701.7940515296731,A16_B2_K16,144.96698271314347,144.96678071312272,0.00020200002073798008
142.5,A32_B6_K14,843.0112277966182,701.9339453947231,A16_B2_K16,141.0772824018951,141.07708040187742,0.00020200001768827712
142.5,A32_B6_K12,846.8813103568966,701.9339453947231,A16_B2_K16,144.94736496217354,144.94716296215495,0.000202000018603188
142.5,A32_B6_K10,857.6749969147204,701.9339453947231,A16_B2_K16,155.7410515199973,155.7408495199784,0.0002020000189081583
142.5,A32_B6_K8,872.1853844720417,701.9339453947231,A16_B2_K16,170.25143907731865,170.2512370772979,0.00020200002073798008
142.5,A32_B4_K10,834.0561154742047,701.9339453947231,A16_B2_K16,132.12217007948163,132.12196807946273,0.0002020000189081583
142.5,A32_B4_K8,847.1739470875244,701.9339453947231,A16_B2_K16,145.24000169280134,145.2397996927806,0.00020200002073798008
142.75,A32_B6_K14,843.327502012162,702.073839259773,A16_B2_K16,141.253662752389,141.25346075237132,0.00020200001768827712
142.75,A32_B6_K12,847.237222762506,702.073839259773,A16_B2_K16,145.16338350273304,145.16318150271445,0.000202000018603188
142.75,A32_B6_K10,858.1197123489501,702.073839259773,A16_B2_K16,156.04587308917712,156.04567108915822,0.0002020000189081583
142.75,A32_B6_K8,872.6754752690944,702.073839259773,A16_B2_K16,170.6016360093214,170.60143400930065,0.00020200002073798008
142.75,A32_B4_K10,834.4198208924332,702.073839259773,A16_B2_K16,132.34598163266025,132.34577963264135,0.0002020000189081583
142.75,A32_B4_K8,847.5868599322324,702.073839259773,A16_B2_K16,145.51302067245945,145.5128186724387,0.00020200002073798008
143.0,A32_B6_K14,843.6437762277058,702.2137331248231,A16_B2_K16,141.43004310288268,141.429841102865,0.00020200001768827712
143.0,A32_B6_K12,847.5962240999371,702.2137331248231,A16_B2_K16,145.38249097511402,145.38228897509543,0.000202000018603188
143.0,A32_B6_K10,858.5644277831798,702.2137331248231,A16_B2_K16,156.3506946583567,156.3504926583378,0.0002020000189081583
143.0,A32_B6_K8,873.1655660661469,702.2137331248231,A16_B2_K16,170.9518329413238,170.95163094130305,0.00020200002073798008
143.0,A32_B4_K10,834.7835263106618,702.2137331248231,A16_B2_K16,132.56979318583876,132.56959118581986,0.0002020000189081583
143.0,A32_B4_K8,847.9997727769404,702.2137331248231,A16_B2_K16,145.78603965211732,145.78583765209657,0.00020200002073798008
143.25,A32_B6_K14,843.9600504432497,702.3536269898731,A16_B2_K16,141.60642345337658,141.6062214533589,0.00020200001768827712
143.25,A32_B6_K12,847.9552254373682,702.3536269898731,A16_B2_K16,145.60159844749512,145.60139644747653,0.000202000018603188
143.25,A32_B6_K10,859.0091432174095,702.3536269898731,A16_B2_K16,156.6555162275364,156.6553142275175,0.0002020000189081583
143.25,A32_B6_K8,873.6556568631994,702.3536269898731,A16_B2_K16,171.30202987332632,171.30182787330557,0.00020200002073798008
143.25,A32_B4_K10,835.1472317288905,702.3536269898731,A16_B2_K16,132.79360473901738,132.79340273899848,0.0002020000189081583
143.25,A32_B4_K8,848.4126856216485,702.3536269898731,A16_B2_K16,146.05905863177543,146.05885663175468,0.00020200002073798008
143.5,A32_B6_K14,844.2763246587933,702.4935208549231,A16_B2_K16,141.78280380387025,141.78260180385257,0.00020200001768827712
143.5,A32_B6_K12,848.3142267747992,702.4935208549231,A16_B2_K16,145.8207059198761,145.82050391985752,0.000202000018603188
143.5,A32_B6_K10,859.453858651639,702.4935208549231,A16_B2_K16,156.96033779671598,156.96013579669707,0.0002020000189081583
143.5,A32_B6_K8,874.145747660252,702.4935208549231,A16_B2_K16,171.65222680532895,171.6520248053082,0.00020200002073798008
143.5,A32_B4_K10,835.510937147119,702.4935208549231,A16_B2_K16,133.0174162921959,133.017214292177,0.0002020000189081583
143.5,A32_B4_K8,848.8255984663565,702.4935208549231,A16_B2_K16,146.33207761143342,146.33187561141267,0.00020200002073798008
143.75,A32_B6_K14,844.592598874337,702.6334147199732,A16_B2_K16,141.9591841543638,141.95898215434613,0.00020200001768827712
143.75,A32_B6_K12,848.6732281122302,702.6334147199732,A16_B2_K16,146.03981339225697,146.03961139223838,0.000202000018603188
143.75,A32_B6_K10,859.8985740858687,702.6334147199732,A16_B2_K16,157.26515936589556,157.26495736587665,0.0002020000189081583
143.75,A32_B6_K8,874.6358384573045,702.6334147199732,A16_B2_K16,172.00242373733136,172.0022217373106,0.00020200002073798008
143.75,A32_B4_K10,835.8746425653476,702.6334147199732,A16_B2_K16,133.2412278453744,133.2410258453555,0.0002020000189081583
143.75,A32_B4_K8,849.2385113110645,702.6334147199732,A16_B2_K16,146.6050965910913,146.60489459107055,0.00020200002073798008
144.0,A32_B6_K14,844.9088730898809,702.7733085850232,A16_B2_K16,142.1355645048577,142.13536250484003,0.00020200001768827712
144.0,A32_B6_K12,849.0322294496614,702.7733085850232,A16_B2_K16,146.25892086463818,146.2587188646196,0.000202000018603188
144.0,A32_B6_K10,860.3432895200984,702.7733085850232,A16_B2_K16,157.56998093507525,157.56977893505635,0.0002020000189081583
144.0,A32_B6_K8,875.1259292543572,702.7733085850232,A16_B2_K16,172.352620669334,172.35241866931324,0.00020200002073798008
144.0,A32_B4_K10,836.2383479835762,702.7733085850232,A16_B2_K16,133.46503939855302,133.46483739853412,0.0002020000189081583
144.0,A32_B4_K8,849.6514241557726,702.7733085850232,A16_B2_K16,146.8781155707494,146.87791357072865,0.00020200002073798008
144.25,A32_B6_K14,845.2251473054246,702.9132024500732,A16_B2_K16,142.31194485535138,142.3117428553337,0.00020200001768827712
144.25,A32_B6_K12,849.3912307870924,702.9132024500732,A16_B2_K16,146.47802833701917,146.47782633700058,0.000202000018603188
144.25,A32_B6_K10,860.788004954328,702.9132024500732,A16_B2_K16,157.87480250425483,157.87460050423593,0.0002020000189081583
144.25,A32_B6_K8,875.6160200514097,702.9132024500732,A16_B2_K16,172.7028176013365,172.70261560131576,0.00020200002073798008
144.25,A32_B4_K10,836.6020534018048,702.9132024500732,A16_B2_K16,133.68885095173164,133.68864895171274,0.0002020000189081583
144.25,A32_B4_K8,850.0643370004805,702.9132024500732,A16_B2_K16,147.15113455040728,147.15093255038653,0.00020200002073798008
144.5,A32_B6_K14,845.5414215209684,703.0530963151232,A16_B2_K16,142.48832520584517,142.4881232058275,0.00020200001768827712
144.5,A32_B6_K12,849.7502321245234,703.0530963151232,A16_B2_K16,146.69713580940027,146.69693380938168,0.000202000018603188
144.5,A32_B6_K10,861.2327203885577,703.0530963151232,A16_B2_K16,158.17962407343452,158.17942207341562,0.0002020000189081583
144.5,A32_B6_K8,876.1061108484623,703.0530963151232,A16_B2_K16,173.05301453333914,173.0528125333184,0.00020200002073798008
144.5,A32_B4_K10,836.9657588200333,703.0530963151232,A16_B2_K16,133.91266250491014,133.91246050489124,0.0002020000189081583
144.5,A32_B4_K8,850.4772498451886,703.0530963151232,A16_B2_K16,147.42415353006538,147.42395153004463,0.00020200002073798008
144.75,A32_B6_K14,845.8576957365123,703.1929901801732,A16_B2_K16,142.66470555633907,142.6645035563214,0.00020200001768827712
144.75,A32_B6_K12,850.1092334619545,703.1929901801732,A16_B2_K16,146.91624328178136,146.91604128176277,0.000202000018603188
144.75,A32_B6_K10,861.6774358227874,703.1929901801732,A16_B2_K16,158.48444564261422,158.48424364259532,0.0002020000189081583
144.75,A32_B6_K8,876.5968344079765,703.1929901801732,A16_B2_K16,173.40384422780335,173.4036422277826,0.00020200002073798008
144.75,A32_B4_K10,837.3294642382618,703.1929901801732,A16_B2_K16,134.13647405808865,134.13627205806975,0.0002020000189081583
144.75,A32_B4_K8,850.8902353706115,703.1929901801732,A16_B2_K16,147.69724519043837,147.69704319041762,0.00020200002073798008
145.0,A32_B6_K14,846.1668222178869,703.3328840452232,A16_B2_K16,142.8339381726637,142.833736172646,0.00020200001768827712
145.0,A32_B6_K12,850.4610476662112,703.3328840452232,A16_B2_K16,147.12816362098806,147.12796162096947,0.000202000018603188
145.0,A32_B6_K10,862.1221512570171,703.3328840452232,A16_B2_K16,158.7892672117939,158.789065211775,0.0002020000189081583
145.0,A32_B6_K8,877.090976721495,703.3328840452232,A16_B2_K16,173.75809267627187,173.75789067625112,0.00020200002073798008
145.0,A32_B4_K10,837.6880354116988,703.3328840452232,A16_B2_K16,134.35515136647564,134.35494936645674,0.0002020000189081583
145.0,A32_B4_K8,851.2994023814726,703.3328840452232,A16_B2_K16,147.96651833624946,147.96631633622872,0.00020200002073798008
145.25,A32_B6_K14,846.4701073140727,703.4727779102732,A16_B2_K16,142.99732940379954,142.99712740378186,0.00020200001768827712
145.25,A32_B6_K12,850.8069882869964,703.4727779102732,A16_B2_K16,147.33421037672326,147.33400837670467,0.000202000018603188
145.25,A32_B6_K10,862.5668666912468,703.4727779102732,A16_B2_K16,159.0940887809736,159.0938867809547,0.0002020000189081583
145.25,A32_B6_K8,877.5851190350136,703.4727779102732,A16_B2_K16,174.1123411247404,174.11213912471965,0.00020200002073798008
145.25,A32_B4_K10,838.0424746193112,703.4727779102732,A16_B2_K16,134.569696709038,134.5694947090191,0.0002020000189081583
145.25,A32_B4_K8,851.7050192982762,703.4727779102732,A16_B2_K16,148.232241388003,148.23203938798224,0.00020200002073798008
145.5,A32_B6_K14,846.7733924102586,703.6126717753232,A16_B2_K16,143.1607206349354,143.1605186349177,0.00020200001768827712
145.5,A32_B6_K12,851.1529289077816,703.6126717753232,A16_B2_K16,147.54025713245846,147.54005513243987,0.000202000018603188
145.5,A32_B6_K10,863.0115821254765,703.6126717753232,A16_B2_K16,159.3989103501533,159.3987083501344,0.0002020000189081583
145.5,A32_B6_K8,878.0792613485321,703.6126717753232,A16_B2_K16,174.46658957320892,174.46638757318817,0.00020200002073798008
145.5,A32_B4_K10,838.3981144379707,703.6126717753232,A16_B2_K16,134.78544266264748,134.78524066262858,0.0002020000189081583
145.5,A32_B4_K8,852.1106362150797,703.6126717753232,A16_B2_K16,148.49796443975652,148.49776243973577,0.00020200002073798008
145.75,A32_B6_K14,847.0766775064443,703.7525656403732,A16_B2_K16,143.32411186607112,143.32390986605344,0.00020200001768827712
145.75,A32_B6_K12,851.4988695285667,703.7525656403732,A16_B2_K16,147.74630388819355,147.74610188817496,0.000202000018603188
145.75,A32_B6_K10,863.4562975597062,703.7525656403732,A16_B2_K16,159.703731919333,159.7035299193141,0.0002020000189081583
145.75,A32_B6_K8,878.5734036620506,703.7525656403732,A16_B2_K16,174.82083802167745,174.8206360216567,0.00020200002073798008
145.75,A32_B4_K10,838.7537542566301,703.7525656403732,A16_B2_K16,135.00118861625697,135.00098661623807,0.0002020000189081583
145.75,A32_B4_K8,852.5162531318833,703.7525656403732,A16_B2_K16,148.76368749151015,148.7634854914894,0.00020200002073798008
146.0,A32_B6_K14,847.3799626026301,703.8924595054232,A16_B2_K16,143.48750309720697,143.4873010971893,0.00020200001768827712
146.0,A32_B6_K12,851.8448101493519,703.8924595054232,A16_B2_K16,147.95235064392875,147.95214864391016,0.000202000018603188
146.0,A32_B6_K10,863.9010129939358,703.8924595054232,A16_B2_K16,160.00855348851258,160.00835148849367,0.0002020000189081583
146.0,A32_B6_K8,879.0675459755691,703.8924595054232,A16_B2_K16,175.17508647014597,175.17488447012522,0.00020200002073798008
146.0,A32_B4_K10,839.1093940752894,703.8924595054232,A16_B2_K16,135.21693456986623,135.21673256984732,0.0002020000189081583
146.0,A32_B4_K8,852.921870048687,703.8924595054232,A16_B2_K16,149.0294105432638,149.02920854324304,0.00020200002073798008
146.25,A32_B6_K14,847.6832476988159,704.0323533704732,A16_B2_K16,143.6508943283427,143.65069232832502,0.00020200001768827712
146.25,A32_B6_K12,852.190750770137,704.0323533704732,A16_B2_K16,148.15839739966384,148.15819539964525,0.000202000018603188
146.25,A32_B6_K10,864.3457284281656,704.0323533704732,A16_B2_K16,160.31337505769238,160.31317305767348,0.0002020000189081583
146.25,A32_B6_K8,879.5616882890877,704.0323533704732,A16_B2_K16,175.5293349186145,175.52913291859375,0.00020200002073798008
146.25,A32_B4_K10,839.4650338939488,704.0323533704732,A16_B2_K16,135.4326805234756,135.4324785234567,0.0002020000189081583
146.25,A32_B4_K8,853.3274869654906,704.0323533704732,A16_B2_K16,149.29513359501743,149.29493159499668,0.00020200002073798008
146.5,A32_B6_K14,847.9865327950017,704.1722472355233,A16_B2_K16,143.81428555947844,143.81408355946076,0.00020200001768827712
146.5,A32_B6_K12,852.5366913909222,704.1722472355233,A16_B2_K16,148.36444415539893,148.36424215538034,0.000202000018603188
146.5,A32_B6_K10,864.7904438623951,704.1722472355233,A16_B2_K16,160.61819662687185,160.61799462685295,0.0002020000189081583
146.5,A32_B6_K8,880.0529201859396,704.1722472355233,A16_B2_K16,175.88067295041628,175.88047095039553,0.00020200002073798008
146.5,A32_B4_K10,839.8206737126081,704.1722472355233,A16_B2_K16,135.64842647708485,135.64822447706595,0.0002020000189081583
146.5,A32_B4_K8,853.7331038822942,704.1722472355233,A16_B2_K16,149.56085664677096,149.5606546467502,0.00020200002073798008
146.75,A32_B6_K14,848.2898178911876,704.3121411005733,A16_B2_K16,143.97767679061428,143.9774747905966,0.00020200001768827712
146.75,A32_B6_K12,852.8826320117073,704.3121411005733,A16_B2_K16,148.57049091113402,148.57028891111543,0.000202000018603188
146.75,A32_B6_K10,865.2351592966248,704.3121411005733,A16_B2_K16,160.92301819605154,160.92281619603264,0.0002020000189081583
146.75,A32_B6_K8,880.5328486244581,704.3121411005733,A16_B2_K16,176.2207075238848,176.22050552386406,0.00020200002073798008
146.75,A32_B4_K10,840.1763135312675,704.3121411005733,A16_B2_K16,135.86417243069423,135.86397043067532,0.0002020000189081583
146.75,A32_B4_K8,854.1387207990978,704.3121411005733,A16_B2_K16,149.82657969852448,149.82637769850373,0.00020200002073798008
147.0,A32_B6_K14,848.5931029873734,704.4520349656233,A16_B2_K16,144.14106802175013,144.14086602173245,0.00020200001768827712
147.0,A32_B6_K12,853.2285726324925,704.4520349656233,A16_B2_K16,148.77653766686922,148.77633566685063,0.000202000018603188
147.0,A32_B6_K10,865.6798747308545,704.4520349656233,A16_B2_K16,161.22783976523124,161.22763776521234,0.0002020000189081583
147.0,A32_B6_K8,881.0127770629766,704.4520349656233,A16_B2_K16,176.56074209735334,176.5605400973326,0.00020200002073798008
147.0,A32_B4_K10,840.5319533499269,704.4520349656233,A16_B2_K16,136.0799183843036,136.0797163842847,0.0002020000189081583
147.0,A32_B4_K8,854.5443377159014,704.4520349656233,A16_B2_K16,150.09230275027812,150.09210075025737,0.00020200002073798008
147.25,A32_B6_K14,848.8963880835591,704.5919288306734,A16_B2_K16,144.30445925288575,144.30425725286807,0.00020200001768827712
147.25,A32_B6_K12,853.5745132532776,704.5919288306734,A16_B2_K16,148.9825844226042,148.9823824225856,0.000202000018603188
147.25,A32_B6_K10,866.1245901650841,704.5919288306734,A16_B2_K16,161.5326613344107,161.5324593343918,0.0002020000189081583
147.25,A32_B6_K8,881.4927055014952,704.5919288306734,A16_B2_K16,176.90077667082176,176.900574670801,0.00020200002073798008
147.25,A32_B4_K10,840.8875931685864,704.5919288306734,A16_B2_K16,136.29566433791297,136.29546233789407,0.0002020000189081583
147.25,A32_B4_K8,854.9499546327049,704.5919288306734,A16_B2_K16,150.35802580203153,150.35782380201078,0.00020200002073798008
147.5,A32_B6_K14,849.1999418555181,704.7318226957233,A16_B2_K16,144.4681191597948,144.46791715977713,0.00020200001768827712
147.5,A32_B6_K12,853.9204538740628,704.7318226957233,A16_B2_K16,149.1886311783395,149.18842917832092,0.000202000018603188
147.5,A32_B6_K10,866.5693055993138,704.7318226957233,A16_B2_K16,161.8374829035905,161.8372809035716,0.0002020000189081583
147.5,A32_B6_K8,881.9726339400137,704.7318226957233,A16_B2_K16,177.2408112442904,177.24060924426965,0.00020200002073798008
147.5,A32_B4_K10,841.2432329872457,704.7318226957233,A16_B2_K16,136.51141029152245,136.51120829150355,0.0002020000189081583
147.5,A32_B4_K8,855.3555715495087,704.7318226957233,A16_B2_K16,150.6237488537854,150.62354685376465,0.00020200002073798008
147.75,A32_B6_K14,849.5087977573612,704.8717165607734,A16_B2_K16,144.63708119658781,144.63687919657013,0.00020200001768827712
147.75,A32_B6_K12,854.2663944948479,704.8717165607734,A16_B2_K16,149.39467793407448,149.3944759340559,0.000202000018603188
147.75,A32_B6_K10,867.0140210335435,704.8717165607734,A16_B2_K16,162.1423044727701,162.1421024727512,0.0002020000189081583
147.75,A32_B6_K8,882.4525623785322,704.8717165607734,A16_B2_K16,177.5808458177588,177.58064381773806,0.00020200002073798008
147.75,A32_B4_K10,841.598872805905,704.8717165607734,A16_B2_K16,136.7271562451316,136.7269542451127,0.0002020000189081583
147.75,A32_B4_K8,855.7611884663121,704.8717165607734,A16_B2_K16,150.8894719055387,150.88926990551795,0.00020200002073798008
148.0,A32_B6_K14,849.8176536592042,705.0116104258234,A16_B2_K16,144.80604323338082,144.80584123336314,0.00020200001768827712
148.0,A32_B6_K12,854.612335115633,705.0116104258234,A16_B2_K16,149.60072468980957,149.60052268979098,0.000202000018603188
148.0,A32_B6_K10,867.4587364677732,705.0116104258234,A16_B2_K16,162.4471260419498,162.44692404193088,0.0002020000189081583
148.0,A32_B6_K8,882.9324908170507,705.0116104258234,A16_B2_K16,177.92088039122734,177.9206783912066,0.00020200002073798008
148.0,A32_B4_K10,841.9545126245645,705.0116104258234,A16_B2_K16,136.94290219874108,136.94270019872218,0.0002020000189081583
148.0,A32_B4_K8,856.1668053831157,705.0116104258234,A16_B2_K16,151.15519495729234,151.1549929572716,0.00020200002073798008
148.25,A32_B6_K14,850.1265095610474,705.1515042908735,A16_B2_K16,144.97500527017394,144.97480327015626,0.00020200001768827712
148.25,A32_B6_K12,854.958275736418,705.1515042908735,A16_B2_K16,149.80677144554454,149.80656944552595,0.000202000018603188
148.25,A32_B6_K10,867.9034519020029,705.1515042908735,A16_B2_K16,162.75194761112937,162.75174561111047,0.0002020000189081583
148.25,A32_B6_K8,883.4124192555694,705.1515042908735,A16_B2_K16,178.26091496469587,178.26071296467512,0.00020200002073798008
148.25,A32_B4_K10,842.3101524432238,705.1515042908735,A16_B2_K16,137.15864815235034,137.15844615233144,0.0002020000189081583
148.25,A32_B4_K8,856.5724222999194,705.1515042908735,A16_B2_K16,151.42091800904586,151.4207160090251,0.00020200002073798008
148.5,A32_B6_K14,850.4353654628904,705.2913981559234,A16_B2_K16,145.14396730696706,145.14376530694938,0.00020200001768827712
148.5,A32_B6_K12,855.3042163572034,705.2913981559234,A16_B2_K16,150.01281820127997,150.01261620126138,0.000202000018603188
148.5,A32_B6_K10,868.3481673362326,705.2913981559234,A16_B2_K16,163.05676918030917,163.05656718029027,0.0002020000189081583
148.5,A32_B6_K8,883.8923476940879,705.2913981559234,A16_B2_K16,178.6009495381645,178.60074753814376,0.00020200002073798008
148.5,A32_B4_K10,842.6657922618831,705.2913981559234,A16_B2_K16,137.3743941059597,137.3741921059408,0.0002020000189081583
148.5,A32_B4_K8,856.978039216723,705.2913981559234,A16_B2_K16,151.68664106079962,151.68643906077887,0.00020200002073798008
148.75,A32_B6_K14,850.7442213647336,705.4312920209734,A16_B2_K16,145.31292934376017,145.3127273437425,0.00020200001768827712
148.75,A32_B6_K12,855.6501569779884,705.4312920209734,A16_B2_K16,150.21886495701506,150.21866295699647,0.000202000018603188
148.75,A32_B6_K10,868.7928827704623,705.4312920209734,A16_B2_K16,163.36159074948887,163.36138874946997,0.0002020000189081583
148.75,A32_B6_K8,884.3722761326064,705.4312920209734,A16_B2_K16,178.94098411163304,178.9407821116123,0.00020200002073798008
148.75,A32_B4_K10,843.0214320805426,705.4312920209734,A16_B2_K16,137.5901400595692,137.5899380595503,0.0002020000189081583
148.75,A32_B4_K8,857.3836561335265,705.4312920209734,A16_B2_K16,151.95236411255314,151.9521621125324,0.00020200002073798008
149.0,A32_B6_K14,851.0530772665767,705.5711858860235,A16_B2_K16,145.48189138055318,145.4816893805355,0.00020200001768827712
149.0,A32_B6_K12,855.9960975987735,705.5711858860235,A16_B2_K16,150.42491171275003,150.42470971273082,0.0002020000192131286
149.0,A32_B6_K10,869.237598204692,705.5711858860235,A16_B2_K16,163.66641231866845,163.66621031864955,0.0002020000189081583
149.0,A32_B6_K8,884.8573091885901,705.5711858860235,A16_B2_K16,179.28612330256658,179.28592130254583,0.00020200002073798008
149.0,A32_B4_K10,843.3770718992018,705.5711858860235,A16_B2_K16,137.80588601317834,137.80568401315944,0.0002020000189081583
149.0,A32_B4_K8,857.7900006024712,705.5711858860235,A16_B2_K16,152.2188147164477,152.21861271642695,0.00020200002073798008
149.25,A32_B6_K14,851.3634649010207,705.7110797510734,A16_B2_K16,145.65238514994735,145.65218314992967,0.00020200001768827712
149.25,A32_B6_K12,856.3420382195587,705.7110797510734,A16_B2_K16,150.63095846848535,150.63075646846613,0.0002020000192131286
149.25,A32_B6_K10,869.6823136389216,705.7110797510734,A16_B2_K16,163.97123388784826,163.97103188782935,0.0002020000189081583
149.25,A32_B6_K8,885.3423559643118,705.7110797510734,A16_B2_K16,179.63127621323838,179.63107421321763,0.00020200002073798008
149.25,A32_B4_K10,843.7327117178613,705.7110797510734,A16_B2_K16,138.02163196678794,138.02142996676903,0.0002020000189081583
149.25,A32_B4_K8,858.1991720149831,705.7110797510734,A16_B2_K16,152.48809226390972,152.48789026388897,0.00020200002073798008
149.5,A32_B6_K14,851.6749745127803,705.8509736161234,A16_B2_K16,145.8240008966569,145.82379889663923,0.00020200001768827712
149.5,A32_B6_K12,856.6879788403438,705.8509736161234,A16_B2_K16,150.83700522422043,150.83680322420122,0.0002020000192131286
149.5,A32_B6_K10,870.1270892116302,705.8509736161234,A16_B2_K16,164.27611559550678,164.27591359548788,0.0002020000189081583
149.5,A32_B6_K8,885.8274027400334,705.8509736161234,A16_B2_K16,179.97642912391007,179.97622712388932,0.00020200002073798008
149.5,A32_B4_K10,844.0883515365206,705.8509736161234,A16_B2_K16,138.2373779203972,138.2371759203783,0.0002020000189081583
149.5,A32_B4_K8,858.6083434274949,705.8509736161234,A16_B2_K16,152.75736981137152,152.75716781135077,0.00020200002073798008
149.75,A32_B6_K14,851.9864841245399,705.9908674811734,A16_B2_K16,145.99561664336647,145.9954146433488,0.00020200001768827712
149.75,A32_B6_K12,857.033919461129,705.9908674811734,A16_B2_K16,151.04305197995564,151.04284997993642,0.0002020000192131286
149.75,A32_B6_K10,870.5779180552983,705.9908674811734,A16_B2_K16,164.58705057412487,164.58684857410597,0.0002020000189081583
149.75,A32_B6_K8,886.3124495157551,705.9908674811734,A16_B2_K16,180.32158203458175,180.321380034561,0.00020200002073798008
149.75,A32_B4_K10,844.4439913551801,705.9908674811734,A16_B2_K16,138.45312387400668,138.45292187398778,0.0002020000189081583
149.75,A32_B4_K8,859.0175148400068,705.9908674811734,A16_B2_K16,153.02664735883343,153.02644535881268,0.00020200002073798008
150.0,A32_B6_K14,852.2979937362993,706.1298290545567,A16_B2_K16,146.1681646817426,146.16796268172493,0.00020200001768827712
150.0,A32_B6_K12,857.379860081914,706.1298290545567,A16_B2_K16,151.2500310273573,151.24982902733808,0.0002020000192131286
150.0,A32_B6_K10,871.028815026662,706.1298290545567,A16_B2_K16,164.89898597210527,164.89878397208636,0.0002020000189081583
150.0,A32_B6_K8,886.7974962914769,706.1298290545567,A16_B2_K16,180.66766723692024,180.6674652368995,0.00020200002073798008
150.0,A32_B4_K10,844.7996311738395,706.1298290545567,A16_B2_K16,138.66980211928285,138.66960011926395,0.0002020000189081583
150.0,A32_B4_K8,859.4266862525186,706.1298290545567,A16_B2_K16,153.2968571979619,153.29665519794116,0.00020200002073798008
150.25,A32_B6_K14,852.6095033480588,706.2663977893984,A16_B2_K16,146.34310555866034,146.34290355864266,0.00020200001768827712
150.25,A32_B6_K12,857.7258007026992,706.2663977893984,A16_B2_K16,151.45940291330078,151.45920091328156,0.0002020000192131286
150.25,A32_B6_K10,871.4797119980256,706.2663977893984,A16_B2_K16,165.21331420862714,165.21311220860824,0.0002020000189081583
150.25,A32_B6_K8,887.2825430671987,706.2663977893984,A16_B2_K16,181.01614527780032,181.01594327777957,0.00020200002073798008
150.25,A32_B4_K10,845.1552709924989,706.2663977893984,A16_B2_K16,138.8888732031005,138.8886712030816,0.0002020000189081583
150.25,A32_B4_K8,859.8358576650304,706.2663977893984,A16_B2_K16,153.569459875632,153.56925787561124,0.00020200002073798008
150.5,A32_B6_K14,852.9210129598183,706.4029665242401,A16_B2_K16,146.51804643557819,146.5178444355605,0.00020200001768827712
150.5,A32_B6_K12,858.0717413234844,706.4029665242401,A16_B2_K16,151.66877479924426,151.66857279922505,0.0002020000192131286
150.5,A32_B6_K10,871.9306089693893,706.4029665242401,A16_B2_K16,165.52764244514913,165.52744044513022,0.0002020000189081583
150.5,A32_B6_K8,887.7675898429203,706.4029665242401,A16_B2_K16,181.36462331868017,181.36442131865942,0.00020200002073798008
150.5,A32_B4_K10,845.5109108111583,706.4029665242401,A16_B2_K16,139.10794428691815,139.10774228689925,0.0002020000189081583
150.5,A32_B4_K8,860.2450290775423,706.4029665242401,A16_B2_K16,153.84206255330218,153.84186055328144,0.00020200002073798008
150.75,A32_B6_K14,853.2325225715779,706.5395352590818,A16_B2_K16,146.69298731249603,146.69278531247835,0.00020200001768827712
150.75,A32_B6_K12,858.4176819442695,706.5395352590818,A16_B2_K16,151.87814668518763,151.87794468516842,0.0002020000192131286
150.75,A32_B6_K10,872.3815059407528,706.5395352590818,A16_B2_K16,165.841970681671,165.8417686816521,0.0002020000189081583
150.75,A32_B6_K8,888.252636618642,706.5395352590818,A16_B2_K16,181.71310135956014,181.7128993595394,0.00020200002073798008
150.75,A32_B4_K10,845.8665506298175,706.5395352590818,A16_B2_K16,139.3270153707357,139.3268133707168,0.0002020000189081583
150.75,A32_B4_K8,860.6542004900541,706.5395352590818,A16_B2_K16,154.11466523097226,154.11446323095151,0.00020200002073798008
151.0,A32_B6_K14,853.5440321833373,706.6761039939236,A16_B2_K16,146.86792818941376,146.86772618939546,0.0002020000182982177
151.0,A32_B6_K12,858.7636225650547,706.6761039939236,A16_B2_K16,152.0875185711311,152.0873165711113,0.0002020000198230692
151.0,A32_B6_K10,872.8324029121164,706.6761039939236,A16_B2_K16,166.15629891819287,166.15609691817335,0.0002020000195180989
151.0,A32_B6_K8,888.7376833943638,706.6761039939236,A16_B2_K16,182.06157940044022,182.06137740041888,0.00020200002134792067
151.0,A32_B4_K10,846.2221904484769,706.6761039939236,A16_B2_K16,139.54608645455335,139.54588445453382,0.0002020000195180989
151.0,A32_B4_K8,861.0633719025659,706.6761039939236,A16_B2_K16,154.38726790864234,154.387065908621,0.00020200002134792067
151.25,A32_B6_K14,853.8555417950969,706.8126727287652,A16_B2_K16,147.04286906633172,147.0426670663134,0.0002020000182982177
151.25,A32_B6_K12,859.1095631858398,706.8126727287652,A16_B2_K16,152.2968904570746,152.29668845705478,0.0002020000198230692
151.25,A32_B6_K10,873.2832998834801,706.8126727287652,A16_B2_K16,166.47062715471498,166.47042515469545,0.0002020000195180989
151.25,A32_B6_K8,889.2227301700855,706.8126727287652,A16_B2_K16,182.4100574413203,182.40985544129896,0.00020200002134792067
151.25,A32_B4_K10,846.5778302671363,706.8126727287652,A16_B2_K16,139.7651575383711,139.7649555383516,0.0002020000195180989
151.25,A32_B4_K8,861.4725433150778,706.8126727287652,A16_B2_K16,154.65987058631265,154.6596685862913,0.00020200002134792067
151.5,A32_B6_K14,854.1670514068563,706.9492414636068,A16_B2_K16,147.21780994324956,147.21760794323126,0.0002020000182982177
151.5,A32_B6_K12,859.4555038066248,706.9492414636068,A16_B2_K16,152.50626234301808,152.50606034299827,0.0002020000198230692
151.5,A32_B6_K10,873.7341968548437,706.9492414636068,A16_B2_K16,166.78495539123696,166.78475339121744,0.0002020000195180989
151.5,A32_B6_K8,889.7077769458072,706.9492414636068,A16_B2_K16,182.7585354822004,182.75833348217904,0.00020200002134792067
151.5,A32_B4_K10,846.9334700857956,706.9492414636068,A16_B2_K16,139.98422862218888,139.98402662216935,0.0002020000195180989
151.5,A32_B4_K8,861.8817147275897,706.9492414636068,A16_B2_K16,154.93247326398296,154.9322712639616,0.00020200002134792067
151.75,A32_B6_K14,854.4785610186158,707.0858101984486,A16_B2_K16,147.39275082016718,147.39254882014887,0.0002020000182982177
151.75,A32_B6_K12,859.8030891242335,707.0858101984486,A16_B2_K16,152.71727892578485,152.71707692576504,0.0002020000198230692
151.75,A32_B6_K10,874.1850938262073,707.0858101984486,A16_B2_K16,167.09928362775872,167.0990816277392,0.0002020000195180989
151.75,A32_B6_K8,890.1985940321168,707.0858101984486,A16_B2_K16,183.11278383366823,183.11258183364689,0.00020200002134792067
151.75,A32_B4_K10,847.2891099044551,707.0858101984486,A16_B2_K16,140.20329970600653,140.203097705987,0.0002020000195180989
151.75,A32_B4_K8,862.2908861401015,707.0858101984486,A16_B2_K16,155.20507594165292,155.20487394163158,0.00020200002134792067
152.0,A32_B6_K14,854.7900706303752,707.2223789332902,A16_B2_K16,147.56769169708502,147.56748969706672,0.0002020000182982177
152.0,A32_B6_K12,860.1522994232243,707.2223789332902,A16_B2_K16,152.92992048993415,152.92971848991434,0.0002020000198230692
152.0,A32_B6_K10,874.6359907975709,707.2223789332902,A16_B2_K16,167.4136118642807,167.41340986426118,0.0002020000195180989
152.0,A32_B6_K8,890.6932473318172,707.2223789332902,A16_B2_K16,183.47086839852705,183.4706663985057,0.00020200002134792067
152.0,A32_B4_K10,847.6447497231144,707.2223789332902,A16_B2_K16,140.42237078982419,140.42216878980466,0.0002020000195180989
152.0,A32_B4_K8,862.7000575526133,707.2223789332902,A16_B2_K16,155.47767861932311,155.47747661930177,0.00020200002134792067
152.25,A32_B6_K14,855.1015802421347,707.3589476681319,A16_B2_K16,147.74263257400276,147.74243057398445,0.0002020000182982177
152.25,A32_B6_K12,860.5015097222152,707.3589476681319,A16_B2_K16,153.14256205408333,153.1423600540638,0.0002020000195180989
152.25,A32_B6_K10,875.0868877689345,707.3589476681319,A16_B2_K16,167.72794010080258,167.72773810078306,0.0002020000195180989
152.25,A32_B6_K8,891.1879006315178,707.3589476681319,A16_B2_K16,183.82895296338586,183.8287509633645,0.00020200002134792067
152.25,A32_B4_K10,848.0003895417738,707.3589476681319,A16_B2_K16,140.64144187364184,140.6412398736223,0.0002020000195180989
152.25,A32_B4_K8,863.1092289651252,707.3589476681319,A16_B2_K16,155.7502812969933,155.75007929697196,0.00020200002134792067
152.5,A32_B6_K14,855.4130898538942,707.4955164029736,A16_B2_K16,147.9175734509206,147.9173714509023,0.0002020000182982177
152.5,A32_B6_K12,860.8507200212063,707.4955164029736,A16_B2_K16,153.35520361823262,153.3550016182131,0.0002020000195180989
152.5,A32_B6_K10,875.5377847402983,707.4955164029736,A16_B2_K16,168.04226833732469,168.04206633730516,0.0002020000195180989
152.5,A32_B6_K8,891.6825539312181,707.4955164029736,A16_B2_K16,184.18703752824445,184.1868355282231,0.00020200002134792067
152.5,A32_B4_K10,848.3560293604332,707.4955164029736,A16_B2_K16,140.8605129574596,140.86031095744008,0.0002020000195180989
152.5,A32_B4_K8,863.5184003776371,707.4955164029736,A16_B2_K16,156.0228839746635,156.02268197464215,0.00020200002134792067
152.75,A32_B6_K14,855.7245994656538,707.6320851378152,A16_B2_K16,148.09251432783856,148.09231232782025,0.0002020000182982177
152.75,A32_B6_K12,861.1999303201972,707.6320851378152,A16_B2_K16,153.56784518238192,153.5676431823624,0.0002020000195180989
152.75,A32_B6_K10,875.9886817116618,707.6320851378152,A16_B2_K16,168.35659657384656,168.35639457382703,0.0002020000195180989
152.75,A32_B6_K8,892.1772072309185,707.6320851378152,A16_B2_K16,184.54512209310326,184.5449200930819,0.00020200002134792067
152.75,A32_B4_K10,848.7116691790926,707.6320851378152,A16_B2_K16,141.07958404127737,141.07938204125784,0.0002020000195180989
152.75,A32_B4_K8,863.9275717901489,707.6320851378152,A16_B2_K16,156.2954866523337,156.29528465231235,0.00020200002134792067
153.0,A32_B6_K14,856.0361090774132,707.768653872657,A16_B2_K16,148.2674552047563,148.26725320473798,0.0002020000182982177
153.0,A32_B6_K12,861.5491406191882,707.768653872657,A16_B2_K16,153.7804867465312,153.78028474651168,0.0002020000195180989
153.0,A32_B6_K10,876.4395786830255,707.768653872657,A16_B2_K16,168.67092481036855,168.67072281034902,0.0002020000195180989
153.0,A32_B6_K8,892.6727249900102,707.768653872657,A16_B2_K16,184.90407111735328,184.90386911733194,0.00020200002134792067
153.0,A32_B4_K10,849.067308997752,707.768653872657,A16_B2_K16,141.29865512509502,141.2984531250755,0.0002020000195180989
153.0,A32_B4_K8,864.3367432026608,707.768653872657,A16_B2_K16,156.5680893300039,156.56788732998254,0.00020200002134792067
153.25,A32_B6_K14,856.3476186891728,707.9052226074987,A16_B2_K16,148.44239608167413,148.44219408165583,0.0002020000182982177
153.25,A32_B6_K12,861.898350918179,707.9052226074987,A16_B2_K16,153.99312831068028,153.99292631066075,0.0002020000195180989
153.25,A32_B6_K10,876.8904756543891,707.9052226074987,A16_B2_K16,168.98525304689042,168.9850510468709,0.0002020000195180989
153.25,A32_B6_K8,893.1689144715295,707.9052226074987,A16_B2_K16,185.26369186403087,185.26348986400953,0.00020200002134792067
153.25,A32_B4_K10,849.4229488164113,707.9052226074987,A16_B2_K16,141.51772620891268,141.51752420889315,0.0002020000195180989
153.25,A32_B4_K8,864.7459146151725,707.9052226074987,A16_B2_K16,156.84069200767385,156.8404900076525,0.00020200002134792067
153.5,A32_B6_K14,856.6574336212448,708.0417913423404,A16_B2_K16,148.61564227890437,148.61544027888607,0.0002020000182982177
153.5,A32_B6_K12,862.2441718577949,708.0417913423404,A16_B2_K16,154.20238051545448,154.20217851543495,0.0002020000195180989
153.5,A32_B6_K10,877.3345939070026,708.0417913423404,A16_B2_K16,169.29280256466222,169.2926005646427,0.0002020000195180989
153.5,A32_B6_K8,893.6634092733611,708.0417913423404,A16_B2_K16,185.62161793102075,185.6214159309994,0.00020200002134792067
153.5,A32_B4_K10,849.7766129036672,708.0417913423404,A16_B2_K16,141.73482156132684,141.7346195613073,0.0002020000195180989
153.5,A32_B4_K8,865.1533913479971,708.0417913423404,A16_B2_K16,157.11160000565667,157.11139800563532,0.00020200002134792067
153.75,A32_B6_K14,856.9657784738896,708.178360077182,A16_B2_K16,148.7874183967076,148.7872163966893,0.0002020000182982177
153.75,A32_B6_K12,862.5870526385567,708.178360077182,A16_B2_K16,154.40869256137466,154.40849056135514,0.0002020000195180989
153.75,A32_B6_K10,877.772831841908,708.178360077182,A16_B2_K16,169.594471764726,169.59426976470647,0.0002020000195180989
153.75,A32_B6_K8,894.1564339957657,708.178360077182,A16_B2_K16,185.97807391858373,185.97787191856239,0.00020200002134792067
153.75,A32_B4_K10,850.1283826022575,708.178360077182,A16_B2_K16,141.9500225250755,141.94982052505597,0.0002020000195180989
153.75,A32_B4_K8,865.5593980013942,708.178360077182,A16_B2_K16,157.38103792421225,157.3808359241909,0.00020200002134792067
154.0,A32_B6_K14,857.2741233265345,708.3149288120236,A16_B2_K16,148.95919451451095,148.95899251449265,0.0002020000182982177
154.0,A32_B6_K12,862.9299334193184,708.3149288120236,A16_B2_K16,154.61500460729485,154.61480260727532,0.0002020000195180989
154.0,A32_B6_K10,878.2110697768132,708.3149288120236,A16_B2_K16,169.89614096478965,169.89593896477012,0.0002020000195180989
154.0,A32_B6_K8,894.6494587181702,708.3149288120236,A16_B2_K16,186.3345299061466,186.33432790612525,0.00020200002134792067
154.0,A32_B4_K10,850.4801523008479,708.3149288120236,A16_B2_K16,142.16522348882427,142.16502148880474,0.0002020000195180989
154.0,A32_B4_K8,865.9654046547915,708.3149288120236,A16_B2_K16,157.65047584276795,157.6502738427466,0.00020200002134792067
154.25,A32_B6_K14,857.5824681791795,708.4514975468654,A16_B2_K16,149.13097063231407,149.13076863229577,0.0002020000182982177
154.25,A32_B6_K12,863.2728142000801,708.4514975468654,A16_B2_K16,154.8213166532147,154.82111465319517,0.0002020000195180989
154.25,A32_B6_K10,878.6493077117186,708.4514975468654,A16_B2_K16,170.1978101648532,170.19760816483367,0.0002020000195180989
154.25,A32_B6_K8,895.1424834405748,708.4514975468654,A16_B2_K16,186.69098589370935,186.690783893688,0.00020200002134792067
154.25,A32_B4_K10,850.8319219994381,708.4514975468654,A16_B2_K16,142.3804244525727,142.38022245255317,0.0002020000195180989
154.25,A32_B4_K8,866.3714113081887,708.4514975468654,A16_B2_K16,157.9199137613233,157.91971176130195,0.00020200002134792067
154.5,A32_B6_K14,857.8908130318243,708.588066281707,A16_B2_K16,149.3027467501173,149.302544750099,0.0002020000182982177
154.5,A32_B6_K12,863.6156949808419,708.588066281707,A16_B2_K16,155.02762869913488,155.02742669911535,0.0002020000195180989
154.5,A32_B6_K10,879.0875456466239,708.588066281707,A16_B2_K16,170.49947936491685,170.49927736489732,0.0002020000195180989
154.5,A32_B6_K8,895.6355081629794,708.588066281707,A16_B2_K16,187.04744188127233,187.047239881251,0.00020200002134792067
154.5,A32_B4_K10,851.1836916980285,708.588066281707,A16_B2_K16,142.59562541632147,142.59542341630194,0.0002020000195180989
154.5,A32_B4_K8,866.7782252597428,708.588066281707,A16_B2_K16,158.1901589780358,158.18995697801446,0.00020200002134792067
154.75,A32_B6_K14,858.1991578844693,708.7246350165486,A16_B2_K16,149.47452286792065,149.47432086790235,0.0002020000182982177
154.75,A32_B6_K12,863.9585757616037,708.7246350165486,A16_B2_K16,155.23394074505507,155.23373874503554,0.0002020000195180989
154.75,A32_B6_K10,879.5310564451688,708.7246350165486,A16_B2_K16,170.80642142862018,170.80621942860066,0.0002020000195180989
154.75,A32_B6_K8,896.1286566727446,708.7246350165486,A16_B2_K16,187.40402165619594,187.4038196561746,0.00020200002134792067
154.75,A32_B4_K10,851.5354613966189,708.7246350165486,A16_B2_K16,142.81082638007024,142.8106243800507,0.0002020000195180989
154.75,A32_B4_K8,867.1869216096482,708.7246350165486,A16_B2_K16,158.46228659309952,158.46208459307817,0.00020200002134792067
155.0,A32_B6_K14,858.5075027371144,708.8612037513903,A16_B2_K16,149.646298985724,149.6460969857057,0.0002020000182982177
155.0,A32_B6_K12,864.3014565423655,708.8612037513903,A16_B2_K16,155.44025279097514,155.4400507909556,0.0002020000195180989
155.0,A32_B6_K10,879.9794036047746,708.8612037513903,A16_B2_K16,171.11819985338423,171.1179978533647,0.0002020000195180989
155.0,A32_B6_K8,896.6227386771275,708.8612037513903,A16_B2_K16,187.76153492573712,187.76133292571578,0.00020200002134792067
155.0,A32_B4_K10,851.8872310952091,708.8612037513903,A16_B2_K16,143.02602734381878,143.02582534379926,0.0002020000195180989
155.0,A32_B4_K8,867.5976170270505,708.8612037513903,A16_B2_K16,158.7364132756602,158.73621127563885,0.00020200002134792067
155.25,A32_B6_K14,858.8185929898166,708.9977724862321,A16_B2_K16,149.8208205035845,149.8206185035662,0.0002020000182982177
155.25,A32_B6_K12,864.6443741938676,708.9977724862321,A16_B2_K16,155.64660170763557,155.64639970761604,0.0002020000195180989
155.25,A32_B6_K10,880.4143488568284,708.9977724862321,A16_B2_K16,171.41657637059632,171.4163743705768,0.0002020000195180989
155.25,A32_B6_K8,897.1141402999999,708.9977724862321,A16_B2_K16,188.11636781376785,188.1161658137465,0.00020200002134792067
155.25,A32_B4_K10,852.2390007937994,708.9977724862321,A16_B2_K16,143.24122830756733,143.2410263075478,0.0002020000195180989
155.25,A32_B4_K8,868.0111457581254,708.9977724862321,A16_B2_K16,159.01337327189333,159.01317127187198,0.00020200002134792067
155.5,A32_B6_K14,859.1319285699242,709.1343412210738,A16_B2_K16,149.9975873488504,149.9973853488321,0.0002020000182982177
155.5,A32_B6_K12,864.9936589860044,709.1343412210738,A16_B2_K16,155.85931776493067,155.85911576491114,0.0002020000195180989
155.5,A32_B6_K10,880.8456121036738,709.1343412210738,A16_B2_K16,171.71127088260005,171.71106888258052,0.0002020000195180989
155.5,A32_B6_K8,897.6048055218309,709.1343412210738,A16_B2_K16,188.47046430075716,188.4702623007358,0.00020200002134792067
155.5,A32_B4_K10,852.5907704923897,709.1343412210738,A16_B2_K16,143.45642927131587,143.45622727129634,0.0002020000195180989
155.5,A32_B4_K8,868.4246744892002,709.1343412210738,A16_B2_K16,159.29033326812646,159.2901312681051,0.00020200002134792067
155.75,A32_B6_K14,859.4452641500319,709.2709099559154,A16_B2_K16,150.17435419411652,150.1741521940982,0.0002020000182982177
155.75,A32_B6_K12,865.3429437781411,709.2709099559154,A16_B2_K16,156.07203382222576,156.07183182220624,0.0002020000195180989
155.75,A32_B6_K10,881.2768753505194,709.2709099559154,A16_B2_K16,172.005965394604,172.00576339458448,0.0002020000195180989
155.75,A32_B6_K8,898.0954707436618,709.2709099559154,A16_B2_K16,188.82456078774646,188.82435878772512,0.00020200002134792067
155.75,A32_B4_K10,852.94254019098,709.2709099559154,A16_B2_K16,143.67163023506464,143.6714282350451,0.0002020000195180989
155.75,A32_B4_K8,868.838203220275,709.2709099559154,A16_B2_K16,159.5672932643596,159.56709126433825,0.00020200002134792067
156.0,A32_B6_K14,859.7585997301396,709.4074786907572,A16_B2_K16,150.3511210393824,150.3509190393641,0.0002020000182982177
156.0,A32_B6_K12,865.6922285702778,709.4074786907572,A16_B2_K16,156.28474987952063,156.2845478795011,0.0002020000195180989
156.0,A32_B6_K10,881.7081385973647,709.4074786907572,A16_B2_K16,172.3006599066075,172.30045790658798,0.0002020000195180989
156.0,A32_B6_K8,898.5861359654926,709.4074786907572,A16_B2_K16,189.17865727473543,189.17845527471408,0.00020200002134792067
156.0,A32_B4_K10,853.2943098895703,709.4074786907572,A16_B2_K16,143.88683119881307,143.88662919879354,0.0002020000195180989
156.0,A32_B4_K8,869.2517319513499,709.4074786907572,A16_B2_K16,159.84425326059272,159.84405126057138,0.00020200002134792067
156.25,A32_B6_K14,860.0719353102472,709.5440474255988,A16_B2_K16,150.5278878846484,150.5276858846301,0.0002020000182982177
156.25,A32_B6_K12,866.0440494529662,709.5440474255988,A16_B2_K16,156.50000202736737,156.49980002734785,0.0002020000195180989
156.25,A32_B6_K10,882.1394018442104,709.5440474255988,A16_B2_K16,172.59535441861158,172.59515241859205,0.0002020000195180989
156.25,A32_B6_K8,899.0768011873236,709.5440474255988,A16_B2_K16,189.53275376172473,189.5325517617034,0.00020200002134792067
156.25,A32_B4_K10,853.6460795881605,709.5440474255988,A16_B2_K16,144.10203216256173,144.1018301625422,0.0002020000195180989
156.25,A32_B4_K8,869.6652606824246,709.5440474255988,A16_B2_K16,160.12121325682574,160.1210112568044,0.00020200002134792067
156.5,A32_B6_K14,860.3852708903548,709.6806161604404,A16_B2_K16,150.7046547299144,150.7044527298961,0.0002020000182982177
156.5,A32_B6_K12,866.3970974195934,709.6806161604404,A16_B2_K16,156.71648125915294,156.71627925913342,0.0002020000195180989
156.5,A32_B6_K10,882.544275278959,709.6806161604404,A16_B2_K16,172.86365911851863,172.8634571184991,0.0002020000195180989
156.5,A32_B6_K8,899.5611461200921,709.6806161604404,A16_B2_K16,189.88052995965165,189.8803279596303,0.00020200002134792067
156.5,A32_B4_K10,853.9981889390076,709.6806161604404,A16_B2_K16,144.31757277856718,144.31737077854766,0.0002020000195180989
156.5,A32_B4_K8,870.0787894134993,709.6806161604404,A16_B2_K16,160.39817325305887,160.39797125303753,0.00020200002134792067
156.75,A32_B6_K14,860.6986064704626,709.8171848952823,A16_B2_K16,150.8814215751803,150.881219575162,0.0002020000182982177
156.75,A32_B6_K12,866.7501453862202,709.8171848952823,A16_B2_K16,156.93296049093794,156.93275849091842,0.0002020000195180989
156.75,A32_B6_K10,882.9468601909374,709.8171848952823,A16_B2_K16,173.12967529565515,173.12947329563562,0.0002020000195180989
156.75,A32_B6_K8,900.0449429578084,709.8171848952823,A16_B2_K16,190.22775806252616,190.22755606250482,0.00020200002134792067
156.75,A32_B4_K10,854.3506078697825,709.8171848952823,A16_B2_K16,144.53342297450024,144.5332209744807,0.0002020000195180989
156.75,A32_B4_K8,870.4923181445743,709.8171848952823,A16_B2_K16,160.675133249292,160.67493124927066,0.00020200002134792067
157.0,A32_B6_K14,861.0119420505703,709.9537536301239,A16_B2_K16,151.0581884204464,151.0579864204281,0.0002020000182982177
157.0,A32_B6_K12,867.1031933528471,709.9537536301239,A16_B2_K16,157.1494397227233,157.14923772270376,0.0002020000195180989
157.0,A32_B6_K10,883.3494451029158,709.9537536301239,A16_B2_K16,173.3956914727919,173.39548947277237,0.0002020000195180989
157.0,A32_B6_K8,900.5287397955246,709.9537536301239,A16_B2_K16,190.5749861654008,190.57478416537944,0.00020200002134792067
157.0,A32_B4_K10,854.7030268005574,709.9537536301239,A16_B2_K16,144.74927317043353,144.749071170414,0.0002020000195180989
157.0,A32_B4_K8,870.9058468756488,709.9537536301239,A16_B2_K16,160.9520932455249,160.95189124550356,0.00020200002134792067
157.25,A32_B6_K14,861.3252776306779,710.0903223649655,A16_B2_K16,151.23495526571241,151.2347532656941,0.0002020000182982177
157.25,A32_B6_K12,867.4562413194743,710.0903223649655,A16_B2_K16,157.36591895450886,157.36571695448933,0.0002020000195180989
157.25,A32_B6_K10,883.752030014894,710.0903223649655,A16_B2_K16,173.66170764992853,173.661505649909,0.0002020000195180989
157.25,A32_B6_K8,901.0125366332409,710.0903223649655,A16_B2_K16,190.9222142682754,190.92201226825406,0.00020200002134792067
157.25,A32_B4_K10,855.0554457313324,710.0903223649655,A16_B2_K16,144.96512336636692,144.9649213663474,0.0002020000195180989
157.25,A32_B4_K8,871.3193756067237,710.0903223649655,A16_B2_K16,161.22905324175827,161.22885124173692,0.00020200002134792067
157.5,A32_B6_K14,861.6386132107855,710.2268910998072,A16_B2_K16,151.4117221109783,151.41152011096,0.0002020000182982177
157.5,A32_B6_K12,867.8049588694345,710.2268910998072,A16_B2_K16,157.5780677696273,157.57786576960777,0.0002020000195180989
157.5,A32_B6_K10,884.1546149268723,710.2268910998072,A16_B2_K16,173.92772382706517,173.92752182704564,0.0002020000195180989
157.5,A32_B6_K8,901.4967562919893,710.2268910998072,A16_B2_K16,191.26986519218212,191.26966319216078,0.00020200002134792067
157.5,A32_B4_K10,855.4078646621074,710.2268910998072,A16_B2_K16,145.1809735623002,145.18077156228068,0.0002020000195180989
157.5,A32_B4_K8,871.7329043377985,710.2268910998072,A16_B2_K16,161.50601323799128,161.50581123796994,0.00020200002134792067
157.75,A32_B6_K14,861.9519487908932,710.3634598346489,A16_B2_K16,151.5884889562443,151.588286956226,0.0002020000182982177
157.75,A32_B6_K12,868.153898778481,710.3634598346489,A16_B2_K16,157.7904389438321,157.79023694381257,0.0002020000195180989
157.75,A32_B6_K10,884.5571998388507,710.3634598346489,A16_B2_K16,174.1937400042018,174.19353800418227,0.0002020000195180989
157.75,A32_B6_K8,901.9830311376529,710.3634598346489,A16_B2_K16,191.61957130300402,191.61936930298268,0.00020200002134792067
157.75,A32_B4_K10,855.7602835928823,710.3634598346489,A16_B2_K16,145.39682375823338,145.39662175821385,0.0002020000195180989
157.75,A32_B4_K8,872.1464330688733,710.3634598346489,A16_B2_K16,161.78297323422441,161.78277123420307,0.00020200002134792067
158.0,A32_B6_K14,862.2637472355842,710.5000285694905,A16_B2_K16,151.76371866609372,151.76351666607542,0.0002020000182982177
158.0,A32_B6_K12,868.5040219213822,710.5000285694905,A16_B2_K16,158.00399335189172,158.0037913518722,0.0002020000195180989
158.0,A32_B6_K10,884.9582476154123,710.5000285694905,A16_B2_K16,174.45821904592185,174.45801704590232,0.0002020000195180989
158.0,A32_B6_K8,902.4677688478997,710.5000285694905,A16_B2_K16,191.96774027840922,191.96753827838788,0.00020200002134792067
158.0,A32_B4_K10,856.1111653882406,710.5000285694905,A16_B2_K16,145.61113681875008,145.61093481873056,0.0002020000195180989
158.0,A32_B4_K8,872.5584246645312,710.5000285694905,A16_B2_K16,162.05839609504073,162.0581940950194,0.00020200002134792067
158.25,A32_B6_K14,862.570346832619,710.6365973043322,A16_B2_K16,151.93374952828674,151.93354752826843,0.0002020000182982177
158.25,A32_B6_K12,868.8489462166273,710.6365973043322,A16_B2_K16,158.21234891229506,158.21214691227553,0.0002020000195180989
158.25,A32_B6_K10,885.3540965443177,710.6365973043322,A16_B2_K16,174.7174992399855,174.71729723996597,0.0002020000195180989
158.25,A32_B6_K8,902.9473077104903,710.6365973043322,A16_B2_K16,192.31071040615814,192.3105084061368,0.00020200002134792067
158.25,A32_B4_K10,856.4568483359426,710.6365973043322,A16_B2_K16,145.82025103161038,145.82004903159086,0.0002020000195180989
158.25,A32_B4_K8,872.9652174125331,710.6365973043322,A16_B2_K16,162.32862010820088,162.32841810817953,0.00020200002134792067
158.5,A32_B6_K14,862.8801125905491,710.7731660391739,A16_B2_K16,152.10694655137513,152.10674455135683,0.0002020000182982177
158.5,A32_B6_K12,869.1938705118723,710.7731660391739,A16_B2_K16,158.4207044726984,158.42050247267886,0.0002020000195180989
158.5,A32_B6_K10,885.7499454732231,710.7731660391739,A16_B2_K16,174.97677943404915,174.97657743402962,0.0002020000195180989
158.5,A32_B6_K8,903.4276096108849,710.7731660391739,A16_B2_K16,192.654443571711,192.65424157168965,0.00020200002134792067
158.5,A32_B4_K10,856.8025312836445,710.7731660391739,A16_B2_K16,146.02936524447057,146.02916324445104,0.0002020000195180989
158.5,A32_B4_K8,873.3720101605351,710.7731660391739,A16_B2_K16,162.59884412136114,162.5986421213398,0.00020200002134792067
158.75,A32_B6_K14,863.1900870259486,710.9097347740155,A16_B2_K16,152.2803522519331,152.2801502519148,0.0002020000182982177
158.75,A32_B6_K12,869.5387948071173,710.9097347740155,A16_B2_K16,158.62906003310172,158.6288580330822,0.0002020000195180989
158.75,A32_B6_K10,886.1457944021286,710.9097347740155,A16_B2_K16,175.23605962811303,175.2358576280935,0.0002020000195180989
158.75,A32_B6_K8,903.9080510254242,710.9097347740155,A16_B2_K16,192.9983162514087,192.99811425138736,0.00020200002134792067
158.75,A32_B4_K10,857.1482142313465,710.9097347740155,A16_B2_K16,146.23847945733098,146.23827745731145,0.0002020000195180989
158.75,A32_B4_K8,873.778802908537,710.9097347740155,A16_B2_K16,162.8690681345215,162.86886613450017,0.00020200002134792067
159.0,A32_B6_K14,863.5000614613483,711.0463035088572,A16_B2_K16,152.45375795249106,152.45355595247275,0.0002020000182982177
159.0,A32_B6_K12,869.8837191023623,711.0463035088572,A16_B2_K16,158.83741559350506,158.83721359348553,0.0002020000195180989
159.0,A32_B6_K10,886.5416433310338,711.0463035088572,A16_B2_K16,175.49533982217656,175.49513782215703,0.0002020000195180989
159.0,A32_B6_K8,904.3884924399634,711.0463035088572,A16_B2_K16,193.3421889311062,193.34198693108485,0.00020200002134792067
159.0,A32_B4_K10,857.4938971790485,711.0463035088572,A16_B2_K16,146.44759367019128,146.44739167017175,0.0002020000195180989
159.0,A32_B4_K8,874.1855956565387,711.0463035088572,A16_B2_K16,163.13929214768143,163.13909014766008,0.00020200002134792067
159.25,A32_B6_K14,863.810035896748,711.182872243699,A16_B2_K16,152.62716365304902,152.62696165303072,0.0002020000182982177
159.25,A32_B6_K12,870.2286433976074,711.182872243699,A16_B2_K16,159.0457711539084,159.04556915388886,0.0002020000195180989
159.25,A32_B6_K10,886.9374922599394,711.182872243699,A16_B2_K16,175.75462001624044,175.7544180162209,0.0002020000195180989
159.25,A32_B6_K8,904.8689338545028,711.182872243699,A16_B2_K16,193.6860616108038,193.68585961078244,0.00020200002134792067
159.25,A32_B4_K10,857.8395801267505,711.182872243699,A16_B2_K16,146.65670788305158,146.65650588303205,0.0002020000195180989
159.25,A32_B4_K8,874.5923884045407,711.182872243699,A16_B2_K16,163.4095161608417,163.40931416082034,0.00020200002134792067
159.5,A32_B6_K14,864.1200103321476,711.3194409785407,A16_B2_K16,152.80056935360687,152.80036735358857,0.0002020000182982177
159.5,A32_B6_K12,870.5735676928525,711.3194409785407,A16_B2_K16,159.25412671431184,159.2539247142923,0.0002020000195180989
159.5,A32_B6_K10,887.3333411888447,711.3194409785407,A16_B2_K16,176.01390021030397,176.01369821028445,0.0002020000195180989
159.5,A32_B6_K8,905.349375269042,711.3194409785407,A16_B2_K16,194.02993429050127,194.02973229047993,0.00020200002134792067
159.5,A32_B4_K10,858.1852630744528,711.3194409785407,A16_B2_K16,146.8658220959121,146.86562009589258,0.0002020000195180989
159.5,A32_B4_K8,874.9991811525424,711.3194409785407,A16_B2_K16,163.67974017400172,163.67953817398038,0.00020200002134792067
159.75,A32_B6_K14,864.4299847675472,711.4560097133823,A16_B2_K16,152.97397505416495,152.97377305414665,0.0002020000182982177
159.75,A32_B6_K12,870.9184919880975,711.4560097133823,A16_B2_K16,159.46248227471517,159.46228027469564,0.0002020000195180989
159.75,A32_B6_K10,887.7291901177501,711.4560097133823,A16_B2_K16,176.27318040436785,176.27297840434832,0.0002020000195180989
159.75,A32_B6_K8,905.8298166835812,711.4560097133823,A16_B2_K16,194.37380697019887,194.37360497017752,0.00020200002134792067
159.75,A32_B4_K10,858.5309460221546,711.4560097133823,A16_B2_K16,147.0749363087723,147.07473430875277,0.0002020000195180989
159.75,A32_B4_K8,875.4059739005444,711.4560097133823,A16_B2_K16,163.9499641871621,163.94976218714075,0.00020200002134792067
160.0,A32_B6_K14,864.7399592029469,711.592578448224,A16_B2_K16,153.14738075472292,153.1471787547046,0.0002020000182982177
160.0,A32_B6_K12,871.2634162833424,711.592578448224,A16_B2_K16,159.6708378351184,159.67063583509886,0.0002020000195180989
160.0,A32_B6_K10,888.1250390466554,711.592578448224,A16_B2_K16,176.53246059843138,176.53225859841186,0.0002020000195180989
160.0,A32_B6_K8,906.3102580981204,711.592578448224,A16_B2_K16,194.71767964989635,194.717477649875,0.00020200002134792067
160.0,A32_B4_K10,858.8766289698565,711.592578448224,A16_B2_K16,147.28405052163248,147.28384852161295,0.0002020000195180989
160.0,A32_B4_K8,875.8127666485461,711.592578448224,A16_B2_K16,164.22018820032213,164.21998620030078,0.00020200002134792067
160.25,A32_B6_K14,865.0499336383466,711.7291471830656,A16_B2_K16,153.320786455281,153.3205844552627,0.0002020000182982177
160.25,A32_B6_K12,871.609634604892,711.7291471830656,A16_B2_K16,159.8804874218264,159.88028542180686,0.0002020000195180989
160.25,A32_B6_K10,888.5208879755608,711.7291471830656,A16_B2_K16,176.79174079249515,176.79153879247562,0.0002020000195180989
160.25,A32_B6_K8,906.7922278659285,711.7291471830656,A16_B2_K16,195.06308068286285,195.0628786828415,0.00020200002134792067
160.25,A32_B4_K10,859.2223119175585,711.7291471830656,A16_B2_K16,147.4931647344929,147.49296273447337,0.0002020000195180989
160.25,A32_B4_K8,876.219559396548,711.7291471830656,A16_B2_K16,164.4904122134824,164.49021021346104,0.00020200002134792067
160.5,A32_B6_K14,865.3599080737463,711.8657159179073,A16_B2_K16,153.49419215583896,153.49399015582065,0.0002020000182982177
160.5,A32_B6_K12,871.956014280767,711.8657159179073,A16_B2_K16,160.0902983628597,160.09009636284017,0.0002020000195180989
160.5,A32_B6_K10,888.9167369044662,711.8657159179073,A16_B2_K16,177.0510209865589,177.05081898653938,0.0002020000195180989
160.5,A32_B6_K8,907.276098473566,711.8657159179073,A16_B2_K16,195.41038255565866,195.4101805556373,0.00020200002134792067
160.5,A32_B4_K10,859.5679948652607,711.8657159179073,A16_B2_K16,147.70227894735342,147.7020769473339,0.0002020000195180989
160.5,A32_B4_K8,876.6263521445499,711.8657159179073,A16_B2_K16,164.76063622664253,164.7604342266212,0.00020200002134792067
160.75,A32_B6_K14,865.669882509146,712.002284652749,A16_B2_K16,153.66759785639692,153.66739585637862,0.0002020000182982177
160.75,A32_B6_K12,872.3023939566422,712.002284652749,A16_B2_K16,160.30010930389312,160.2999073038736,0.0002020000195180989
160.75,A32_B6_K10,889.2931559635799,712.002284652749,A16_B2_K16,177.29087131083088,177.29066931081135,0.0002020000195180989
160.75,A32_B6_K8,907.7560831072451,712.002284652749,A16_B2_K16,195.75379845449606,195.75359645447472,0.00020200002134792067
160.75,A32_B4_K10,859.8981339171294,712.002284652749,A16_B2_K16,147.89584926438033,147.8956472643608,0.0002020000195180989
160.75,A32_B4_K8,877.0292589185934,712.002284652749,A16_B2_K16,165.0269742658444,165.02677226582304,0.00020200002134792067
161.0,A32_B6_K14,865.9798569445455,712.1388533875906,A16_B2_K16,153.8410035569549,153.84080155693658,0.0002020000182982177
161.0,A32_B6_K12,872.6487736325173,712.1388533875906,A16_B2_K16,160.50992024492666,160.50971824490713,0.0002020000195180989
161.0,A32_B6_K10,889.660231324777,712.1388533875906,A16_B2_K16,177.52137793718634,177.52117593716682,0.0002020000195180989
161.0,A32_B6_K8,908.2341990013409,712.1388533875906,A16_B2_K16,196.09534561375028,196.09514361372894,0.00020200002134792067
161.0,A32_B4_K10,860.2207980106646,712.1388533875906,A16_B2_K16,148.08194462307392,148.0817426230544,0.0002020000195180989
161.0,A32_B4_K8,877.4302969530538,712.1388533875906,A16_B2_K16,165.29144356546317,165.29124156544182,0.00020200002134792067
161.25,A32_B6_K14,866.2898313799452,712.2754221224324,A16_B2_K16,154.01440925751285,154.01420725749455,0.0002020000182982177
161.25,A32_B6_K12,872.9951533083924,712.2754221224324,A16_B2_K16,160.7197311859601,160.71952918594056,0.0002020000195180989
161.25,A32_B6_K10,890.027306685974,712.2754221224324,A16_B2_K16,177.7518845635417,177.75168256352217,0.0002020000195180989
161.25,A32_B6_K8,908.7123148954367,712.2754221224324,A16_B2_K16,196.4368927730044,196.43669077298304,0.00020200002134792067
161.25,A32_B4_K10,860.5434621042,712.2754221224324,A16_B2_K16,148.26803998176763,148.2678379817481,0.0002020000195180989
161.25,A32_B4_K8,877.8313349875139,712.2754221224324,A16_B2_K16,165.5559128650815,165.55571086506015,0.00020200002134792067
161.5,A32_B6_K14,866.5998058153449,712.4119908572741,A16_B2_K16,154.18781495807082,154.1876129580525,0.0002020000182982177
161.5,A32_B6_K12,873.3415329842675,712.4119908572741,A16_B2_K16,160.9295421269934,160.92934012697387,0.0002020000195180989
161.5,A32_B6_K10,890.3943820471711,712.4119908572741,A16_B2_K16,177.98239118989704,177.98218918987752,0.0002020000195180989
161.5,A32_B6_K8,909.1904307895325,712.4119908572741,A16_B2_K16,196.77843993225838,196.77823793223703,0.00020200002134792067
161.5,A32_B4_K10,860.8661261977354,712.4119908572741,A16_B2_K16,148.45413534046133,148.4539333404418,0.0002020000195180989
161.5,A32_B4_K8,878.232373021974,712.4119908572741,A16_B2_K16,165.82038216469994,165.8201801646786,0.00020200002134792067
161.75,A32_B6_K14,866.9097802507446,712.5485595921158,A16_B2_K16,154.36122065862878,154.36101865861048,0.0002020000182982177
161.75,A32_B6_K12,873.6879126601425,712.5485595921158,A16_B2_K16,161.1393530680267,161.13915106800718,0.0002020000195180989
161.75,A32_B6_K10,890.7614574083682,712.5485595921158,A16_B2_K16,178.2128978162524,178.21269581623287,0.0002020000195180989
161.75,A32_B6_K8,909.6685466836284,712.5485595921158,A16_B2_K16,197.1199870915126,197.11978509149125,0.00020200002134792067
161.75,A32_B4_K10,861.1889985426461,712.5485595921158,A16_B2_K16,148.64043895053032,148.6402369505108,0.0002020000195180989
161.75,A32_B4_K8,878.6334110564344,712.5485595921158,A16_B2_K16,166.0848514643186,166.08464946429726,0.00020200002134792067
162.0,A32_B6_K14,867.2197546861441,712.6851283269575,A16_B2_K16,154.53462635918663,154.53442435916833,0.0002020000182982177
162.0,A32_B6_K12,874.0342923360176,712.6851283269575,A16_B2_K16,161.34916400906013,161.3489620090406,0.0002020000195180989
162.0,A32_B6_K10,891.1285327695653,712.6851283269575,A16_B2_K16,178.44340444260774,178.44320244258822,0.0002020000195180989
162.0,A32_B6_K8,910.1466625777241,712.6851283269575,A16_B2_K16,197.4615342507666,197.46133225074524,0.00020200002134792067
162.0,A32_B4_K10,861.5171971421896,712.6851283269575,A16_B2_K16,148.8320688152321,148.83186681521258,0.0002020000195180989
162.0,A32_B4_K8,879.0344490908944,712.6851283269575,A16_B2_K16,166.34932076393693,166.34911876391558,0.00020200002134792067
162.25,A32_B6_K14,867.5297291215438,712.8216970617993,A16_B2_K16,154.70803205974448,154.70783005972618,0.0002020000182982177
162.25,A32_B6_K12,874.3806720118928,712.8216970617993,A16_B2_K16,161.55897495009344,161.55877295007392,0.0002020000195180989
162.25,A32_B6_K10,891.4982268957518,712.8216970617993,A16_B2_K16,178.6765298339525,178.67632783393296,0.0002020000195180989
162.25,A32_B6_K8,910.62477847182,712.8216970617993,A16_B2_K16,197.8030814100207,197.80287940999935,0.00020200002134792067
162.25,A32_B4_K10,861.8457550069538,712.8216970617993,A16_B2_K16,149.02405794515448,149.02385594513495,0.0002020000195180989
162.25,A32_B4_K8,879.4354871253547,712.8216970617993,A16_B2_K16,166.61379006355537,166.61358806353402,0.00020200002134792067
162.5,A32_B6_K14,867.8397035569435,712.9582657966408,A16_B2_K16,154.88143776030267,154.88123576028437,0.0002020000182982177
162.5,A32_B6_K12,874.7270516877679,712.9582657966408,A16_B2_K16,161.7687858911271,161.76858389110757,0.0002020000195180989
162.5,A32_B6_K10,891.869429099536,712.9582657966408,A16_B2_K16,178.91116330289515,178.91096130287562,0.0002020000195180989
162.5,A32_B6_K8,911.1028943659159,712.9582657966408,A16_B2_K16,198.14462856927503,198.14442656925368,0.00020200002134792067
162.5,A32_B4_K10,862.181751040626,712.9582657966408,A16_B2_K16,149.22348524398512,149.2232832439656,0.0002020000195180989
162.5,A32_B4_K8,879.8365251598149,712.9582657966408,A16_B2_K16,166.87825936317404,166.8780573631527,0.00020200002134792067
162.75,A32_B6_K14,868.1496779923432,713.0948345314824,A16_B2_K16,155.05484346086075,155.05464146084245,0.0002020000182982177
162.75,A32_B6_K12,875.073431363643,713.0948345314824,A16_B2_K16,161.97859683216052,161.978394832141,0.0002020000195180989
162.75,A32_B6_K10,892.2551667306611,713.0948345314824,A16_B2_K16,179.1603321991787,179.16013019915917,0.0002020000195180989
162.75,A32_B6_K8,911.5804444253761,713.0948345314824,A16_B2_K16,198.48560989389364,198.4854078938723,0.00020200002134792067
162.75,A32_B4_K10,862.52208774502,713.0948345314824,A16_B2_K16,149.4272532135376,149.42705121351807,0.0002020000195180989
162.75,A32_B4_K8,880.2369973596396,713.0948345314824,A16_B2_K16,167.1421628281572,167.14196082813586,0.00020200002134792067
163.0,A32_B6_K14,868.4596524277429,713.2314032663242,A16_B2_K16,155.22824916141872,155.2280471614004,0.0002020000182982177
163.0,A32_B6_K12,875.419811039518,713.2314032663242,A16_B2_K16,162.18840777319383,162.1882057731743,0.0002020000195180989
163.0,A32_B6_K10,892.6453514498215,713.2314032663242,A16_B2_K16,179.41394818349738,179.41374618347785,0.0002020000195180989
163.0,A32_B6_K8,912.0526690238989,713.2314032663242,A16_B2_K16,198.8212657575748,198.82106375755345,0.00020200002134792067
163.0,A32_B4_K10,862.8624244494141,713.2314032663242,A16_B2_K16,149.63102118308996,149.63081918307043,0.0002020000195180989
163.0,A32_B4_K8,880.6321440985269,713.2314032663242,A16_B2_K16,167.4007408322027,167.40053883218135,0.00020200002134792067
163.25,A32_B6_K14,868.7696268631424,713.3679720011658,A16_B2_K16,155.40165486197668,155.40145286195838,0.0002020000182982177
163.25,A32_B6_K12,875.7661907153931,713.3679720011658,A16_B2_K16,162.39821871422737,162.39801671420784,0.0002020000195180989
163.25,A32_B6_K10,893.0355361689819,713.3679720011658,A16_B2_K16,179.66756416781618,179.66736216779665,0.0002020000195180989
163.25,A32_B6_K8,912.5236531036433,713.3679720011658,A16_B2_K16,199.1556811024775,199.15547910245616,0.00020200002134792067
163.25,A32_B4_K10,863.2027611538083,713.3679720011658,A16_B2_K16,149.83478915264254,149.83458715262302,0.0002020000195180989
163.25,A32_B4_K8,881.0272908374143,713.3679720011658,A16_B2_K16,167.65931883624853,167.65911683622718,0.00020200002134792067
163.5,A32_B6_K14,869.0796012985421,713.5045407360075,A16_B2_K16,155.57506056253465,155.57485856251634,0.0002020000182982177
163.5,A32_B6_K12,876.1125703912683,713.5045407360075,A16_B2_K16,162.6080296552608,162.60782765524127,0.0002020000195180989
163.5,A32_B6_K10,893.4257208881426,713.5045407360075,A16_B2_K16,179.9211801521351,179.92097815211557,0.0002020000195180989
163.5,A32_B6_K8,912.9923913805951,713.5045407360075,A16_B2_K16,199.48785064458764,199.4876486445663,0.00020200002134792067
163.5,A32_B4_K10,863.5430978582024,713.5045407360075,A16_B2_K16,150.0385571221949,150.03835512217537,0.0002020000195180989
163.5,A32_B4_K8,881.4228633563212,713.5045407360075,A16_B2_K16,167.9183226203137,167.91812062029234,0.00020200002134792067
163.75,A32_B6_K14,869.3895757339418,713.6411094708492,A16_B2_K16,155.7484662630926,155.7482642630743,0.0002020000182982177
163.75,A32_B6_K12,876.4589500671434,713.6411094708492,A16_B2_K16,162.81784059629422,162.8176385962747,0.0002020000195180989
163.75,A32_B6_K10,893.815905607303,713.6411094708492,A16_B2_K16,180.17479613645378,180.17459413643425,0.0002020000195180989
163.75,A32_B6_K8,913.4611296575468,713.6411094708492,A16_B2_K16,199.82002018669766,199.81981818667632,0.00020200002134792067
163.75,A32_B4_K10,863.8834345625966,713.6411094708492,A16_B2_K16,150.24232509174738,150.24212309172785,0.0002020000195180989
163.75,A32_B4_K8,881.8185393615531,713.6411094708492,A16_B2_K16,168.17742989070393,168.1772278906826,0.00020200002134792067
164.0,A32_B6_K14,869.6995501693415,713.7776782056908,A16_B2_K16,155.9218719636507,155.92166996363238,0.0002020000182982177
164.0,A32_B6_K12,876.8053297430183,713.7776782056908,A16_B2_K16,163.02765153732753,163.027449537308,0.0002020000195180989
164.0,A32_B6_K10,894.2068715460775,713.7776782056908,A16_B2_K16,180.42919334038675,180.42899134036722,0.0002020000195180989
164.0,A32_B6_K8,913.9298679344986,713.7776782056908,A16_B2_K16,200.1521897288078,200.15198772878645,0.00020200002134792067
164.0,A32_B4_K10,864.2237712669906,713.7776782056908,A16_B2_K16,150.44609306129985,150.44589106128032,0.0002020000195180989
164.0,A32_B4_K8,882.214215366785,713.7776782056908,A16_B2_K16,168.43653716109418,168.43633516107283,0.00020200002134792067
164.25,A32_B6_K14,870.009524604741,713.9142469405325,A16_B2_K16,156.09527766420854,156.09507566419023,0.0002020000182982177
164.25,A32_B6_K12,877.1517094188935,713.9142469405325,A16_B2_K16,163.23746247836095,163.23726047834143,0.0002020000195180989
164.25,A32_B6_K10,894.5997445747755,713.9142469405325,A16_B2_K16,180.685497634243,180.68529563422348,0.0002020000195180989
164.25,A32_B6_K8,914.3986062114504,713.9142469405325,A16_B2_K16,200.48435927091793,200.4841572708966,0.00020200002134792067
164.25,A32_B4_K10,864.5641079713848,713.9142469405325,A16_B2_K16,150.64986103085232,150.6496590308328,0.0002020000195180989
164.25,A32_B4_K8,882.6098913720169,713.9142469405325,A16_B2_K16,168.69564443148442,168.69544243146308,0.00020200002134792067
164.5,A32_B6_K14,870.3194990401407,714.0508156753742,A16_B2_K16,156.2686833647665,156.2684813647482,0.0002020000182982177
164.5,A32_B6_K12,877.4980890947687,714.0508156753742,A16_B2_K16,163.4472734193945,163.44707141937496,0.0002020000195180989
164.5,A32_B6_K10,894.9926176034735,714.0508156753742,A16_B2_K16,180.94180192809927,180.94159992807974,0.0002020000195180989
164.5,A32_B6_K8,914.8688807975509,714.0508156753742,A16_B2_K16,200.81806512217668,200.81786312215533,0.00020200002134792067
164.5,A32_B4_K10,864.9044446757789,714.0508156753742,A16_B2_K16,150.85362900040468,150.85342700038515,0.0002020000195180989
164.5,A32_B4_K8,883.005567377249,714.0508156753742,A16_B2_K16,168.95475170187478,168.95454970185344,0.00020200002134792067
164.75,A32_B6_K14,870.6294734755405,714.1873844102159,A16_B2_K16,156.44208906532458,156.44188706530628,0.0002020000182982177
164.75,A32_B6_K12,877.8370578331437,714.1873844102159,A16_B2_K16,163.64967342292778,163.64947142290825,0.0002020000195180989
164.75,A32_B6_K10,895.3854906321716,714.1873844102159,A16_B2_K16,181.19810622195564,181.1979042219361,0.0002020000195180989
164.75,A32_B6_K8,915.3334103107698,714.1873844102159,A16_B2_K16,201.1460259005538,201.14582390053246,0.00020200002134792067
164.75,A32_B4_K10,865.2447813801732,714.1873844102159,A16_B2_K16,151.05739696995727,151.05719496993774,0.0002020000195180989
164.75,A32_B4_K8,883.393832444981,714.1873844102159,A16_B2_K16,169.206448034765,169.20624603474366,0.00020200002134792067
165.0,A32_B6_K14,870.9394479109401,714.3239531450577,A16_B2_K16,156.61549476588243,156.61529276586413,0.0002020000182982177
165.0,A32_B6_K12,878.1719088631854,714.3239531450577,A16_B2_K16,163.84795571812776,163.84775371810824,0.0002020000195180989
165.0,A32_B6_K10,895.7783636608696,714.3239531450577,A16_B2_K16,181.4544105158119,181.45420851579237,0.0002020000195180989
165.0,A32_B6_K8,915.7938221156553,714.3239531450577,A16_B2_K16,201.46986897059764,201.4696669705763,0.00020200002134792067
165.0,A32_B4_K10,865.5851180845673,714.3239531450577,A16_B2_K16,151.26116493950963,151.2609629394901,0.0002020000195180989
165.0,A32_B4_K8,883.7779798043795,714.3239531450577,A16_B2_K16,169.4540266593218,169.45382465930047,0.00020200002134792067
165.25,A32_B6_K14,871.2494223463398,714.4605218798993,A16_B2_K16,156.7889004664405,156.7886984664222,0.0002020000182982177
165.25,A32_B6_K12,878.5067598932271,714.4605218798993,A16_B2_K16,164.04623801332787,164.04603601330834,0.0002020000195180989
165.25,A32_B6_K10,896.1713344441727,714.4605218798993,A16_B2_K16,181.7108125642734,181.71061056425387,0.0002020000195180989
165.25,A32_B6_K8,916.2542339205409,714.4605218798993,A16_B2_K16,201.7937120406416,201.79351004062025,0.00020200002134792067
165.25,A32_B4_K10,865.9254547889615,714.4605218798993,A16_B2_K16,151.4649329090622,151.4647309090427,0.0002020000195180989
165.25,A32_B4_K8,884.1621271637781,714.4605218798993,A16_B2_K16,169.70160528387885,169.7014032838575,0.00020200002134792067
165.5,A32_B6_K14,871.5593967817393,714.597090614741,A16_B2_K16,156.96230616699836,156.96210416698005,0.0002020000182982177
165.5,A32_B6_K12,878.841610923269,714.597090614741,A16_B2_K16,164.24452030852797,164.24431830850844,0.0002020000195180989
165.5,A32_B6_K10,896.5660361335348,714.597090614741,A16_B2_K16,181.96894551879382,181.9687435187743,0.0002020000195180989
165.5,A32_B6_K8,916.7146457254263,714.597090614741,A16_B2_K16,202.11755511068532,202.11735311066397,0.00020200002134792067
165.5,A32_B4_K10,866.2657914933554,714.597090614741,A16_B2_K16,151.66870087861446,151.66849887859493,0.0002020000195180989
165.5,A32_B4_K8,884.5462745231767,714.597090614741,A16_B2_K16,169.94918390843577,169.94898190841442,0.00020200002134792067
165.75,A32_B6_K14,871.869371217139,714.7336593495826,A16_B2_K16,157.13571186755644,157.13550986753813,0.0002020000182982177
165.75,A32_B6_K12,879.1764619533106,714.7336593495826,A16_B2_K16,164.44280260372807,164.44260060370854,0.0002020000195180989
165.75,A32_B6_K10,896.9607378228969,714.7336593495826,A16_B2_K16,182.22707847331435,182.22687647329482,0.0002020000195180989
165.75,A32_B6_K8,917.1750575303118,714.7336593495826,A16_B2_K16,202.44139818072927,202.44119618070792,0.00020200002134792067
165.75,A32_B4_K10,866.6061281977496,714.7336593495826,A16_B2_K16,151.87246884816705,151.87226684814752,0.0002020000195180989
165.75,A32_B4_K8,884.9304218825753,714.7336593495826,A16_B2_K16,170.1967625329927,170.19656053297135,0.00020200002134792067
166.0,A32_B6_K14,872.1744785692053,714.8707500508203,A16_B2_K16,157.30372851838501,157.3035265183667,0.0002020000182982177
166.0,A32_B6_K12,879.5113129833525,714.8707500508203,A16_B2_K16,164.64056293253213,164.6403609325126,0.0002020000195180989
166.0,A32_B6_K10,897.3554395122592,714.8707500508203,A16_B2_K16,182.48468946143885,182.48448746141932,0.0002020000195180989
166.0,A32_B6_K8,917.6354693351974,714.8707500508203,A16_B2_K16,202.76471928437707,202.76451728435572,0.00020200002134792067
166.0,A32_B4_K10,866.9464649021437,714.8707500508203,A16_B2_K16,152.07571485132337,152.07551285130384,0.0002020000195180989
166.0,A32_B4_K8,885.314569241974,714.8707500508203,A16_B2_K16,170.4438191911537,170.44361719113235,0.00020200002134792067
166.25,A32_B6_K14,872.4779949316883,715.0082116689525,A16_B2_K16,157.46978326273575,157.46958126271744,0.0002020000182982177
166.25,A32_B6_K12,879.8461640133942,715.0082116689525,A16_B2_K16,164.83795234444165,164.83775034442212,0.0002020000195180989
166.25,A32_B6_K10,897.7501412016214,715.0082116689525,A16_B2_K16,182.7419295326689,182.74172753264938,0.0002020000195180989
166.25,A32_B6_K8,918.0958811400828,715.0082116689525,A16_B2_K16,203.0876694711303,203.08746747110897,0.00020200002134792067
166.25,A32_B4_K10,867.2868016065378,715.0082116689525,A16_B2_K16,152.27858993758525,152.27838793756572,0.0002020000195180989
166.25,A32_B4_K8,885.6991213453781,715.0082116689525,A16_B2_K16,170.69090967642558,170.69070767640423,0.00020200002134792067
166.5,A32_B6_K14,872.7815112941713,715.1456732870846,A16_B2_K16,157.6358380070867,157.6356360070684,0.0002020000182982177
166.5,A32_B6_K12,880.181015043436,715.1456732870846,A16_B2_K16,165.0353417563514,165.03513975633186,0.0002020000195180989
166.5,A32_B6_K10,898.1448428909835,715.1456732870846,A16_B2_K16,182.99916960389885,182.99896760387932,0.0002020000195180989
166.5,A32_B6_K8,918.5562929449684,715.1456732870846,A16_B2_K16,203.41061965788379,203.41041765786244,0.00020200002134792067
166.5,A32_B4_K10,867.627138310932,715.1456732870846,A16_B2_K16,152.48146502384736,152.48126302382784,0.0002020000195180989
166.5,A32_B4_K8,886.0849534737386,715.1456732870846,A16_B2_K16,170.93928018665395,170.9390781866326,0.00020200002134792067
166.75,A32_B6_K14,873.0850276566543,715.2831349052167,A16_B2_K16,157.80189275143766,157.80169075141936,0.0002020000182982177
166.75,A32_B6_K12,880.5158660734777,715.2831349052167,A16_B2_K16,165.232731168261,165.23252916824148,0.0002020000195180989
166.75,A32_B6_K10,898.5395445803457,715.2831349052167,A16_B2_K16,183.25640967512902,183.2562076751095,0.0002020000195180989
166.75,A32_B6_K8,919.0167047498538,715.2831349052167,A16_B2_K16,203.73356984463715,203.7333678446158,0.00020200002134792067
166.75,A32_B4_K10,867.967475015326,715.2831349052167,A16_B2_K16,152.68434011010936,152.68413811008983,0.0002020000195180989
166.75,A32_B4_K8,886.4707856020989,715.2831349052167,A16_B2_K16,171.1876506968822,171.18744869686086,0.00020200002134792067
167.0,A32_B6_K14,873.3885440191373,715.4205965233489,A16_B2_K16,157.9679474957884,157.9677454957701,0.0002020000182982177
167.0,A32_B6_K12,880.8507171035194,715.4205965233489,A16_B2_K16,165.43012058017052,165.429918580151,0.0002020000195180989
167.0,A32_B6_K10,898.9342462697078,715.4205965233489,A16_B2_K16,183.51364974635896,183.51344774633944,0.0002020000195180989
167.0,A32_B6_K8,919.4771165547395,715.4205965233489,A16_B2_K16,204.05652003139062,204.05631803136927,0.00020200002134792067
167.0,A32_B4_K10,868.3078117197202,715.4205965233489,A16_B2_K16,152.88721519637136,152.88701319635183,0.0002020000195180989
167.0,A32_B4_K8,886.8566177304594,715.4205965233489,A16_B2_K16,171.43602120711057,171.43581920708922,0.00020200002134792067
167.25,A32_B6_K14,873.6920603816203,715.558058141481,A16_B2_K16,158.13400224013935,158.13380024012105,0.0002020000182982177
167.25,A32_B6_K12,881.1855681335612,715.558058141481,A16_B2_K16,165.62750999208026,165.62730799206074,0.0002020000195180989
167.25,A32_B6_K10,899.32894795907,715.558058141481,A16_B2_K16,183.77088981758902,183.7706878175695,0.0002020000195180989
167.25,A32_B6_K8,919.9375283596249,715.558058141481,A16_B2_K16,204.37947021814398,204.37926821812263,0.00020200002134792067
167.25,A32_B4_K10,868.6481484241144,715.558058141481,A16_B2_K16,153.09009028263347,153.08988828261394,0.0002020000195180989
167.25,A32_B4_K8,887.2424498588199,715.558058141481,A16_B2_K16,171.68439171733894,171.6841897173176,0.00020200002134792067
167.5,A32_B6_K14,873.9955767441033,715.695519759613,A16_B2_K16,158.3000569844903,158.299854984472,0.0002020000182982177
167.5,A32_B6_K12,881.520419163603,715.695519759613,A16_B2_K16,165.82489940399,165.82469740397048,0.0002020000195180989
167.5,A32_B6_K10,899.7236496484322,715.695519759613,A16_B2_K16,184.0281298888192,184.02792788879967,0.0002020000195180989
167.5,A32_B6_K8,920.3991078832289,715.695519759613,A16_B2_K16,204.70358812361587,204.70338612359453,0.00020200002134792067
167.5,A32_B4_K10,868.9884851285085,715.695519759613,A16_B2_K16,153.29296536889547,153.29276336887594,0.0002020000195180989
167.5,A32_B4_K8,887.6282819871801,715.695519759613,A16_B2_K16,171.93276222756708,171.93256022754574,0.00020200002134792067
167.75,A32_B6_K14,874.2990931065863,715.8329813777452,A16_B2_K16,158.46611172884104,158.46590972882274,0.0002020000182982177
167.75,A32_B6_K12,881.8552701936449,715.8329813777452,A16_B2_K16,166.02228881589963,166.0220868158801,0.0002020000195180989
167.75,A32_B6_K10,900.1183513377944,715.8329813777452,A16_B2_K16,184.28536996004914,184.2851679600296,0.0002020000195180989
167.75,A32_B6_K8,920.8398494621813,715.8329813777452,A16_B2_K16,205.00686808443606,205.00666608441472,0.00020200002134792067
167.75,A32_B4_K10,869.3288218329026,715.8329813777452,A16_B2_K16,153.49584045515735,153.49563845513782,0.0002020000195180989
167.75,A32_B4_K8,888.0141141155406,715.8329813777452,A16_B2_K16,172.18113273779534,172.180930737774,0.00020200002134792067
168.0,A32_B6_K14,874.6026094690693,715.9704429958773,A16_B2_K16,158.632166473192,158.6319644731737,0.0002020000182982177
168.0,A32_B6_K12,882.1901212236866,715.9704429958773,A16_B2_K16,166.21967822780925,166.21947622778973,0.0002020000195180989
168.0,A32_B6_K10,900.5130530271565,715.9704429958773,A16_B2_K16,184.5426100312792,184.54240803125967,0.0002020000195180989
168.0,A32_B6_K8,921.2660443986472,715.9704429958773,A16_B2_K16,205.29560140276988,205.29539940274853,0.00020200002134792067
168.0,A32_B4_K10,869.6691585372969,715.9704429958773,A16_B2_K16,153.69871554141957,153.69851354140005,0.0002020000195180989
168.0,A32_B4_K8,888.399946243901,715.9704429958773,A16_B2_K16,172.4295032480237,172.42930124800236,0.00020200002134792067
168.25,A32_B6_K14,874.9061258315523,716.1079046140094,A16_B2_K16,158.79822121754296,158.79801921752465,0.0002020000182982177
168.25,A32_B6_K12,882.5249722537284,716.1079046140094,A16_B2_K16,166.417067639719,166.41686563969947,0.0002020000195180989
168.25,A32_B6_K10,900.9077547165188,716.1079046140094,A16_B2_K16,184.79985010250937,184.79964810248984,0.0002020000195180989
168.25,A32_B6_K8,921.6922393351128,716.1079046140094,A16_B2_K16,205.58433472110346,205.5841327210821,0.00020200002134792067
168.25,A32_B4_K10,870.0094952416908,716.1079046140094,A16_B2_K16,153.90159062768146,153.90138862766193,0.0002020000195180989
168.25,A32_B4_K8,888.7857783722615,716.1079046140094,A16_B2_K16,172.67787375825208,172.67767175823073,0.00020200002134792067
168.5,A32_B6_K14,875.2096421940354,716.2453662321415,A16_B2_K16,158.96427596189392,158.9640739618756,0.0002020000182982177
168.5,A32_B6_K12,882.8598232837701,716.2453662321415,A16_B2_K16,166.61445705162862,166.6142550516091,0.0002020000195180989
168.5,A32_B6_K10,901.3004870517143,716.2453662321415,A16_B2_K16,185.05512081957283,185.0549188195533,0.0002020000195180989
168.5,A32_B6_K8,922.1164649174121,716.2453662321415,A16_B2_K16,205.87109868527068,205.87089668524933,0.00020200002134792067
168.5,A32_B4_K10,870.3478625919183,716.2453662321415,A16_B2_K16,154.10249635977686,154.10229435975734,0.0002020000195180989
168.5,A32_B4_K8,889.1696411464552,716.2453662321415,A16_B2_K16,172.92427491431374,172.9240729142924,0.00020200002134792067
168.75,A32_B6_K14,875.5131585565183,716.3828278502735,A16_B2_K16,159.13033070624476,159.13012870622646,0.0002020000182982177
168.75,A32_B6_K12,883.194674313812,716.3828278502735,A16_B2_K16,166.81184646353847,166.81164446351895,0.0002020000195180989
168.75,A32_B6_K10,901.6925448348264,716.3828278502735,A16_B2_K16,185.3097169845529,185.30951498453337,0.0002020000195180989
168.75,A32_B6_K8,922.5400159476278,716.3828278502735,A16_B2_K16,206.15718809735426,206.15698609733292,0.00020200002134792067
168.75,A32_B4_K10,870.6855553900625,716.3828278502735,A16_B2_K16,154.30272753978898,154.30252553976945,0.0002020000195180989
168.75,A32_B4_K8,889.5528293685658,716.3828278502735,A16_B2_K16,173.17000151829222,173.16979951827088,0.00020200002134792067
169.0,A32_B6_K14,875.8166749190012,716.5202894684057,A16_B2_K16,159.2963854505955,159.2961834505772,0.0002020000182982177
169.0,A32_B6_K12,883.5295253438536,716.5202894684057,A16_B2_K16,167.00923587544787,167.00903387542834,0.0002020000195180989
169.0,A32_B6_K10,902.0846026179386,716.5202894684057,A16_B2_K16,185.56431314953284,185.5641111495133,0.0002020000195180989
169.0,A32_B6_K8,922.9635669778436,716.5202894684057,A16_B2_K16,206.44327750943785,206.4430755094165,0.00020200002134792067
169.0,A32_B4_K10,871.0232481882067,716.5202894684057,A16_B2_K16,154.50295871980097,154.50275671978144,0.0002020000195180989
169.0,A32_B4_K8,889.936017590676,716.5202894684057,A16_B2_K16,173.41572812227025,173.4155261222489,0.00020200002134792067
169.25,A32_B6_K14,876.1201912814843,716.6577510865379,A16_B2_K16,159.46244019494634,159.46223819492803,0.0002020000182982177
169.25,A32_B6_K12,883.8643763738953,716.6577510865379,A16_B2_K16,167.20662528735738,167.20642328733786,0.0002020000195180989
169.25,A32_B6_K10,902.4766604010507,716.6577510865379,A16_B2_K16,185.81890931451278,185.81870731449325,0.0002020000195180989
169.25,A32_B6_K8,923.3871180080594,716.6577510865379,A16_B2_K16,206.72936692152143,206.7291649215001,0.00020200002134792067
169.25,A32_B4_K10,871.3609409863508,716.6577510865379,A16_B2_K16,154.70318989981286,154.70298789979333,0.0002020000195180989
169.25,A32_B4_K8,890.3192058127864,716.6577510865379,A16_B2_K16,173.6614547262485,173.66125272622716,0.00020200002134792067
169.5,A32_B6_K14,876.4237076439672,716.79521270467,A16_B2_K16,159.62849493929718,159.62829293927888,0.0002020000182982177
169.5,A32_B6_K12,884.1992274039371,716.79521270467,A16_B2_K16,167.40401469926712,167.4038126992476,0.0002020000195180989
169.5,A32_B6_K10,902.8687181841628,716.79521270467,A16_B2_K16,186.07350547949284,186.0733034794733,0.0002020000195180989
169.5,A32_B6_K8,923.8106690382751,716.79521270467,A16_B2_K16,207.01545633360513,207.01525433358378,0.00020200002134792067
169.5,A32_B4_K10,871.6986337844949,716.79521270467,A16_B2_K16,154.90342107982485,154.90321907980533,0.0002020000195180989
169.5,A32_B4_K8,890.702394034897,716.79521270467,A16_B2_K16,173.907181330227,173.90697933020564,0.00020200002134792067
169.75,A32_B6_K14,876.7272240064502,716.9326743228021,A16_B2_K16,159.79454968364814,159.79434768362984,0.0002020000182982177
169.75,A32_B6_K12,884.534078433979,716.9326743228021,A16_B2_K16,167.60140411117686,167.60120211115733,0.0002020000195180989
169.75,A32_B6_K10,903.2607759672751,716.9326743228021,A16_B2_K16,186.328101644473,186.32789964445348,0.0002020000195180989
169.75,A32_B6_K8,924.2342200684911,716.9326743228021,A16_B2_K16,207.30154574568905,207.3013437456677,0.00020200002134792067
169.75,A32_B4_K10,872.0363265826389,716.9326743228021,A16_B2_K16,155.10365225983685,155.10345025981732,0.0002020000195180989
169.75,A32_B4_K8,891.0855822570073,716.9326743228021,A16_B2_K16,174.15290793420525,174.1527059341839,0.00020200002134792067
170.0,A32_B6_K14,877.0307403689332,717.0701359409343,A16_B2_K16,159.96060442799887,159.96040242798057,0.0002020000182982177
170.0,A32_B6_K12,884.8690709323164,717.0701359409343,A16_B2_K16,167.7989349913821,167.79873299136258,0.0002020000195180989
170.0,A32_B6_K10,903.6528337503873,717.0701359409343,A16_B2_K16,186.58269780945307,186.58249580943354,0.0002020000195180989
170.0,A32_B6_K8,924.6577710987067,717.0701359409343,A16_B2_K16,207.5876351577724,207.58743315775106,0.00020200002134792067
170.0,A32_B4_K10,872.3740193807831,717.0701359409343,A16_B2_K16,155.30388343984885,155.30368143982932,0.0002020000195180989
170.0,A32_B4_K8,891.4687704791177,717.0701359409343,A16_B2_K16,174.3986345381834,174.39843253816204,0.00020200002134792067
170.25,A32_B6_K14,877.3342567314162,717.2075975590664,A16_B2_K16,160.12665917234983,160.12645717233153,0.0002020000182982177
170.25,A32_B6_K12,885.2051554788954,717.2075975590664,A16_B2_K16,167.9975579198291,167.99735591980956,0.0002020000195180989
170.25,A32_B6_K10,904.0448915334995,717.2075975590664,A16_B2_K16,186.83729397443312,186.8370919744136,0.0002020000195180989
170.25,A32_B6_K8,925.0813221289225,717.2075975590664,A16_B2_K16,207.8737245698561,207.87352256983476,0.00020200002134792067
170.25,A32_B4_K10,872.7117121789272,717.2075975590664,A16_B2_K16,155.50411461986084,155.50391261984132,0.0002020000195180989
170.25,A32_B4_K8,891.8519587012281,717.2075975590664,A16_B2_K16,174.64436114216176,174.6441591421404,0.00020200002134792067
170.5,A32_B6_K14,877.6377730938992,717.3450591771984,A16_B2_K16,160.2927139167008,160.29251191668249,0.0002020000182982177
170.5,A32_B6_K12,885.5412400254745,717.3450591771984,A16_B2_K16,168.19618084827607,168.19597884825654,0.0002020000195180989
170.5,A32_B6_K10,904.4369493166116,717.3450591771984,A16_B2_K16,187.09189013941318,187.09168813939365,0.0002020000195180989
170.5,A32_B6_K8,925.5048731591381,717.3450591771984,A16_B2_K16,208.1598139819397,208.15961198191835,0.00020200002134792067
170.5,A32_B4_K10,873.0494049770714,717.3450591771984,A16_B2_K16,155.70434579987295,155.70414379985343,0.0002020000195180989
170.5,A32_B4_K8,892.2351469233386,717.3450591771984,A16_B2_K16,174.89008774614013,174.88988574611878,0.00020200002134792067
170.75,A32_B6_K14,877.9412894563822,717.4825207953306,A16_B2_K16,160.45876866105152,160.45856666103322,0.0002020000182982177
170.75,A32_B6_K12,885.8773245720536,717.4825207953306,A16_B2_K16,168.39480377672294,168.3946017767034,0.0002020000195180989
170.75,A32_B6_K10,904.8290070997239,717.4825207953306,A16_B2_K16,187.34648630439324,187.3462843043737,0.0002020000195180989
170.75,A32_B6_K8,925.928424189354,717.4825207953306,A16_B2_K16,208.4459033940234,208.44570139400204,0.00020200002134792067
170.75,A32_B4_K10,873.3870977752155,717.4825207953306,A16_B2_K16,155.90457697988484,155.9043749798653,0.0002020000195180989
170.75,A32_B4_K8,892.6183351454489,717.4825207953306,A16_B2_K16,175.13581435011827,175.13561235009692,0.00020200002134792067
171.0,A32_B6_K14,878.2448058188652,717.6199824134627,A16_B2_K16,160.62482340540248,160.62462140538418,0.0002020000182982177
171.0,A32_B6_K12,886.2134091186326,717.6199824134627,A16_B2_K16,168.59342670516992,168.5932247051504,0.0002020000195180989
171.0,A32_B6_K10,905.221064882836,717.6199824134627,A16_B2_K16,187.6010824693733,187.60088046935377,0.0002020000195180989
171.0,A32_B6_K8,926.3519752195698,717.6199824134627,A16_B2_K16,208.7319928061071,208.73179080608574,0.00020200002134792067
171.0,A32_B4_K10,873.7247905733597,717.6199824134627,A16_B2_K16,156.10480815989695,156.10460615987742,0.0002020000195180989
171.0,A32_B4_K8,893.0015233675593,717.6199824134627,A16_B2_K16,175.38154095409664,175.3813389540753,0.00020200002134792067
171.25,A32_B6_K14,878.5483221813481,717.7574440315948,A16_B2_K16,160.79087814975333,160.79067614973502,0.0002020000182982177
171.25,A32_B6_K12,886.5494936652117,717.7574440315948,A16_B2_K16,168.7920496336169,168.79184763359737,0.0002020000195180989
171.25,A32_B6_K10,905.5841870469222,717.7574440315948,A16_B2_K16,187.82674301532745,187.82654101530792,0.0002020000195180989
171.25,A32_B6_K8,926.7529128590702,717.7574440315948,A16_B2_K16,208.9954688274754,208.99526682745406,0.00020200002134792067
171.25,A32_B4_K10,874.0624833715037,717.7574440315948,A16_B2_K16,156.30503933990894,156.30483733988942,0.0002020000195180989
171.25,A32_B4_K8,893.3850051404766,717.7574440315948,A16_B2_K16,175.62756110888176,175.62735910886042,0.00020200002134792067
171.5,A32_B6_K14,878.8518385438311,717.8949056497269,A16_B2_K16,160.95693289410428,160.95673089408598,0.0002020000182982177
171.5,A32_B6_K12,886.8855782117909,717.8949056497269,A16_B2_K16,168.990672562064,168.99047056204446,0.0002020000195180989
171.5,A32_B6_K10,905.9296764453734,717.8949056497269,A16_B2_K16,188.03477079564652,188.034568795627,0.0002020000195180989
171.5,A32_B6_K8,927.1427743136095,717.8949056497269,A16_B2_K16,209.24786866388263,209.24766666386128,0.00020200002134792067
171.5,A32_B4_K10,874.4001761696479,717.8949056497269,A16_B2_K16,156.50527051992105,156.50506851990153,0.0002020000195180989
171.5,A32_B4_K8,893.7713697431303,717.8949056497269,A16_B2_K16,175.87646409340346,175.8762620933821,0.00020200002134792067
171.75,A32_B6_K14,879.1553549063142,718.0323672678591,A16_B2_K16,161.12298763845513,161.12278563843682,0.0002020000182982177
171.75,A32_B6_K12,887.2216627583698,718.0323672678591,A16_B2_K16,169.18929549051074,169.18909349049122,0.0002020000195180989
171.75,A32_B6_K10,906.2751658438243,718.0323672678591,A16_B2_K16,188.24279857596525,188.24259657594573,0.0002020000195180989
171.75,A32_B6_K8,927.5326357681488,718.0323672678591,A16_B2_K16,209.50026850028974,209.5000665002684,0.00020200002134792067
171.75,A32_B4_K10,874.737868967792,718.0323672678591,A16_B2_K16,156.70550169993294,156.7052996999134,0.0002020000195180989
171.75,A32_B4_K8,894.1577343457842,718.0323672678591,A16_B2_K16,176.12536707792515,176.1251650779038,0.00020200002134792067
172.0,A32_B6_K14,879.4588712687971,718.1698288859911,A16_B2_K16,161.28904238280597,161.28884038278767,0.0002020000182982177
172.0,A32_B6_K12,887.5577473049489,718.1698288859911,A16_B2_K16,169.38791841895772,169.3877164189382,0.0002020000195180989
172.0,A32_B6_K10,906.6206552422753,718.1698288859911,A16_B2_K16,188.4508263562842,188.45062435626468,0.0002020000195180989
172.0,A32_B6_K8,927.9226831010983,718.1698288859911,A16_B2_K16,209.75285421510716,209.75265221508582,0.00020200002134792067
172.0,A32_B4_K10,875.0755617659363,718.1698288859911,A16_B2_K16,156.90573287994516,156.90553087992564,0.0002020000195180989
172.0,A32_B4_K8,894.5442848268482,718.1698288859911,A16_B2_K16,176.37445594085705,176.3742539408357,0.00020200002134792067
172.25,A32_B6_K14,879.7623876312801,718.3072905041233,A16_B2_K16,161.45509712715682,161.4548951271385,0.0002020000182982177
172.25,A32_B6_K12,887.8938318515279,718.3072905041233,A16_B2_K16,169.5865413474046,169.58633934738506,0.0002020000195180989
172.25,A32_B6_K10,906.9661446407264,718.3072905041233,A16_B2_K16,188.65885413660305,188.65865213658353,0.0002020000195180989
172.25,A32_B6_K8,928.3134249313662,718.3072905041233,A16_B2_K16,210.00613442724284,210.0059324272215,0.00020200002134792067
172.25,A32_B4_K10,875.4132545640804,718.3072905041233,A16_B2_K16,157.10596405995705,157.10576205993752,0.0002020000195180989
172.25,A32_B4_K8,894.9315298052309,718.3072905041233,A16_B2_K16,176.62423930110754,176.6240373010862,0.00020200002134792067
172.5,A32_B6_K14,880.0659039937632,718.4447521222554,A16_B2_K16,161.62115187150778,161.62094987148947,0.0002020000182982177
172.5,A32_B6_K12,888.2303306179424,718.4447521222554,A16_B2_K16,169.785578495687,169.78537649566746,0.0002020000195180989
172.5,A32_B6_K10,907.3116340391774,718.4447521222554,A16_B2_K16,188.866881916922,188.86667991690248,0.0002020000195180989
172.5,A32_B6_K8,928.7064110229958,718.4447521222554,A16_B2_K16,210.26165890074037,210.26145690071903,0.00020200002134792067
172.5,A32_B4_K10,875.7509473622245,718.4447521222554,A16_B2_K16,157.30619523996904,157.30599323994952,0.0002020000195180989
172.5,A32_B4_K8,895.3210190449747,718.4447521222554,A16_B2_K16,176.8762669227193,176.87606492269796,0.00020200002134792067
172.75,A32_B6_K14,880.3694203562461,718.5822137403875,A16_B2_K16,161.78720661585862,161.78700461584032,0.0002020000182982177
172.75,A32_B6_K12,888.5684223514166,718.5822137403875,A16_B2_K16,169.98620861102916,169.98600661100963,0.0002020000195180989
172.75,A32_B6_K10,907.6571234376285,718.5822137403875,A16_B2_K16,189.07490969724097,189.07470769722144,0.0002020000195180989
172.75,A32_B6_K8,929.1026535561923,718.5822137403875,A16_B2_K16,210.52043981580482,210.52023781578347,0.00020200002134792067
172.75,A32_B4_K10,876.0886401603685,718.5822137403875,A16_B2_K16,157.50642641998104,157.5062244199615,0.0002020000195180989
172.75,A32_B4_K8,895.7137647262862,718.5822137403875,A16_B2_K16,177.13155098589868,177.13134898587734,0.00020200002134792067
173.0,A32_B6_K14,880.672936718729,718.7196753585197,A16_B2_K16,161.95326136020935,161.95305936019105,0.0002020000182982177
173.0,A32_B6_K12,888.9065140848908,718.7196753585197,A16_B2_K16,170.1868387263711,170.18663672635157,0.0002020000195180989
173.0,A32_B6_K10,908.0032433145858,718.7196753585197,A16_B2_K16,189.28356795606612,189.2833659560466,0.0002020000195180989
173.0,A32_B6_K8,929.4988960893891,718.7196753585197,A16_B2_K16,210.77922073086938,210.77901873084804,0.00020200002134792067
173.0,A32_B4_K10,876.4263329585126,718.7196753585197,A16_B2_K16,157.70665759999292,157.7064555999734,0.0002020000195180989
173.0,A32_B4_K8,896.1065104075974,718.7196753585197,A16_B2_K16,177.38683504907772,177.38663304905637,0.00020200002134792067
173.25,A32_B6_K14,880.9764530812121,718.8571369766518,A16_B2_K16,162.1193161045603,162.119114104542,0.0002020000182982177
173.25,A32_B6_K12,889.244605818365,718.8571369766518,A16_B2_K16,170.38746884171326,170.38726684169373,0.0002020000195180989
173.25,A32_B6_K10,908.3494738712141,718.8571369766518,A16_B2_K16,189.4923368945623,189.49213489454277,0.0002020000195180989
173.25,A32_B6_K8,929.8951386225856,718.8571369766518,A16_B2_K16,211.03800164593383,211.0377996459125,0.00020200002134792067
173.25,A32_B4_K10,876.7640257566568,718.8571369766518,A16_B2_K16,157.90688878000503,157.9066867799855,0.0002020000195180989
173.25,A32_B4_K8,896.4992560889085,718.8571369766518,A16_B2_K16,177.64211911225675,177.6419171122354,0.00020200002134792067
173.5,A32_B6_K14,881.2799694436951,718.9945985947838,A16_B2_K16,162.28537084891127,162.28516884889297,0.0002020000182982177
173.5,A32_B6_K12,889.5826975518393,718.9945985947838,A16_B2_K16,170.58809895705542,170.5878969570359,0.0002020000195180989
173.5,A32_B6_K10,908.6957044278424,718.9945985947838,A16_B2_K16,189.7011058330586,189.70090383303906,0.0002020000195180989
173.5,A32_B6_K8,930.2913811557823,718.9945985947838,A16_B2_K16,211.2967825609985,211.29658056097716,0.00020200002134792067
173.5,A32_B4_K10,877.101718554801,718.9945985947838,A16_B2_K16,158.10711996001714,158.10691795999762,0.0002020000195180989
173.5,A32_B4_K8,896.8920017702198,718.9945985947838,A16_B2_K16,177.897403175436,177.89720117541466,0.00020200002134792067
173.75,A32_B6_K14,881.583485806178,719.132060212916,A16_B2_K16,162.451425593262,162.4512235932437,0.0002020000182982177
173.75,A32_B6_K12,889.9207892853134,719.132060212916,A16_B2_K16,170.78872907239736,170.78852707237783,0.0002020000195180989
173.75,A32_B6_K10,909.0415566485331,719.132060212916,A16_B2_K16,189.90949643561703,189.9092944355975,0.0002020000195180989
173.75,A32_B6_K8,930.6834619936665,719.132060212916,A16_B2_K16,211.55140178075044,211.5511997807291,0.00020200002134792067
173.75,A32_B4_K10,877.4388438490389,719.132060212916,A16_B2_K16,158.30678363612287,158.30658163610335,0.0002020000195180989
173.75,A32_B4_K8,897.2805857562186,719.132060212916,A16_B2_K16,178.14852554330253,178.14832354328118,0.00020200002134792067
174.0,A32_B6_K14,881.8870021686611,719.2695218310481,A16_B2_K16,162.61748033761296,162.61727833759466,0.0002020000182982177
174.0,A32_B6_K12,890.2588810187874,719.2695218310481,A16_B2_K16,170.9893591877393,170.98915718771977,0.0002020000195180989
174.0,A32_B6_K10,909.3820126869323,719.2695218310481,A16_B2_K16,190.11249085588418,190.11228885586465,0.0002020000195180989
174.0,A32_B6_K8,931.0161848263424,719.2695218310481,A16_B2_K16,211.7466629952943,211.74646099527294,0.00020200002134792067
174.0,A32_B4_K10,877.7678748698391,719.2695218310481,A16_B2_K16,158.49835303879104,158.4981510387715,0.0002020000195180989
174.0,A32_B4_K8,897.6098117370091,719.2695218310481,A16_B2_K16,178.34028990596096,178.3400879059396,0.00020200002134792067
174.25,A32_B6_K14,882.1927210428424,719.4069834491802,A16_B2_K16,162.78573759366225,162.78553559364394,0.0002020000182982177
174.25,A32_B6_K12,890.5969727522616,719.4069834491802,A16_B2_K16,171.18998930308146,171.18978730306193,0.0002020000195180989
174.25,A32_B6_K10,909.7224687253313,719.4069834491802,A16_B2_K16,190.3154852761511,190.31528327613157,0.0002020000195180989
174.25,A32_B6_K8,931.3489076590183,719.4069834491802,A16_B2_K16,211.94192420983813,211.9417222098168,0.00020200002134792067
174.25,A32_B4_K10,878.0969058906396,719.4069834491802,A16_B2_K16,158.68992244145943,158.6897204414399,0.0002020000195180989
174.25,A32_B4_K8,897.9390377177995,719.4069834491802,A16_B2_K16,178.53205426861928,178.53185226859793,0.00020200002134792067
174.5,A32_B6_K14,882.4993206398773,719.5444450673124,A16_B2_K16,162.9548755725649,162.9546735725466,0.0002020000182982177
174.5,A32_B6_K12,890.9350644857358,719.5444450673124,A16_B2_K16,171.3906194184234,171.39041741840387,0.0002020000195180989
174.5,A32_B6_K10,910.0629247637305,719.5444450673124,A16_B2_K16,190.51847969641813,190.5182776963986,0.0002020000195180989
174.5,A32_B6_K8,931.681630491694,719.5444450673124,A16_B2_K16,212.13718542438164,212.1369834243603,0.00020200002134792067
174.5,A32_B4_K10,878.4259369114399,719.5444450673124,A16_B2_K16,158.88149184412748,158.88128984410795,0.0002020000195180989
174.5,A32_B4_K8,898.2682636985899,719.5444450673124,A16_B2_K16,178.72381863127748,178.72361663125614,0.00020200002134792067
174.75,A32_B6_K14,882.805920236912,719.6819087173478,A16_B2_K16,163.1240115195642,163.1238095195459,0.0002020000182982177
174.75,A32_B6_K12,891.27315621921,719.6819087173478,A16_B2_K16,171.5912475018622,171.59104550184267,0.0002020000195180989
174.75,A32_B6_K10,910.4033808021296,719.6819087173478,A16_B2_K16,190.7214720847818,190.72127008476227,0.0002020000195180989
174.75,A32_B6_K8,932.0171395872962,719.6819087173478,A16_B2_K16,212.33523086994842,212.33502886992707,0.00020200002134792067
174.75,A32_B4_K10,878.7549679322403,719.6819087173478,A16_B2_K16,159.0730592148925,159.07285721487298,0.0002020000195180989
174.75,A32_B4_K8,898.6002759423066,719.6819087173478,A16_B2_K16,178.91836722495873,178.91816522493738,0.00020200002134792067
175.0,A32_B6_K14,883.1125198339466,719.8193761921691,A16_B2_K16,163.29314364177753,163.29294164175923,0.0002020000182982177
175.0,A32_B6_K12,891.6112479526842,719.8193761921691,A16_B2_K16,171.79187176051505,171.79166976049552,0.0002020000195180989
175.0,A32_B6_K10,910.7438368405287,719.8193761921691,A16_B2_K16,190.92446064835963,190.9242586483401,0.0002020000195180989
175.0,A32_B6_K8,932.35303444681,719.8193761921691,A16_B2_K16,212.53365825464095,212.5334562546196,0.00020200002134792067
175.0,A32_B4_K10,879.0839989530407,719.8193761921691,A16_B2_K16,159.2646227608716,159.26442076085206,0.0002020000195180989
175.0,A32_B4_K8,898.9326739499352,719.8193761921691,A16_B2_K16,179.11329775776608,179.11309575774473,0.00020200002134792067
175.25,A32_B6_K14,883.4174566249919,719.9568436669906,A16_B2_K16,163.46061295800132,163.46041095798302,0.0002020000182982177
175.25,A32_B6_K12,891.9493396861583,719.9568436669906,A16_B2_K16,171.99249601916767,171.99229401914815,0.0002020000195180989
175.25,A32_B6_K10,911.0842928789278,719.9568436669906,A16_B2_K16,191.12744921193723,191.1272472119177,0.0002020000195180989
175.25,A32_B6_K8,932.6872665003345,719.9568436669906,A16_B2_K16,212.73042283334394,212.7302208333226,0.00020200002134792067
175.25,A32_B4_K10,879.4130299738412,719.9568436669906,A16_B2_K16,159.45618630685055,159.45598430683103,0.0002020000195180989
175.25,A32_B4_K8,899.263409151574,719.9568436669906,A16_B2_K16,179.30656548458342,179.30636348456207,0.00020200002134792067
175.5,A32_B6_K14,883.720891462912,720.0943111418118,A16_B2_K16,163.62658032110028,163.62637832108197,0.0002020000182982177
175.5,A32_B6_K12,892.2895196906798,720.0943111418118,A16_B2_K16,172.19520854886798,172.19500654884845,0.0002020000195180989
175.5,A32_B6_K10,911.424748917327,720.0943111418118,A16_B2_K16,191.33043777551518,191.33023577549565,0.0002020000195180989
175.5,A32_B6_K8,933.019996600734,720.0943111418118,A16_B2_K16,212.9256854589222,212.92548345890086,0.00020200002134792067
175.5,A32_B4_K10,879.7420609946415,720.0943111418118,A16_B2_K16,159.64774985282975,159.64754785281022,0.0002020000195180989
175.5,A32_B4_K8,899.5926424000882,720.0943111418118,A16_B2_K16,179.49833125827638,179.49812925825503,0.00020200002134792067
175.75,A32_B6_K14,884.0243263008322,720.2317786166332,A16_B2_K16,163.792547684199,163.7923456841807,0.0002020000182982177
175.75,A32_B6_K12,892.6305845474985,720.2317786166332,A16_B2_K16,172.39880593086536,172.39860393084584,0.0002020000195180989
175.75,A32_B6_K10,911.7652049557261,720.2317786166332,A16_B2_K16,191.5334263390929,191.53322433907337,0.0002020000195180989
175.75,A32_B6_K8,933.3527267011333,720.2317786166332,A16_B2_K16,213.12094808450013,213.12074608447878,0.00020200002134792067
175.75,A32_B4_K10,880.0710920154419,720.2317786166332,A16_B2_K16,159.8393133988087,159.83911139878919,0.0002020000195180989
175.75,A32_B4_K8,899.9218756486022,720.2317786166332,A16_B2_K16,179.690097031969,179.68989503194766,0.00020200002134792067
176.0,A32_B6_K14,884.3277611387524,720.3692460914544,A16_B2_K16,163.95851504729796,163.95831304727966,0.0002020000182982177
176.0,A32_B6_K12,892.9716494043173,720.3692460914544,A16_B2_K16,172.60240331286286,172.60220131284333,0.0002020000195180989
176.0,A32_B6_K10,912.1056609941252,720.3692460914544,A16_B2_K16,191.73641490267073,191.7362129026512,0.0002020000195180989
176.0,A32_B6_K8,933.6854568015326,720.3692460914544,A16_B2_K16,213.31621071007817,213.31600871005682,0.00020200002134792067
176.0,A32_B4_K10,880.4001230362423,720.3692460914544,A16_B2_K16,160.0308769447879,160.03067494476838,0.0002020000195180989
176.0,A32_B4_K8,900.251108897116,720.3692460914544,A16_B2_K16,179.8818628056615,179.88166080564017,0.00020200002134792067
176.25,A32_B6_K14,884.6311959766725,720.5067135662757,A16_B2_K16,164.1244824103968,164.1242804103785,0.0002020000182982177
176.25,A32_B6_K12,893.3127142611361,720.5067135662757,A16_B2_K16,172.80600069486036,172.80579869484083,0.0002020000195180989
176.25,A32_B6_K10,912.4461170325243,720.5067135662757,A16_B2_K16,191.93940346624856,191.93920146622904,0.0002020000195180989
176.25,A32_B6_K8,934.0181869019322,720.5067135662757,A16_B2_K16,213.51147333565643,213.5112713356351,0.00020200002134792067
176.25,A32_B4_K10,880.7291540570426,720.5067135662757,A16_B2_K16,160.22244049076687,160.22223849074734,0.0002020000195180989
176.25,A32_B4_K8,900.58034214563,720.5067135662757,A16_B2_K16,180.07362857935425,180.0734265793329,0.00020200002134792067
176.5,A32_B6_K14,884.9346308145928,720.6441810410971,A16_B2_K16,164.29044977349565,164.29024777347735,0.0002020000182982177
176.5,A32_B6_K12,893.6537791179547,720.6441810410971,A16_B2_K16,173.00959807685763,173.0093960768381,0.0002020000195180989
176.5,A32_B6_K10,912.7865730709234,720.6441810410971,A16_B2_K16,192.14239202982628,192.14219002980676,0.0002020000195180989
176.5,A32_B6_K8,934.3509170023316,720.6441810410971,A16_B2_K16,213.70673596123447,213.70653396121313,0.00020200002134792067
176.5,A32_B4_K10,881.058185077843,720.6441810410971,A16_B2_K16,160.41400403674584,160.4138020367263,0.0002020000195180989
176.5,A32_B4_K8,900.9095753941441,720.6441810410971,A16_B2_K16,180.265394353047,180.26519235302564,0.00020200002134792067
176.75,A32_B6_K14,885.2112436681637,720.7816485159184,A16_B2_K16,164.42959515224527,164.42939315222696,0.0002020000182982177
176.75,A32_B6_K12,893.9666012326118,720.7816485159184,A16_B2_K16,173.18495271669337,173.18475071667385,0.0002020000195180989
176.75,A32_B6_K10,913.1113470468225,720.7816485159184,A16_B2_K16,192.32969853090412,192.3294965308846,0.0002020000195180989
176.75,A32_B6_K8,934.6711413926666,720.7816485159184,A16_B2_K16,213.88949287674825,213.8892908767269,0.00020200002134792067
176.75,A32_B4_K10,881.3703660895735,720.7816485159184,A16_B2_K16,160.58871757365512,160.5885155736356,0.0002020000195180989
176.75,A32_B4_K8,901.2263029325936,720.7816485159184,A16_B2_K16,180.44465441667523,180.4444524166539,0.00020200002134792067
177.0,A32_B6_K14,885.45004664537,720.9191159907398,A16_B2_K16,164.5309306546302,164.5307286546119,0.0002020000182982177
177.0,A32_B6_K12,894.2401144240292,720.9191159907398,A16_B2_K16,173.32099843328945,173.32079643326992,0.0002020000195180989
177.0,A32_B6_K10,913.4140146477216,720.9191159907398,A16_B2_K16,192.49489865698183,192.4946966569623,0.0002020000195180989
177.0,A32_B6_K8,934.9737369847278,720.9191159907398,A16_B2_K16,214.054620993988,214.05441899396666,0.00020200002134792067
177.0,A32_B4_K10,881.6587943188334,720.9191159907398,A16_B2_K16,160.73967832809365,160.73947632807412,0.0002020000195180989
177.0,A32_B4_K8,901.5254016727695,720.9191159907398,A16_B2_K16,180.6062856820297,180.60608368200835,0.00020200002134792067
177.25,A32_B6_K14,885.6888496225763,721.0565834655611,A16_B2_K16,164.63226615701524,164.63206415699693,0.0002020000182982177
177.25,A32_B6_K12,894.5136276154465,721.0565834655611,A16_B2_K16,173.4570441498854,173.45684214986588,0.0002020000195180989
177.25,A32_B6_K10,913.7166822486207,721.0565834655611,A16_B2_K16,192.66009878305965,192.65989678304013,0.0002020000195180989
177.25,A32_B6_K8,935.2763325767892,721.0565834655611,A16_B2_K16,214.2197491112281,214.21954711120677,0.00020200002134792067
177.25,A32_B4_K10,881.9472225480934,721.0565834655611,A16_B2_K16,160.8906390825323,160.89043708251276,0.0002020000195180989
177.25,A32_B4_K8,901.8245004129456,721.0565834655611,A16_B2_K16,180.7679169473845,180.76771494736315,0.00020200002134792067
177.5,A32_B6_K14,885.9276525997827,721.1940509403825,A16_B2_K16,164.73360165940028,164.73339965938197,0.0002020000182982177
177.5,A32_B6_K12,894.787140806864,721.1940509403825,A16_B2_K16,173.5930898664816,173.59288786646206,0.0002020000195180989
177.5,A32_B6_K10,914.0222223296801,721.1940509403825,A16_B2_K16,192.8281713892976,192.82796938927808,0.0002020000195180989
177.5,A32_B6_K8,935.5789281688506,721.1940509403825,A16_B2_K16,214.3848772284681,214.38467522844675,0.00020200002134792067
177.5,A32_B4_K10,882.2356507773532,721.1940509403825,A16_B2_K16,161.0415998369707,161.04139783695118,0.0002020000195180989
177.5,A32_B4_K8,902.1235991531214,721.1940509403825,A16_B2_K16,180.92954821273895,180.9293462127176,0.00020200002134792067
177.75,A32_B6_K14,886.166455576989,721.3315184152038,A16_B2_K16,164.8349371617852,164.8347351617669,0.0002020000182982177
177.75,A32_B6_K12,895.0606539982814,721.3315184152038,A16_B2_K16,173.72913558307755,173.72893358305802,0.0002020000195180989
177.75,A32_B6_K10,914.3315736558468,721.3315184152038,A16_B2_K16,193.00005524064295,192.99985324062342,0.0002020000195180989
177.75,A32_B6_K8,935.8815237609119,721.3315184152038,A16_B2_K16,214.5500053457081,214.54980334568674,0.00020200002134792067
177.75,A32_B4_K10,882.5240790066132,721.3315184152038,A16_B2_K16,161.19256059140935,161.19235859138982,0.0002020000195180989
177.75,A32_B4_K8,902.4226978932973,721.3315184152038,A16_B2_K16,181.0911794780934,181.09097747807206,0.00020200002134792067
178.0,A32_B6_K14,886.4052585541954,721.468985890025,A16_B2_K16,164.93627266417036,164.93607066415206,0.0002020000182982177
178.0,A32_B6_K12,895.3341671896987,721.468985890025,A16_B2_K16,173.86518129967374,173.8649792996542,0.0002020000195180989
178.0,A32_B6_K10,914.6409249820133,721.468985890025,A16_B2_K16,193.1719390919883,193.17173709196877,0.0002020000195180989
178.0,A32_B6_K8,936.1841193529733,721.468985890025,A16_B2_K16,214.7151334629483,214.71493146292696,0.00020200002134792067
178.0,A32_B4_K10,882.812507235873,721.468985890025,A16_B2_K16,161.343521345848,161.34331934582846,0.0002020000195180989
178.0,A32_B4_K8,902.7217966334733,721.468985890025,A16_B2_K16,181.25281074344832,181.25260874342698,0.00020200002134792067
178.25,A32_B6_K14,886.6383098399955,721.6064533648464,A16_B2_K16,165.03185647514908,165.03165447513078,0.0002020000182982177
178.25,A32_B6_K12,895.60192868971,721.6064533648464,A16_B2_K16,173.9954753248636,173.99527332484408,0.0002020000195180989
178.25,A32_B6_K10,914.95027630818,721.6064533648464,A16_B2_K16,193.34382294333363,193.3436209433141,0.0002020000195180989
178.25,A32_B6_K8,936.4867149450347,721.6064533648464,A16_B2_K16,214.8802615801883,214.88005958016694,0.00020200002134792067
178.25,A32_B4_K10,883.1009354651329,721.6064533648464,A16_B2_K16,161.49448210028652,161.494280100267,0.0002020000195180989
178.25,A32_B4_K8,903.0208953736493,721.6064533648464,A16_B2_K16,181.4144420088029,181.41424000878155,0.00020200002134792067
178.5,A32_B6_K14,886.8711807403789,721.7439208396677,A16_B2_K16,165.12725990071124,165.12705790069293,0.0002020000182982177
178.5,A32_B6_K12,895.8695098043046,721.7439208396677,A16_B2_K16,174.1255889646369,174.12538696461738,0.0002020000195180989
178.5,A32_B6_K10,915.2596276343465,721.7439208396677,A16_B2_K16,193.51570679467886,193.51550479465934,0.0002020000195180989
178.5,A32_B6_K8,936.7893105370961,721.7439208396677,A16_B2_K16,215.0453896974284,215.04518769740704,0.00020200002134792067
178.5,A32_B4_K10,883.3948692006986,721.7439208396677,A16_B2_K16,161.65094836103094,161.65074636101141,0.0002020000195180989
178.5,A32_B4_K8,903.3199941138251,721.7439208396677,A16_B2_K16,181.57607327415747,181.57587127413612,0.00020200002134792067
178.75,A32_B6_K14,887.1040516407623,721.8813883144892,A16_B2_K16,165.22266332627316,165.22246132625486,0.0002020000182982177
178.75,A32_B6_K12,896.137090918899,721.8813883144892,A16_B2_K16,174.25570260440986,174.25550060439033,0.0002020000195180989
178.75,A32_B6_K10,915.5689789605132,721.8813883144892,A16_B2_K16,193.68759064602398,193.68738864600445,0.0002020000195180989
178.75,A32_B6_K8,937.0919061291575,721.8813883144892,A16_B2_K16,215.21051781466826,215.21031581464692,0.00020200002134792067
178.75,A32_B4_K10,883.6893408066379,721.8813883144892,A16_B2_K16,161.80795249214873,161.8077504921292,0.0002020000195180989
178.75,A32_B4_K8,903.6190928540011,721.8813883144892,A16_B2_K16,181.73770453951192,181.73750253949058,0.00020200002134792067
179.0,A32_B6_K14,887.3369225411458,722.0188557893105,A16_B2_K16,165.31806675183532,165.317864751817,0.0002020000182982177
179.0,A32_B6_K12,896.4046720334935,722.0188557893105,A16_B2_K16,174.38581624418305,174.38561424416352,0.0002020000195180989
179.0,A32_B6_K10,915.8783302866798,722.0188557893105,A16_B2_K16,193.85947449736932,193.8592724973498,0.0002020000195180989
179.0,A32_B6_K8,937.3945017212187,722.0188557893105,A16_B2_K16,215.37564593190825,215.3754439318869,0.00020200002134792067
179.0,A32_B4_K10,883.9838124125774,722.0188557893105,A16_B2_K16,161.96495662326697,161.96475462324744,0.0002020000195180989
179.0,A32_B4_K8,903.9181915941772,722.0188557893105,A16_B2_K16,181.89933580486672,181.89913380484538,0.00020200002134792067
179.25,A32_B6_K14,887.5697934415293,722.1563232641317,A16_B2_K16,165.41347017739758,165.41326817737928,0.0002020000182982177
179.25,A32_B6_K12,896.672253148088,722.1563232641317,A16_B2_K16,174.51592988395623,174.5157278839367,0.0002020000195180989
179.25,A32_B6_K10,916.1876816128463,722.1563232641317,A16_B2_K16,194.03135834871455,194.03115634869502,0.0002020000195180989
179.25,A32_B6_K8,937.6970973132801,722.1563232641317,A16_B2_K16,215.54077404914835,215.540572049127,0.00020200002134792067
179.25,A32_B4_K10,884.2782840185166,722.1563232641317,A16_B2_K16,162.12196075438487,162.12175875436535,0.0002020000195180989
179.25,A32_B4_K8,904.217290334353,722.1563232641317,A16_B2_K16,182.0609670702213,182.06076507019995,0.00020200002134792067
179.5,A32_B6_K14,887.8026643419126,722.293790738953,A16_B2_K16,165.50887360295962,165.50867160294132,0.0002020000182982177
179.5,A32_B6_K12,896.9398342626826,722.293790738953,A16_B2_K16,174.64604352372953,174.64584152371,0.0002020000195180989
179.5,A32_B6_K10,916.497032939013,722.293790738953,A16_B2_K16,194.20324220006,194.20304020004048,0.0002020000195180989
179.5,A32_B6_K8,937.9996929053415,722.293790738953,A16_B2_K16,215.70590216638846,215.7057001663671,0.00020200002134792067
179.5,A32_B4_K10,884.5727556244561,722.293790738953,A16_B2_K16,162.27896488550311,162.2787628854836,0.0002020000195180989
179.5,A32_B4_K8,904.516389074529,722.293790738953,A16_B2_K16,182.22259833557598,182.22239633555463,0.00020200002134792067
179.75,A32_B6_K14,888.035535242296,722.4312582137744,A16_B2_K16,165.60427702852155,165.60407502850325,0.0002020000182982177
179.75,A32_B6_K12,897.207415377277,722.4312582137744,A16_B2_K16,174.7761571635026,174.77595516348308,0.0002020000195180989
179.75,A32_B6_K10,916.8063842651795,722.4312582137744,A16_B2_K16,194.37512605140512,194.3749240513856,0.0002020000195180989
179.75,A32_B6_K8,938.302288497403,722.4312582137744,A16_B2_K16,215.87103028362856,215.8708282836072,0.00020200002134792067
179.75,A32_B4_K10,884.8672272303955,722.4312582137744,A16_B2_K16,162.43596901662113,162.4357670166016,0.0002020000195180989
179.75,A32_B4_K8,904.8154878147051,722.4312582137744,A16_B2_K16,182.38422960093067,182.38402760090932,0.00020200002134792067
180.0,A32_B6_K14,888.2684061426796,722.5687256885957,A16_B2_K16,165.69968045408393,165.69947845406563,0.0002020000182982177
180.0,A32_B6_K12,897.4749964918716,722.5687256885957,A16_B2_K16,174.9062708032759,174.90606880325637,0.0002020000195180989
180.0,A32_B6_K10,917.1157355913463,722.5687256885957,A16_B2_K16,194.54700990275057,194.54680790273105,0.0002020000195180989
180.0,A32_B6_K8,938.6048840894642,722.5687256885957,A16_B2_K16,216.03615840086854,216.0359564008472,0.00020200002134792067
180.0,A32_B4_K10,885.161698836335,722.5687256885957,A16_B2_K16,162.59297314773926,162.59277114771973,0.0002020000195180989
180.0,A32_B4_K8,905.1145865548809,722.5687256885957,A16_B2_K16,182.54586086628524,182.5456588662639,0.00020200002134792067
180.25,A32_B6_K14,888.5012770430629,722.7061931634171,A16_B2_K16,165.79508387964586,165.79488187962755,0.0002020000182982177
180.25,A32_B6_K12,897.742577606466,722.7061931634171,A16_B2_K16,175.03638444304897,175.03618244302945,0.0002020000195180989
180.25,A32_B6_K10,917.4250869175129,722.7061931634171,A16_B2_K16,194.7188937540958,194.71869175407627,0.0002020000195180989
180.25,A32_B6_K8,938.9074796815257,722.7061931634171,A16_B2_K16,216.20128651810865,216.2010845180873,0.00020200002134792067
180.25,A32_B4_K10,885.4561704422744,722.7061931634171,A16_B2_K16,162.74997727885727,162.74977527883775,0.0002020000195180989
180.25,A32_B4_K8,905.4136852950569,722.7061931634171,A16_B2_K16,182.7074921316398,182.70729013161846,0.00020200002134792067
180.5,A32_B6_K14,888.7341479434464,722.8436606382384,A16_B2_K16,165.890487305208,165.8902853051897,0.0002020000182982177
180.5,A32_B6_K12,898.0101587210605,722.8436606382384,A16_B2_K16,175.16649808282216,175.16629608280263,0.0002020000195180989
180.5,A32_B6_K10,917.7344382436795,722.8436606382384,A16_B2_K16,194.89077760544114,194.89057560542162,0.0002020000195180989
180.5,A32_B6_K8,939.2100752735869,722.8436606382384,A16_B2_K16,216.36641463534852,216.36621263532717,0.00020200002134792067
180.5,A32_B4_K10,885.7506420482136,722.8436606382384,A16_B2_K16,162.9069814099753,162.90677940995576,0.0002020000195180989
180.5,A32_B4_K8,905.7127840352327,722.8436606382384,A16_B2_K16,182.86912339699438,182.86892139697304,0.00020200002134792067
180.75,A32_B6_K14,888.9670188438297,722.9811281130596,A16_B2_K16,165.98589073077005,165.98568873075175,0.0002020000182982177
180.75,A32_B6_K12,898.277739835655,722.9811281130596,A16_B2_K16,175.29661172259534,175.29640972257582,0.0002020000195180989
180.75,A32_B6_K10,918.043789569846,722.9811281130596,A16_B2_K16,195.06266145678637,195.06245945676685,0.0002020000195180989
180.75,A32_B6_K8,939.5126708656483,722.9811281130596,A16_B2_K16,216.53154275258862,216.53134075256727,0.00020200002134792067
180.75,A32_B4_K10,886.045113654153,722.9811281130596,A16_B2_K16,163.06398554109342,163.0637835410739,0.0002020000195180989
180.75,A32_B4_K8,906.0118827754088,722.9811281130596,A16_B2_K16,183.03075466234918,183.03055266232784,0.00020200002134792067
181.0,A32_B6_K14,889.1998897442131,723.1185955878809,A16_B2_K16,166.0812941563322,166.0810921563139,0.0002020000182982177
181.0,A32_B6_K12,898.5453209502496,723.1185955878809,A16_B2_K16,175.42672536236864,175.42652336234912,0.0002020000195180989
181.0,A32_B6_K10,918.3531408960127,723.1185955878809,A16_B2_K16,195.23454530813183,195.2343433081123,0.0002020000195180989
181.0,A32_B6_K8,939.8152664577096,723.1185955878809,A16_B2_K16,216.69667086982872,216.69646886980738,0.00020200002134792067
181.0,A32_B4_K10,886.3395852600927,723.1185955878809,A16_B2_K16,163.22098967221177,163.22078767219224,0.0002020000195180989
181.0,A32_B4_K8,906.3109815155848,723.1185955878809,A16_B2_K16,183.19238592770387,183.19218392768252,0.00020200002134792067
181.25,A32_B6_K14,889.4327606445967,723.2560630627023,A16_B2_K16,166.17669758189436,166.17649558187605,0.0002020000182982177
181.25,A32_B6_K12,898.8129020648441,723.2560630627023,A16_B2_K16,175.55683900214183,175.5566370021223,0.0002020000195180989
181.25,A32_B6_K10,918.6629053459667,723.2560630627023,A16_B2_K16,195.40684228326438,195.40664028324485,0.0002020000195180989
181.25,A32_B6_K8,940.117862049771,723.2560630627023,A16_B2_K16,216.8617989870687,216.86159698704736,0.00020200002134792067
181.25,A32_B4_K10,886.6389581773649,723.2560630627023,A16_B2_K16,163.38289511466257,163.38269311464305,0.0002020000195180989
181.25,A32_B4_K8,906.6100802557607,723.2560630627023,A16_B2_K16,183.35401719305844,183.3538151930371,0.00020200002134792067
181.5,A32_B6_K14,889.6656315449801,723.3935305375237,A16_B2_K16,166.2721010074564,166.2718990074381,0.0002020000182982177
181.5,A32_B6_K12,899.0804831794386,723.3935305375237,A16_B2_K16,175.6869526419149,175.68675064189537,0.0002020000195180989
181.5,A32_B6_K10,918.978836132239,723.3935305375237,A16_B2_K16,195.58530559471535,195.58510359469582,0.0002020000195180989
181.5,A32_B6_K8,940.4204576418324,723.3935305375237,A16_B2_K16,217.0269271043087,217.02672510428735,0.00020200002134792067
181.5,A32_B4_K10,886.9401135085718,723.3935305375237,A16_B2_K16,163.5465829710481,163.54638097102858,0.0002020000195180989
181.5,A32_B4_K8,906.9091789959366,723.3935305375237,A16_B2_K16,183.5156484584129,183.51544645839155,0.00020200002134792067
181.75,A32_B6_K14,889.8985024453635,723.530998012345,A16_B2_K16,166.36750443301855,166.36730243300025,0.0002020000182982177
181.75,A32_B6_K12,899.3480642940331,723.530998012345,A16_B2_K16,175.81706628168808,175.81686428166856,0.0002020000195180989
181.75,A32_B6_K10,919.2947669185115,723.530998012345,A16_B2_K16,195.76376890616655,195.76356690614702,0.0002020000195180989
181.75,A32_B6_K8,940.7230532338939,723.530998012345,A16_B2_K16,217.1920552215489,217.19185322152757,0.00020200002134792067
181.75,A32_B4_K10,887.2412688397787,723.530998012345,A16_B2_K16,163.71027082743376,163.71006882741423,0.0002020000195180989
181.75,A32_B4_K8,907.2082777361126,723.530998012345,A16_B2_K16,183.67727972376758,183.67707772374624,0.00020200002134792067
182.0,A32_B6_K14,890.131373345747,723.6684654871663,A16_B2_K16,166.4629078585807,166.4627058585624,0.0002020000182982177
182.0,A32_B6_K12,899.6156454086275,723.6684654871663,A16_B2_K16,175.94717992146127,175.94697792144174,0.0002020000195180989
182.0,A32_B6_K10,919.6106977047841,723.6684654871663,A16_B2_K16,195.94223221761786,195.94203021759833,0.0002020000195180989
182.0,A32_B6_K8,941.0256488259552,723.6684654871663,A16_B2_K16,217.3571833387889,217.35698133876755,0.00020200002134792067
182.0,A32_B4_K10,887.5424241709857,723.6684654871663,A16_B2_K16,163.8739586838194,163.87375668379988,0.0002020000195180989
182.0,A32_B4_K8,907.5073764762885,723.6684654871663,A16_B2_K16,183.83891098912227,183.83870898910092,0.00020200002134792067
182.25,A32_B6_K14,890.3642442461304,723.8059329619877,A16_B2_K16,166.55831128414275,166.55810928412444,0.0002020000182982177
182.25,A32_B6_K12,899.8832265232221,723.8059329619877,A16_B2_K16,176.07729356123446,176.07709156121493,0.0002020000195180989
182.25,A32_B6_K10,919.9266284910565,723.8059329619877,A16_B2_K16,196.12069552906883,196.1204935290493,0.0002020000195180989
182.25,A32_B6_K8,941.3282444180167,723.8059329619877,A16_B2_K16,217.522311456029,217.52210945600766,0.00020200002134792067
182.25,A32_B4_K10,887.8435795021926,723.8059329619877,A16_B2_K16,164.03764654020495,164.03744454018542,0.0002020000195180989
182.25,A32_B4_K8,907.8064752164644,723.8059329619877,A16_B2_K16,184.00054225447673,184.00034025445538,0.00020200002134792067
182.5,A32_B6_K14,890.5976386006956,723.943400436809,A16_B2_K16,166.6542381638866,166.65403616386828,0.0002020000182982177
182.5,A32_B6_K12,900.1508076378166,723.943400436809,A16_B2_K16,176.20740720100753,176.207205200988,0.0002020000195180989
182.5,A32_B6_K10,920.242559277329,723.943400436809,A16_B2_K16,196.2991588405199,196.29895684050038,0.0002020000195180989
182.5,A32_B6_K8,941.6308400100779,723.943400436809,A16_B2_K16,217.68743957326888,217.68723757324753,0.00020200002134792067
182.5,A32_B4_K10,888.1447348333994,723.943400436809,A16_B2_K16,164.20133439659037,164.20113239657084,0.0002020000195180989
182.5,A32_B4_K8,908.1055739566403,723.943400436809,A16_B2_K16,184.1621735198313,184.16197151980995,0.00020200002134792067
182.75,A32_B6_K14,890.8310621718094,724.0808679116303,A16_B2_K16,166.75019426017911,166.7499922601608,0.0002020000182982177
182.75,A32_B6_K12,900.4183887524111,724.0808679116303,A16_B2_K16,176.33752084078083,176.3373188407613,0.0002020000195180989
182.75,A32_B6_K10,920.5584900636014,724.0808679116303,A16_B2_K16,196.4776221519711,196.47742015195158,0.0002020000195180989
182.75,A32_B6_K8,941.9334356021394,724.0808679116303,A16_B2_K16,217.8525676905091,217.85236569048774,0.00020200002134792067
182.75,A32_B4_K10,888.4458901646063,724.0808679116303,A16_B2_K16,164.36502225297602,164.3648202529565,0.0002020000195180989
182.75,A32_B4_K8,908.4046726968165,724.0808679116303,A16_B2_K16,184.3238047851862,184.32360278516487,0.00020200002134792067
183.0,A32_B6_K14,891.064485742923,724.2183353864516,A16_B2_K16,166.8461503564714,166.8459483564531,0.0002020000182982177
183.0,A32_B6_K12,900.6859698670056,724.2183353864516,A16_B2_K16,176.467634480554,176.46743248053448,0.0002020000195180989
183.0,A32_B6_K10,920.874608074647,724.2183353864516,A16_B2_K16,196.65627268819537,196.65607068817584,0.0002020000195180989
183.0,A32_B6_K8,942.2360311942007,724.2183353864516,A16_B2_K16,218.01769580774908,218.01749380772773,0.00020200002134792067
183.0,A32_B4_K10,888.7470454958133,724.2183353864516,A16_B2_K16,164.52871010936167,164.52850810934214,0.0002020000195180989
183.0,A32_B4_K8,908.7037714369922,724.2183353864516,A16_B2_K16,184.48543605054056,184.4852340505192,0.00020200002134792067
183.25,A32_B6_K14,891.3010048624136,724.3558028612731,A16_B2_K16,166.9452020011405,166.9450000011222,0.0002020000182982177
183.25,A32_B6_K12,900.9535509816001,724.3558028612731,A16_B2_K16,176.59774812032697,176.59754612030744,0.0002020000195180989
183.25,A32_B6_K10,921.192377424081,724.3558028612731,A16_B2_K16,196.83657456280787,196.83637256278834,0.0002020000195180989
183.25,A32_B6_K8,942.5386267862622,724.3558028612731,A16_B2_K16,218.18282392498907,218.18262192496772,0.00020200002134792067
183.25,A32_B4_K10,889.0482008270201,724.3558028612731,A16_B2_K16,164.69239796574698,164.69219596572745,0.0002020000195180989
183.25,A32_B4_K8,909.0028701771682,724.3558028612731,A16_B2_K16,184.64706731589513,184.64686531587378,0.00020200002134792067
183.5,A32_B6_K14,891.537768002994,724.4932703360943,A16_B2_K16,167.0444976668997,167.0442956668814,0.0002020000182982177
183.5,A32_B6_K12,901.2211320961945,724.4932703360943,A16_B2_K16,176.72786176010027,176.72765976008074,0.0002020000195180989
183.5,A32_B6_K10,921.5101467735146,724.4932703360943,A16_B2_K16,197.01687643742036,197.01667443740084,0.0002020000195180989
183.5,A32_B6_K8,942.8425491879435,724.4932703360943,A16_B2_K16,218.34927885184925,218.3490768518279,0.00020200002134792067
183.5,A32_B4_K10,889.349356158227,724.4932703360943,A16_B2_K16,164.85608582213274,164.8558838221132,0.0002020000195180989
183.5,A32_B4_K8,909.3032957269642,724.4932703360943,A16_B2_K16,184.8100253908699,184.80982339084855,0.00020200002134792067
183.75,A32_B6_K14,891.7745311435743,724.6307378109157,A16_B2_K16,167.14379333265867,167.14359133264037,0.0002020000182982177
183.75,A32_B6_K12,901.4887132107891,724.6307378109157,A16_B2_K16,176.85797539987345,176.85777339985393,0.0002020000195180989
183.75,A32_B6_K10,921.828964269268,724.6307378109157,A16_B2_K16,197.19822645835234,197.1980244583328,0.0002020000195180989
183.75,A32_B6_K8,943.1477001053593,724.6307378109157,A16_B2_K16,218.5169622944436,218.51676029442226,0.00020200002134792067
183.75,A32_B4_K10,889.6505114894339,724.6307378109157,A16_B2_K16,165.01977367851828,165.01957167849875,0.0002020000195180989
183.75,A32_B4_K8,909.6049497924946,724.6307378109157,A16_B2_K16,184.97421198157895,184.9740099815576,0.00020200002134792067
184.0,A32_B6_K14,892.0112942841545,724.7682052857369,A16_B2_K16,167.24308899841753,167.24288699839923,0.0002020000182982177
184.0,A32_B6_K12,901.7497184503836,724.7682052857369,A16_B2_K16,176.98151316464669,176.98131116462716,0.0002020000195180989
184.0,A32_B6_K10,922.1452180266768,724.7682052857369,A16_B2_K16,197.3770127409399,197.37681074092038,0.0002020000195180989
184.0,A32_B6_K8,943.4495630852749,724.7682052857369,A16_B2_K16,218.68135779953798,218.68115579951663,0.00020200002134792067
184.0,A32_B4_K10,889.9450909456408,724.7682052857369,A16_B2_K16,165.17688565990386,165.17668365988433,0.0002020000195180989
184.0,A32_B4_K8,909.903315920525,724.7682052857369,A16_B2_K16,185.13511063478802,185.13490863476667,0.00020200002134792067
184.25,A32_B6_K14,892.2480574247347,724.9056727605583,A16_B2_K16,167.3423846641764,167.3421826641581,0.0002020000182982177
184.25,A32_B6_K12,902.0102234712281,724.9056727605583,A16_B2_K16,177.10455071066974,177.1043487106502,0.0002020000195180989
184.25,A32_B6_K10,922.4609715653359,724.9056727605583,A16_B2_K16,197.55529880477752,197.555096804758,0.0002020000195180989
184.25,A32_B6_K8,943.7511759558157,724.9056727605583,A16_B2_K16,218.84550319525738,218.84530119523603,0.00020200002134792067
184.25,A32_B4_K10,890.2401995363164,724.9056727605583,A16_B2_K16,165.33452677575804,165.3343247757385,0.0002020000195180989
184.25,A32_B4_K8,910.2014319391801,724.9056727605583,A16_B2_K16,185.29575917862178,185.29555717860043,0.00020200002134792067
184.5,A32_B6_K14,892.4848205653151,725.0431402353796,A16_B2_K16,167.44168032993548,167.44147832991717,0.0002020000182982177
184.5,A32_B6_K12,902.2707284920726,725.0431402353796,A16_B2_K16,177.22758825669302,177.2273862566735,0.0002020000195180989
184.5,A32_B6_K10,922.7767251039949,725.0431402353796,A16_B2_K16,197.73358486861525,197.73338286859573,0.0002020000195180989
184.5,A32_B6_K8,944.0527888263565,725.0431402353796,A16_B2_K16,219.0096485909769,219.00944659095555,0.00020200002134792067
184.5,A32_B4_K10,890.5369852819716,725.0431402353796,A16_B2_K16,165.493845046592,165.4936430465725,0.0002020000195180989
184.5,A32_B4_K8,910.4995479578356,725.0431402353796,A16_B2_K16,185.456407722456,185.45620572243465,0.00020200002134792067
184.75,A32_B6_K14,892.7215837058953,725.180607710201,A16_B2_K16,167.54097599569434,167.54077399567603,0.0002020000182982177
184.75,A32_B6_K12,902.5318518796453,725.180607710201,A16_B2_K16,177.35124416944427,177.35104216942474,0.0002020000195180989
184.75,A32_B6_K10,923.0924786426538,725.180607710201,A16_B2_K16,197.91187093245276,197.91166893243323,0.0002020000195180989
184.75,A32_B6_K8,944.3544016968973,725.180607710201,A16_B2_K16,219.1737939866963,219.17359198667495,0.00020200002134792067
184.75,A32_B4_K10,890.8337710276269,725.180607710201,A16_B2_K16,165.65316331742588,165.65296131740635,0.0002020000195180989
184.75,A32_B4_K8,910.7976639764909,725.180607710201,A16_B2_K16,185.61705626628986,185.61685426626852,0.00020200002134792067
185.0,A32_B6_K14,892.9583468464757,725.3180751850223,A16_B2_K16,167.64027166145343,167.64006966143512,0.0002020000182982177
185.0,A32_B6_K12,902.7984942220994,725.3180751850223,A16_B2_K16,177.48041903707713,177.4802170370576,0.0002020000195180989
185.0,A32_B6_K10,923.4082321813128,725.3180751850223,A16_B2_K16,198.0901569962905,198.08995499627096,0.0002020000195180989
185.0,A32_B6_K8,944.656014567438,725.3180751850223,A16_B2_K16,219.3379393824157,219.33773738239435,0.00020200002134792067
185.0,A32_B4_K10,891.1331971825965,725.3180751850223,A16_B2_K16,165.81512199757424,165.8149199975547,0.0002020000195180989
185.0,A32_B4_K8,911.0957799951464,725.3180751850223,A16_B2_K16,185.77770481012408,185.77750281010273,0.00020200002134792067
185.25,A32_B6_K14,893.195109987056,725.4555426598436,A16_B2_K16,167.7395673272124,167.7393653271941,0.0002020000182982177
185.25,A32_B6_K12,903.0651365645538,725.4555426598436,A16_B2_K16,177.6095939047102,177.60939190469068,0.0002020000195180989
185.25,A32_B6_K10,923.7239857199718,725.4555426598436,A16_B2_K16,198.26844306012822,198.2682410601087,0.0002020000195180989
185.25,A32_B6_K8,944.9576274379787,725.4555426598436,A16_B2_K16,219.5020847781351,219.50188277811375,0.00020200002134792067
185.25,A32_B4_K10,891.4359634167214,725.4555426598436,A16_B2_K16,165.98042075687783,165.9802187568583,0.0002020000195180989
185.25,A32_B4_K8,911.3938960138016,725.4555426598436,A16_B2_K16,185.93835335395806,185.93815135393672,0.00020200002134792067
185.5,A32_B6_K14,893.4318731276363,725.593010134665,A16_B2_K16,167.83886299297137,167.83866099295307,0.0002020000182982177
185.5,A32_B6_K12,903.3317789070082,725.593010134665,A16_B2_K16,177.7387687723433,177.73856677232376,0.0002020000195180989
185.5,A32_B6_K10,924.0397392586307,725.593010134665,A16_B2_K16,198.44672912396572,198.4465271239462,0.0002020000195180989
185.5,A32_B6_K8,945.2592403085195,725.593010134665,A16_B2_K16,219.6662301738545,219.66602817383315,0.00020200002134792067
185.5,A32_B4_K10,891.7387296508464,725.593010134665,A16_B2_K16,166.14571951618143,166.1455175161619,0.0002020000195180989
185.5,A32_B4_K8,911.692012032457,725.593010134665,A16_B2_K16,186.09900189779205,186.0987998977707,0.00020200002134792067
185.75,A32_B6_K14,893.6686362682166,725.7304776094862,A16_B2_K16,167.93815865873034,167.93795665871204,0.0002020000182982177
185.75,A32_B6_K12,903.5984212494624,725.7304776094862,A16_B2_K16,177.86794363997615,177.86774163995662,0.0002020000195180989
185.75,A32_B6_K10,924.3554927972897,725.7304776094862,A16_B2_K16,198.62501518780346,198.62481318778393,0.0002020000195180989
185.75,A32_B6_K8,945.5608531790601,725.7304776094862,A16_B2_K16,219.8303755695739,219.83017356955256,0.00020200002134792067
185.75,A32_B4_K10,892.0414958849711,725.7304776094862,A16_B2_K16,166.3110182754849,166.31081627546538,0.0002020000195180989
185.75,A32_B4_K8,911.9901280511122,725.7304776094862,A16_B2_K16,186.25965044162592,186.25944844160458,0.00020200002134792067
186.0,A32_B6_K14,893.9053994087968,725.8679450843076,A16_B2_K16,168.0374543244892,168.0372523244709,0.0002020000182982177
186.0,A32_B6_K12,903.8650635919166,725.8679450843076,A16_B2_K16,177.997118507609,177.99691650758948,0.0002020000195180989
186.0,A32_B6_K10,924.6712463359486,725.8679450843076,A16_B2_K16,198.80330125164096,198.80309925162143,0.0002020000195180989
186.0,A32_B6_K8,945.8624660496009,725.8679450843076,A16_B2_K16,219.9945209652933,219.99431896527196,0.00020200002134792067
186.0,A32_B4_K10,892.3442621190959,725.8679450843076,A16_B2_K16,166.47631703478828,166.47611503476875,0.0002020000195180989
186.0,A32_B4_K8,912.2882440697676,725.8679450843076,A16_B2_K16,186.42029898546002,186.42009698543868,0.00020200002134792067
186.25,A32_B6_K14,894.1421625493771,726.0054125591289,A16_B2_K16,168.13674999024818,168.13654799022987,0.0002020000182982177
186.25,A32_B6_K12,904.074071452845,726.0054125591289,A16_B2_K16,178.06865889371613,178.0684568936966,0.0002020000195180989
186.25,A32_B6_K10,924.9869998746076,726.0054125591289,A16_B2_K16,198.9815873154787,198.98138531545916,0.0002020000195180989
186.25,A32_B6_K8,946.1384358114836,726.0054125591289,A16_B2_K16,220.13302325235475,220.1328212523334,0.00020200002134792067
186.25,A32_B4_K10,892.6470283532208,726.0054125591289,A16_B2_K16,166.64161579409188,166.64141379407235,0.0002020000195180989
186.25,A32_B4_K8,912.5607169797648,726.0054125591289,A16_B2_K16,186.55530442063593,186.5551024206146,0.00020200002134792067
186.5,A32_B6_K14,894.3789256899574,726.1428800339502,A16_B2_K16,168.23604565600726,168.23584365598896,0.0002020000182982177
186.5,A32_B6_K12,904.2756647921399,726.1428800339502,A16_B2_K16,178.1327847581897,178.13258275817017,0.0002020000195180989
186.5,A32_B6_K10,925.2802675159862,726.1428800339502,A16_B2_K16,199.13738748203605,199.13718548201652,0.0002020000195180989
186.5,A32_B6_K8,946.403662843282,726.1428800339502,A16_B2_K16,220.26078280933177,220.26058080931043,0.00020200002134792067
186.5,A32_B4_K10,892.9312829321184,726.1428800339502,A16_B2_K16,166.78840289816821,166.7882008981487,0.0002020000195180989
186.5,A32_B4_K8,912.8224471596777,726.1428800339502,A16_B2_K16,186.67956712572754,186.6793651257062,0.00020200002134792067
186.75,A32_B6_K14,894.5802669073105,726.2803475087716,A16_B2_K16,168.29991939853892,168.2997173985206,0.0002020000182982177
186.75,A32_B6_K12,904.4615149163774,726.2803475087716,A16_B2_K16,178.1811674076058,178.18096540758629,0.0002020000195180989
186.75,A32_B6_K10,925.4900089108332,726.2803475087716,A16_B2_K16,199.20966140206167,199.20945940204214,0.0002020000195180989
186.75,A32_B6_K8,946.6414900731129,726.2803475087716,A16_B2_K16,220.36114256434132,220.36094056431998,0.00020200002134792067
186.75,A32_B4_K10,893.1427375566616,726.2803475087716,A16_B2_K16,166.86239004789002,166.8621880478705,0.0002020000195180989
186.75,A32_B4_K8,913.0567775376232,726.2803475087716,A16_B2_K16,186.77643002885168,186.77622802883033,0.00020200002134792067
187.0,A32_B6_K14,894.687997570195,726.417814983593,A16_B2_K16,168.270182586602,168.2699805865837,0.0002020000182982177
187.0,A32_B6_K12,904.6005597633809,726.417814983593,A16_B2_K16,178.18274477978798,178.18254277976845,0.0002020000195180989
187.0,A32_B6_K10,925.6586459371574,726.417814983593,A16_B2_K16,199.24083095356445,199.24062895354493,0.0002020000195180989
187.0,A32_B6_K8,946.858345594491,726.417814983593,A16_B2_K16,220.440530610898,220.44032861087666,0.00020200002134792067
187.0,A32_B4_K10,893.3096855066359,726.417814983593,A16_B2_K16,166.89187052304294,166.8916685230234,0.0002020000195180989
187.0,A32_B4_K8,913.2701362071159,726.417814983593,A16_B2_K16,186.85232122352295,186.8521192235016,0.00020200002134792067
187.25,A32_B6_K14,894.7963442131706,726.5552824584142,A16_B2_K16,168.2410617547564,168.2408597547381,0.0002020000182982177
187.25,A32_B6_K12,904.7396046103844,726.5552824584142,A16_B2_K16,178.18432215197015,178.18412015195062,0.0002020000195180989
187.25,A32_B6_K10,925.8272829634814,726.5552824584142,A16_B2_K16,199.27200050506713,199.2717985050476,0.0002020000195180989
187.25,A32_B6_K8,947.075201115869,726.5552824584142,A16_B2_K16,220.5199186574548,220.51971665743346,0.00020200002134792067
187.25,A32_B4_K10,893.4766334566103,726.5552824584142,A16_B2_K16,166.9213509981961,166.92114899817656,0.0002020000195180989
187.25,A32_B4_K8,913.4834948766086,726.5552824584142,A16_B2_K16,186.92821241819433,186.928010418173,0.00020200002134792067
187.5,A32_B6_K14,894.9057066573228,726.6927499332355,A16_B2_K16,168.21295672408723,168.21275472406893,0.0002020000182982177
187.5,A32_B6_K12,904.878649457388,726.6927499332355,A16_B2_K16,178.18589952415243,178.1856975241329,0.0002020000195180989
187.5,A32_B6_K10,925.9959199898055,726.6927499332355,A16_B2_K16,199.30317005657002,199.3029680565505,0.0002020000195180989
187.5,A32_B6_K8,947.2920566372471,726.6927499332355,A16_B2_K16,220.5993067040116,220.59910470399026,0.00020200002134792067
187.5,A32_B4_K10,893.6435814065846,726.6927499332355,A16_B2_K16,166.95083147334913,166.9506294733296,0.0002020000195180989
187.5,A32_B4_K8,913.6968535461012,726.6927499332355,A16_B2_K16,187.00410361286572,187.00390161284437,0.00020200002134792067
187.75,A32_B6_K14,895.0150691014748,726.8302174080569,A16_B2_K16,168.18485169341784,168.18464969339954,0.0002020000182982177
187.75,A32_B6_K12,905.0176943043916,726.8302174080569,A16_B2_K16,178.18747689633472,178.1872748963152,0.0002020000195180989
187.75,A32_B6_K10,926.1645570161295,726.8302174080569,A16_B2_K16,199.33433960807258,199.33413760805306,0.0002020000195180989
187.75,A32_B6_K8,947.5089121586251,726.8302174080569,A16_B2_K16,220.67869475056818,220.67849275054684,0.00020200002134792067
187.75,A32_B4_K10,893.810529356559,726.8302174080569,A16_B2_K16,166.98031194850205,166.98010994848252,0.0002020000195180989
187.75,A32_B4_K8,913.9102122155938,726.8302174080569,A16_B2_K16,187.07999480753688,187.07979280751553,0.00020200002134792067
188.0,A32_B6_K14,895.1244315456269,726.967157799545,A16_B2_K16,168.15727374608184,168.15707174606354,0.0002020000182982177
188.0,A32_B6_K12,905.1567391513951,726.967157799545,A16_B2_K16,178.18958135185005,178.18937935183052,0.0002020000195180989
188.0,A32_B6_K10,926.3331940424537,726.967157799545,A16_B2_K16,199.36603624290865,199.36583424288912,0.0002020000195180989
188.0,A32_B6_K8,947.7257676800032,726.967157799545,A16_B2_K16,220.75860988045815,220.7584078804368,0.00020200002134792067
188.0,A32_B4_K10,893.9774773065333,726.967157799545,A16_B2_K16,167.01031950698825,167.01011750696873,0.0002020000195180989
188.0,A32_B4_K8,914.1235708850866,726.967157799545,A16_B2_K16,187.15641308554154,187.1562110855202,0.00020200002134792067
188.25,A32_B6_K14,895.2337939897789,727.1013962379079,A16_B2_K16,168.13239775187094,168.13219575185263,0.0002020000182982177
188.25,A32_B6_K12,905.3032843395905,727.1013962379079,A16_B2_K16,178.20188810168258,178.20168610166306,0.0002020000195180989
188.25,A32_B6_K10,926.5018310687776,727.1013962379079,A16_B2_K16,199.4004348308697,199.40023283085017,0.0002020000195180989
188.25,A32_B6_K8,947.9426232013813,727.1013962379079,A16_B2_K16,220.84122696347333,220.84102496345199,0.00020200002134792067
188.25,A32_B4_K10,894.1444252565076,727.1013962379079,A16_B2_K16,167.04302901859967,167.04282701858014,0.0002020000195180989
188.25,A32_B4_K8,914.3369295545791,727.1013962379079,A16_B2_K16,187.2355333166712,187.23533131664985,0.00020200002134792067
188.5,A32_B6_K14,895.343156433931,727.2356346762708,A16_B2_K16,168.10752175766015,168.10731975764185,0.0002020000182982177
188.5,A32_B6_K12,905.4501489375705,727.2356346762708,A16_B2_K16,178.21451426129966,178.21431226128013,0.0002020000195180989
188.5,A32_B6_K10,926.6704680951018,727.2356346762708,A16_B2_K16,199.43483341883098,199.43463141881145,0.0002020000195180989
188.5,A32_B6_K8,948.1594787227594,727.2356346762708,A16_B2_K16,220.92384404648863,220.92364204646728,0.00020200002134792067
188.5,A32_B4_K10,894.311373206482,727.2356346762708,A16_B2_K16,167.0757385302112,167.07553653019167,0.0002020000195180989
188.5,A32_B4_K8,914.5502882240718,727.2356346762708,A16_B2_K16,187.31465354780096,187.3144515477796,0.00020200002134792067
188.75,A32_B6_K14,895.4525188780831,727.369873114634,A16_B2_K16,168.08264576344914,168.08244376343083,0.0002020000182982177
188.75,A32_B6_K12,905.5970135355502,727.369873114634,A16_B2_K16,178.22714042091627,178.22693842089674,0.0002020000195180989
188.75,A32_B6_K10,926.8391051214259,727.369873114634,A16_B2_K16,199.4692320067919,199.46903000677239,0.0002020000195180989
188.75,A32_B6_K8,948.3763342441374,727.369873114634,A16_B2_K16,221.00646112950346,221.00625912948212,0.00020200002134792067
188.75,A32_B4_K10,894.4783211564563,727.369873114634,A16_B2_K16,167.10844804182238,167.10824604180286,0.0002020000195180989
188.75,A32_B4_K8,914.7636468935643,727.369873114634,A16_B2_K16,187.39377377893038,187.39357177890903,0.00020200002134792067
189.0,A32_B6_K14,895.5618813222351,727.5041115529968,A16_B2_K16,168.05776976923823,168.05756776921993,0.0002020000182982177
189.0,A32_B6_K12,905.7438781335301,727.5041115529968,A16_B2_K16,178.23976658053323,178.2395645805137,0.0002020000195180989
189.0,A32_B6_K10,927.0077421477499,727.5041115529968,A16_B2_K16,199.50363059475308,199.50342859473355,0.0002020000195180989
189.0,A32_B6_K8,948.5931897655154,727.5041115529968,A16_B2_K16,221.08907821251853,221.08887621249718,0.00020200002134792067
189.0,A32_B4_K10,894.6452691064308,727.5041115529968,A16_B2_K16,167.1411575534339,167.1409555534144,0.0002020000195180989
189.0,A32_B4_K8,914.9770055630571,727.5041115529968,A16_B2_K16,187.47289401006026,187.4726920100389,0.00020200002134792067
189.25,A32_B6_K14,895.6712437663872,727.6383499913599,A16_B2_K16,168.03289377502733,168.03269177500903,0.0002020000182982177
189.25,A32_B6_K12,905.8907427315098,727.6383499913599,A16_B2_K16,178.25239274014996,178.25219074013043,0.0002020000195180989
189.25,A32_B6_K10,927.176379174074,727.6383499913599,A16_B2_K16,199.53802918271413,199.5378271826946,0.0002020000195180989
189.25,A32_B6_K8,948.8100452868933,727.6383499913599,A16_B2_K16,221.17169529553348,221.17149329551214,0.00020200002134792067
189.25,A32_B4_K10,894.8122170564051,727.6383499913599,A16_B2_K16,167.17386706504521,167.1736650650257,0.0002020000195180989
189.25,A32_B4_K8,915.1903642325497,727.6383499913599,A16_B2_K16,187.5520142411898,187.55181224116845,0.00020200002134792067
189.5,A32_B6_K14,895.7806062105392,727.7725884297229,A16_B2_K16,168.00801778081632,168.007815780798,0.0002020000182982177
189.5,A32_B6_K12,906.0376073294899,727.7725884297229,A16_B2_K16,178.26501889976703,178.2648168997475,0.0002020000195180989
189.5,A32_B6_K10,927.345016200398,727.7725884297229,A16_B2_K16,199.57242777067518,199.57222577065565,0.0002020000195180989
189.5,A32_B6_K8,949.0269008082715,727.7725884297229,A16_B2_K16,221.25431237854866,221.25411037852732,0.00020200002134792067
189.5,A32_B4_K10,894.9791650063794,727.7725884297229,A16_B2_K16,167.20657657665652,167.206374576637,0.0002020000195180989
189.5,A32_B4_K8,915.4037229020423,727.7725884297229,A16_B2_K16,187.63113447231945,187.6309324722981,0.00020200002134792067
189.75,A32_B6_K14,895.8899686546913,727.9068268680859,A16_B2_K16,167.98314178660542,167.9829397865871,0.0002020000182982177
189.75,A32_B6_K12,906.1848583915998,727.9068268680859,A16_B2_K16,178.27803152351396,178.27782952349443,0.0002020000195180989
189.75,A32_B6_K10,927.5136532267221,727.9068268680859,A16_B2_K16,199.60682635863623,199.6066243586167,0.0002020000195180989
189.75,A32_B6_K8,949.2437563296496,727.9068268680859,A16_B2_K16,221.33692946156373,221.33672746154238,0.00020200002134792067
189.75,A32_B4_K10,895.1461129563537,727.9068268680859,A16_B2_K16,167.23928608826782,167.2390840882483,0.0002020000195180989
189.75,A32_B4_K8,915.6170815715351,727.9068268680859,A16_B2_K16,187.7102547034492,187.71005270342786,0.00020200002134792067
190.0,A32_B6_K14,895.9993310988434,728.0410653064489,A16_B2_K16,167.9582657923945,167.9580637923762,0.0002020000182982177
190.0,A32_B6_K12,906.3340124368791,728.0410653064489,A16_B2_K16,178.2929471304302,178.29274513041068,0.0002020000195180989
190.0,A32_B6_K10,927.6822902530462,728.0410653064489,A16_B2_K16,199.64122494659728,199.64102294657775,0.0002020000195180989
190.0,A32_B6_K8,949.4606118510276,728.0410653064489,A16_B2_K16,221.41954654457868,221.41934454455733,0.00020200002134792067
190.0,A32_B4_K10,895.313060906328,728.0410653064489,A16_B2_K16,167.27199559987912,167.2717935998596,0.0002020000195180989
190.0,A32_B4_K8,915.8304402410276,728.0410653064489,A16_B2_K16,187.78937493457875,187.7891729345574,0.00020200002134792067
190.25,A32_B6_K14,896.1086935429955,728.1753037448118,A16_B2_K16,167.93338979818373,167.93318779816542,0.0002020000182982177
190.25,A32_B6_K12,906.483166482158,728.1753037448118,A16_B2_K16,178.30786273734623,178.3076607373267,0.0002020000195180989
190.25,A32_B6_K10,927.8509272793704,728.1753037448118,A16_B2_K16,199.67562353455855,199.67542153453903,0.0002020000195180989
190.25,A32_B6_K8,949.6774673724057,728.1753037448118,A16_B2_K16,221.50216362759386,221.5019616275725,0.00020200002134792067
190.25,A32_B4_K10,895.4800088563024,728.1753037448118,A16_B2_K16,167.30470511149065,167.30450311147112,0.0002020000195180989
190.25,A32_B4_K8,916.0437989105202,728.1753037448118,A16_B2_K16,187.8684951657084,187.86829316568705,0.00020200002134792067
190.5,A32_B6_K14,896.2180559871476,728.3095421831748,A16_B2_K16,167.90851380397282,167.90831180395452,0.0002020000182982177
190.5,A32_B6_K12,906.6323205274372,728.3095421831748,A16_B2_K16,178.32277834426236,178.32257634424283,0.0002020000195180989
190.5,A32_B6_K10,928.0195643056943,728.3095421831748,A16_B2_K16,199.7100221225195,199.70982012249996,0.0002020000195180989
190.5,A32_B6_K8,949.8943228937837,728.3095421831748,A16_B2_K16,221.58478071060892,221.58457871058758,0.00020200002134792067
190.5,A32_B4_K10,895.6469568062768,728.3095421831748,A16_B2_K16,167.33741462310195,167.33721262308242,0.0002020000195180989
190.5,A32_B4_K8,916.2571575800127,728.3095421831748,A16_B2_K16,187.94761539683793,187.9474133968166,0.00020200002134792067
190.75,A32_B6_K14,896.3227344729663,728.4437806215378,A16_B2_K16,167.8789538514285,167.8787518514102,0.0002020000182982177
190.75,A32_B6_K12,906.7791325935495,728.4437806215378,A16_B2_K16,178.33535197201172,178.3351499719922,0.0002020000195180989
190.75,A32_B6_K10,928.1882013320185,728.4437806215378,A16_B2_K16,199.74442071048065,199.74421871046113,0.0002020000195180989
190.75,A32_B6_K8,950.1111784151617,728.4437806215378,A16_B2_K16,221.66739779362388,221.66719579360253,0.00020200002134792067
190.75,A32_B4_K10,895.8139047562511,728.4437806215378,A16_B2_K16,167.37012413471325,167.36992213469372,0.0002020000195180989
190.75,A32_B4_K8,916.4705162495056,728.4437806215378,A16_B2_K16,188.0267356279678,188.02653362794646,0.00020200002134792067
191.0,A32_B6_K14,896.4246208754516,728.578019059901,A16_B2_K16,167.84660181555068,167.84639981553238,0.0002020000182982177
191.0,A32_B6_K12,906.9245486179952,728.578019059901,A16_B2_K16,178.3465295580943,178.34632755807476,0.0002020000195180989
191.0,A32_B6_K10,928.3568383583425,728.578019059901,A16_B2_K16,199.7788192984416,199.77861729842206,0.0002020000195180989
191.0,A32_B6_K8,950.32803393654,728.578019059901,A16_B2_K16,221.75001487663906,221.7498128766177,0.00020200002134792067
191.0,A32_B4_K10,895.9808527062254,728.578019059901,A16_B2_K16,167.40283364632444,167.4026316463049,0.0002020000195180989
191.0,A32_B4_K8,916.6838749189982,728.578019059901,A16_B2_K16,188.10585585909723,188.1056538590759,0.00020200002134792067
191.25,A32_B6_K14,896.5265072779371,728.7122574982639,A16_B2_K16,167.81424977967322,167.8140477796549,0.0002020000182982177
191.25,A32_B6_K12,907.0699646424409,728.7122574982639,A16_B2_K16,178.35770714417708,178.35750514415756,0.0002020000195180989
191.25,A32_B6_K10,928.5254753846666,728.7122574982639,A16_B2_K16,199.81321788640275,199.81301588638323,0.0002020000195180989
191.25,A32_B6_K8,950.544889457918,728.7122574982639,A16_B2_K16,221.83263195965412,221.83242995963278,0.00020200002134792067
191.25,A32_B4_K10,896.1478006561997,728.7122574982639,A16_B2_K16,167.43554315793585,167.43534115791633,0.0002020000195180989
191.25,A32_B4_K8,916.8972335884907,728.7122574982639,A16_B2_K16,188.18497609022688,188.18477409020554,0.00020200002134792067
191.5,A32_B6_K14,896.6283936804225,728.8464959366271,A16_B2_K16,167.7818977437954,167.7816957437771,0.0002020000182982177
191.5,A32_B6_K12,907.2153806668867,728.8464959366271,A16_B2_K16,178.36888473025965,178.36868273024012,0.0002020000195180989
191.5,A32_B6_K10,928.6970554614497,728.8464959366271,A16_B2_K16,199.85055952482264,199.85035752480312,0.0002020000195180989
191.5,A32_B6_K8,950.7617449792958,728.8464959366271,A16_B2_K16,221.91524904266873,221.9150470426474,0.00020200002134792067
191.5,A32_B4_K10,896.3147486061741,728.8464959366271,A16_B2_K16,167.46825266954704,167.4680506695275,0.0002020000195180989
191.5,A32_B4_K8,917.1105922579835,728.8464959366271,A16_B2_K16,188.26409632135642,188.26389432133507,0.00020200002134792067
191.75,A32_B6_K14,896.7302800829079,728.9807343749899,A16_B2_K16,167.74954570791806,167.74934370789975,0.0002020000182982177
191.75,A32_B6_K12,907.3607966913324,728.9807343749899,A16_B2_K16,178.38006231634256,178.37986031632303,0.0002020000195180989
191.75,A32_B6_K10,928.876075538282,728.9807343749899,A16_B2_K16,199.89534116329207,199.89513916327255,0.0002020000195180989
191.75,A32_B6_K8,950.978600500674,728.9807343749899,A16_B2_K16,221.99786612568414,221.9976641256628,0.00020200002134792067
191.75,A32_B4_K10,896.4816965561484,728.9807343749899,A16_B2_K16,167.50096218115857,167.50076018113904,0.0002020000195180989
191.75,A32_B4_K8,917.3239509274761,728.9807343749899,A16_B2_K16,188.34321655248618,188.34301455246484,0.00020200002134792067
192.0,A32_B6_K14,896.8321664853934,729.1149728133528,A16_B2_K16,167.7171936720406,167.7169916720223,0.0002020000182982177
192.0,A32_B6_K12,907.5062127157782,729.1149728133528,A16_B2_K16,178.39123990242547,178.39103790240594,0.0002020000195180989
192.0,A32_B6_K10,929.0550956151144,729.1149728133528,A16_B2_K16,199.94012280176162,199.9399208017421,0.0002020000195180989
192.0,A32_B6_K8,951.195456022052,729.1149728133528,A16_B2_K16,222.0804832086992,222.08028120867786,0.00020200002134792067
192.0,A32_B4_K10,896.6486445061228,729.1149728133528,A16_B2_K16,167.53367169276999,167.53346969275046,0.0002020000195180989
192.0,A32_B4_K8,917.5373095969687,729.1149728133528,A16_B2_K16,188.42233678361595,188.4221347835946,0.00020200002134792067
192.25,A32_B6_K14,896.9340528878788,729.2492112517158,A16_B2_K16,167.68484163616301,167.6846396361447,0.0002020000182982177
192.25,A32_B6_K12,907.6516287402239,729.2492112517158,A16_B2_K16,178.40241748850815,178.40221548848862,0.0002020000195180989
192.25,A32_B6_K10,929.2341156919466,729.2492112517158,A16_B2_K16,199.98490444023082,199.9847024402113,0.0002020000195180989
192.25,A32_B6_K8,951.4124524728368,729.2492112517158,A16_B2_K16,222.16324122112098,222.16303922109964,0.00020200002134792067
192.25,A32_B4_K10,896.8155924560971,729.2492112517158,A16_B2_K16,167.5663812043813,167.56617920436176,0.0002020000195180989
192.25,A32_B4_K8,917.750809195868,729.2492112517158,A16_B2_K16,188.5015979441522,188.50139594413085,0.00020200002134792067
192.5,A32_B6_K14,897.0359392903641,729.3834496900788,A16_B2_K16,167.65248960028532,167.65228760026702,0.0002020000182982177
192.5,A32_B6_K12,907.7970447646697,729.3834496900788,A16_B2_K16,178.41359507459094,178.41339307457142,0.0002020000195180989
192.5,A32_B6_K10,929.413135768779,729.3834496900788,A16_B2_K16,200.02968607870014,200.0294840786806,0.0002020000195180989
192.5,A32_B6_K8,951.6295603044825,729.3834496900788,A16_B2_K16,222.24611061440373,222.2459086143824,0.00020200002134792067
192.5,A32_B4_K10,896.9825404060715,729.3834496900788,A16_B2_K16,167.5990907159927,167.59888871597317,0.0002020000195180989
192.5,A32_B4_K8,917.9644201756284,729.3834496900788,A16_B2_K16,188.58097048554964,188.5807684855283,0.00020200002134792067
192.75,A32_B6_K14,897.1378256928496,729.5176881284418,A16_B2_K16,167.62013756440774,167.61993556438944,0.0002020000182982177
192.75,A32_B6_K12,907.9424607891156,729.5176881284418,A16_B2_K16,178.42477266067374,178.4245706606542,0.0002020000195180989
192.75,A32_B6_K10,929.5921558456115,729.5176881284418,A16_B2_K16,200.07446771716968,200.07426571715015,0.0002020000195180989
192.75,A32_B6_K8,951.8466681361286,729.5176881284418,A16_B2_K16,222.32898000768682,222.32877800766548,0.00020200002134792067
192.75,A32_B4_K10,897.1494883560458,729.5176881284418,A16_B2_K16,167.631800227604,167.63159822758448,0.0002020000195180989
192.75,A32_B4_K8,918.1780311553891,729.5176881284418,A16_B2_K16,188.66034302694732,188.66014102692597,0.00020200002134792067
193.0,A32_B6_K14,897.239712095335,729.651926566805,A16_B2_K16,167.58778552853005,167.58758352851174,0.0002020000182982177
193.0,A32_B6_K12,908.0878768135613,729.651926566805,A16_B2_K16,178.4359502467563,178.43574824673678,0.0002020000195180989
193.0,A32_B6_K10,929.7711759224437,729.651926566805,A16_B2_K16,200.11924935563877,200.11904735561924,0.0002020000195180989
193.0,A32_B6_K8,952.0637759677749,729.651926566805,A16_B2_K16,222.4118494009699,222.41164740094857,0.00020200002134792067
193.0,A32_B4_K10,897.3164363060201,729.651926566805,A16_B2_K16,167.6645097392152,167.66430773919566,0.0002020000195180989
193.0,A32_B4_K8,918.3916421351497,729.651926566805,A16_B2_K16,188.73971556834476,188.73951356832342,0.00020200002134792067
193.25,A32_B6_K14,897.3415984978203,729.786165005168,A16_B2_K16,167.55543349265236,167.55523149263405,0.0002020000182982177
193.25,A32_B6_K12,908.233292838007,729.786165005168,A16_B2_K16,178.447127832839,178.44692583281946,0.0002020000195180989
193.25,A32_B6_K10,929.9501959992759,729.786165005168,A16_B2_K16,200.16403099410797,200.16382899408845,0.0002020000195180989
193.25,A32_B6_K8,952.280883799421,729.786165005168,A16_B2_K16,222.494718794253,222.49451679423166,0.00020200002134792067
193.25,A32_B4_K10,897.4833842559945,729.786165005168,A16_B2_K16,167.6972192508265,167.69701725080697,0.0002020000195180989
193.25,A32_B4_K8,918.6052531149106,729.786165005168,A16_B2_K16,188.81908810974267,188.81888610972132,0.00020200002134792067
193.5,A32_B6_K14,897.44435706446,729.9204034435309,A16_B2_K16,167.5239536209291,167.5237516209108,0.0002020000182982177
193.5,A32_B6_K12,908.3787088624528,729.9204034435309,A16_B2_K16,178.4583054189219,178.45810341890237,0.0002020000195180989
193.5,A32_B6_K10,930.1292160761084,729.9204034435309,A16_B2_K16,200.20881263257752,200.208610632558,0.0002020000195180989
193.5,A32_B6_K8,952.497991631067,729.9204034435309,A16_B2_K16,222.5775881875361,222.57738618751475,0.00020200002134792067
193.5,A32_B4_K10,897.6503322059689,729.9204034435309,A16_B2_K16,167.72992876243802,167.7297267624185,0.0002020000195180989
193.5,A32_B4_K8,918.8188640946711,729.9204034435309,A16_B2_K16,188.89846065114023,188.89825865111888,0.00020200002134792067
193.75,A32_B6_K14,897.5511297291806,730.0546418818938,A16_B2_K16,167.49648784728686,167.49628584726855,0.0002020000182982177
193.75,A32_B6_K12,908.5241248868984,730.0546418818938,A16_B2_K16,178.4694830050047,178.46928100498516,0.0002020000195180989
193.75,A32_B6_K10,930.3082361529407,730.0546418818938,A16_B2_K16,200.25359427104695,200.25339227102742,0.0002020000195180989
193.75,A32_B6_K8,952.7150994627132,730.0546418818938,A16_B2_K16,222.6604575808194,222.66025558079807,0.00020200002134792067
193.75,A32_B4_K10,897.8172801559432,730.0546418818938,A16_B2_K16,167.76263827404944,167.7624362740299,0.0002020000195180989
193.75,A32_B4_K8,919.0324750744318,730.0546418818938,A16_B2_K16,188.97783319253801,188.97763119251667,0.00020200002134792067
194.0,A32_B6_K14,897.6620767681379,730.1888803202568,A16_B2_K16,167.47319644788115,167.47299444786285,0.0002020000182982177
194.0,A32_B6_K12,908.6695409113443,730.1888803202568,A16_B2_K16,178.48066059108749,178.48045859106796,0.0002020000195180989
194.0,A32_B6_K10,930.487256229773,730.1888803202568,A16_B2_K16,200.29837590951627,200.29817390949674,0.0002020000195180989
194.0,A32_B6_K8,952.9322072943592,730.1888803202568,A16_B2_K16,222.7433269741024,222.74312497408104,0.00020200002134792067
194.0,A32_B4_K10,897.9842281059176,730.1888803202568,A16_B2_K16,167.79534778566085,167.79514578564132,0.0002020000195180989
194.0,A32_B4_K8,919.2460860541923,730.1888803202568,A16_B2_K16,189.05720573393558,189.05700373391423,0.00020200002134792067
194.25,A32_B6_K14,897.7730238070949,730.3231187586198,A16_B2_K16,167.4499050484751,167.4497030484568,0.0002020000182982177
194.25,A32_B6_K12,908.81495693579,730.3231187586198,A16_B2_K16,178.49183817717017,178.49163617715064,0.0002020000195180989
194.25,A32_B6_K10,930.6662763066054,730.3231187586198,A16_B2_K16,200.34315754798558,200.34295554796606,0.0002020000195180989
194.25,A32_B6_K8,953.1493151260053,730.3231187586198,A16_B2_K16,222.82619636738548,222.82599436736413,0.00020200002134792067
194.25,A32_B4_K10,898.1511760558918,730.3231187586198,A16_B2_K16,167.82805729727204,167.8278552972525,0.0002020000195180989
194.25,A32_B4_K8,919.459697033953,730.3231187586198,A16_B2_K16,189.13657827533325,189.1363762753119,0.00020200002134792067
194.5,A32_B6_K14,897.8839708460521,730.4573571969828,A16_B2_K16,167.42661364906928,167.42641164905098,0.0002020000182982177
194.5,A32_B6_K12,908.9603729602356,730.4573571969828,A16_B2_K16,178.50301576325285,178.50281376323332,0.0002020000195180989
194.5,A32_B6_K10,930.8452963834377,730.4573571969828,A16_B2_K16,200.3879391864549,200.38773718643537,0.0002020000195180989
194.5,A32_B6_K8,953.3664229576514,730.4573571969828,A16_B2_K16,222.90906576066857,222.90886376064722,0.00020200002134792067
194.5,A32_B4_K10,898.3181240058663,730.4573571969828,A16_B2_K16,167.86076680888345,167.86056480886393,0.0002020000195180989
194.5,A32_B4_K8,919.6733080137137,730.4573571969828,A16_B2_K16,189.21595081673092,189.21574881670958,0.00020200002134792067
194.75,A32_B6_K14,897.9949178850092,730.5915956353458,A16_B2_K16,167.40332224966335,167.40312024964504,0.0002020000182982177
194.75,A32_B6_K12,909.1057889846813,730.5915956353458,A16_B2_K16,178.51419334933553,178.513991349316,0.0002020000195180989
194.75,A32_B6_K10,931.02431646027,730.5915956353458,A16_B2_K16,200.43272082492422,200.4325188249047,0.0002020000195180989
194.75,A32_B6_K8,953.5835307892974,730.5915956353458,A16_B2_K16,222.99193515395154,222.9917331539302,0.00020200002134792067
194.75,A32_B4_K10,898.4854010535926,730.5915956353458,A16_B2_K16,167.89380541824676,167.89360341822723,0.0002020000195180989
194.75,A32_B4_K8,919.8869189934745,730.5915956353458,A16_B2_K16,189.2953233581287,189.29512135810737,0.00020200002134792067
195.0,A32_B6_K14,898.1058649239662,730.7258340737087,A16_B2_K16,167.38003085025753,167.37982885023922,0.0002020000182982177
195.0,A32_B6_K12,909.2533088285477,730.7258340737087,A16_B2_K16,178.52747475483898,178.52727275481945,0.0002020000195180989
195.0,A32_B6_K10,931.2033365371024,730.7258340737087,A16_B2_K16,200.47750246339365,200.47730046337412,0.0002020000195180989
195.0,A32_B6_K8,953.8006386209435,730.7258340737087,A16_B2_K16,223.07480454723475,223.0746025472134,0.00020200002134792067
195.0,A32_B4_K10,898.6527586718382,730.7258340737087,A16_B2_K16,167.92692459812952,167.92672259811,0.0002020000195180989
195.0,A32_B4_K8,920.1005299732351,730.7258340737087,A16_B2_K16,189.3746958995264,189.37449389950504,0.00020200002134792067
195.25,A32_B6_K14,898.2168119629233,730.8600725120717,A16_B2_K16,167.3567394508516,167.3565374508333,0.0002020000182982177
195.25,A32_B6_K12,909.4023519719656,730.8600725120717,A16_B2_K16,178.54227945989385,178.54207745987432,0.0002020000195180989
195.25,A32_B6_K10,931.3823566139347,730.8600725120717,A16_B2_K16,200.52228410186297,200.52208210184344,0.0002020000195180989
195.25,A32_B6_K8,954.0177464525894,730.8600725120717,A16_B2_K16,223.15767394051772,223.15747194049638,0.00020200002134792067
195.25,A32_B4_K10,898.8201162900839,730.8600725120717,A16_B2_K16,167.96004377801216,167.95984177799264,0.0002020000195180989
195.25,A32_B4_K8,920.3141409529957,730.8600725120717,A16_B2_K16,189.45406844092395,189.4538664409026,0.00020200002134792067
195.5,A32_B6_K14,898.3277590018804,730.994310950435,A16_B2_K16,167.33344805144543,167.33324605142712,0.0002020000182982177
195.5,A32_B6_K12,909.5513951153835,730.994310950435,A16_B2_K16,178.5570841649485,178.55688216492896,0.0002020000195180989
195.5,A32_B6_K10,931.561376690767,730.994310950435,A16_B2_K16,200.56706574033205,200.56686374031253,0.0002020000195180989
195.5,A32_B6_K8,954.2348542842357,730.994310950435,A16_B2_K16,223.2405433338007,223.24034133377936,0.00020200002134792067
195.5,A32_B4_K10,898.9874739083297,730.994310950435,A16_B2_K16,167.9931629578947,167.99296095787517,0.0002020000195180989
195.5,A32_B4_K8,920.5277519327565,730.994310950435,A16_B2_K16,189.5334409823215,189.53323898230016,0.00020200002134792067
195.75,A32_B6_K14,898.4387060408375,731.1285493887978,A16_B2_K16,167.31015665203972,167.30995465202142,0.0002020000182982177
195.75,A32_B6_K12,909.7004382588013,731.1285493887978,A16_B2_K16,178.5718888700036,178.57168686998406,0.0002020000195180989
195.75,A32_B6_K10,931.7414781690904,731.1285493887978,A16_B2_K16,200.6129287802927,200.61272678027316,0.0002020000195180989
195.75,A32_B6_K8,954.4519621158817,731.1285493887978,A16_B2_K16,223.3234127270839,223.32321072706256,0.00020200002134792067
195.75,A32_B4_K10,899.1548315265752,731.1285493887978,A16_B2_K16,168.02628213777746,168.02608013775793,0.0002020000195180989
195.75,A32_B4_K8,920.741362912517,731.1285493887978,A16_B2_K16,189.6128135237193,189.61261152369795,0.00020200002134792067
196.0,A32_B6_K14,898.5496530797947,731.2627878271608,A16_B2_K16,167.2868652526339,167.2866632526156,0.0002020000182982177
196.0,A32_B6_K12,909.8494814022195,731.2627878271608,A16_B2_K16,178.5866935750587,178.58649157503916,0.0002020000195180989
196.0,A32_B6_K10,931.9218939020748,731.2627878271608,A16_B2_K16,200.659106074914,200.65890407489448,0.0002020000195180989
196.0,A32_B6_K8,954.6690699475278,731.2627878271608,A16_B2_K16,223.406282120367,223.40608012034565,0.00020200002134792067
196.0,A32_B4_K10,899.3221891448209,731.2627878271608,A16_B2_K16,168.0594013176601,168.05919931764058,0.0002020000195180989
196.0,A32_B4_K8,920.9549738922777,731.2627878271608,A16_B2_K16,189.69218606511697,189.69198406509562,0.00020200002134792067
196.25,A32_B6_K14,898.6606001187516,731.3970262655237,A16_B2_K16,167.26357385322797,167.26337185320966,0.0002020000182982177
196.25,A32_B6_K12,909.9985245456373,731.3970262655237,A16_B2_K16,178.60149828011367,178.60129628009415,0.0002020000195180989
196.25,A32_B6_K10,932.1023096350591,731.3970262655237,A16_B2_K16,200.70528336953544,200.7050813695159,0.0002020000195180989
196.25,A32_B6_K8,954.8861777791739,731.3970262655237,A16_B2_K16,223.4891515136502,223.48894951362885,0.00020200002134792067
196.25,A32_B4_K10,899.4905070962554,731.3970262655237,A16_B2_K16,168.09348083073178,168.09327883071225,0.0002020000195180989
196.25,A32_B4_K8,921.1685848720384,731.3970262655237,A16_B2_K16,189.77155860651476,189.7713566064934,0.00020200002134792067
196.5,A32_B6_K14,898.7715471577088,731.5312647038868,A16_B2_K16,167.24028245382203,167.24008045380373,0.0002020000182982177
196.5,A32_B6_K12,910.1475676890552,731.5312647038868,A16_B2_K16,178.61630298516843,178.6161009851489,0.0002020000195180989
196.5,A32_B6_K10,932.2827253680434,731.5312647038868,A16_B2_K16,200.75146066415664,200.7512586641371,0.0002020000195180989
196.5,A32_B6_K8,955.10328561082,731.5312647038868,A16_B2_K16,223.57202090693318,223.57181890691183,0.00020200002134792067
196.5,A32_B4_K10,899.6601045563092,731.5312647038868,A16_B2_K16,168.1288398524224,168.12863785240287,0.0002020000195180989
196.5,A32_B4_K8,921.382195851799,731.5312647038868,A16_B2_K16,189.8509311479122,189.85072914789086,0.00020200002134792067
196.75,A32_B6_K14,898.8824941966659,731.6655031422497,A16_B2_K16,167.2169910544162,167.2167890543979,0.0002020000182982177
196.75,A32_B6_K12,910.2966108324731,731.6655031422497,A16_B2_K16,178.63110769022342,178.6309056902039,0.0002020000195180989
196.75,A32_B6_K10,932.463491711733,731.6655031422497,A16_B2_K16,200.79798856948332,200.7977865694638,0.0002020000195180989
196.75,A32_B6_K8,955.320393442466,731.6655031422497,A16_B2_K16,223.65489030021627,223.65468830019492,0.00020200002134792067
196.75,A32_B4_K10,899.8297020163628,731.6655031422497,A16_B2_K16,168.16419887411314,168.1639968740936,0.0002020000195180989
196.75,A32_B4_K8,921.5958068315597,731.6655031422497,A16_B2_K16,189.93030368931,189.93010168928865,0.00020200002134792067
197.0,A32_B6_K14,898.993441235623,731.7997415806127,A16_B2_K16,167.19369965501028,167.19349765499197,0.0002020000182982177
197.0,A32_B6_K12,910.4456539758911,731.7997415806127,A16_B2_K16,178.6459123952784,178.64571039525887,0.0002020000195180989
197.0,A32_B6_K10,932.6443520687524,731.7997415806127,A16_B2_K16,200.84461048813966,200.84440848812014,0.0002020000195180989
197.0,A32_B6_K8,955.537501274112,731.7997415806127,A16_B2_K16,223.73775969349924,223.7375576934779,0.00020200002134792067
197.0,A32_B4_K10,899.9992994764165,731.7997415806127,A16_B2_K16,168.19955789580376,168.19935589578424,0.0002020000195180989
197.0,A32_B4_K8,921.8094178113204,731.7997415806127,A16_B2_K16,190.00967623070767,190.00947423068632,0.00020200002134792067
197.25,A32_B6_K14,899.1043882745801,731.9339800189757,A16_B2_K16,167.17040825560434,167.17020625558604,0.0002020000182982177
197.25,A32_B6_K12,910.5946971193089,731.9339800189757,A16_B2_K16,178.66071710033316,178.66051510031363,0.0002020000195180989
197.25,A32_B6_K10,932.8252124257717,731.9339800189757,A16_B2_K16,200.891232406796,200.89103040677648,0.0002020000195180989
197.25,A32_B6_K8,955.7546091057582,731.9339800189757,A16_B2_K16,223.82062908678245,223.8204270867611,0.00020200002134792067
197.25,A32_B4_K10,900.1770627386237,731.9339800189757,A16_B2_K16,168.243082719648,168.24288071962846,0.0002020000195180989
197.25,A32_B4_K8,922.0230287910812,731.9339800189757,A16_B2_K16,190.08904877210546,190.0888467720841,0.00020200002134792067
197.5,A32_B6_K14,899.2153353135373,732.0682184573387,A16_B2_K16,167.14711685619852,167.14691485618022,0.0002020000182982177
197.5,A32_B6_K12,910.7437402627269,732.0682184573387,A16_B2_K16,178.67552180538814,178.67531980536862,0.0002020000195180989
197.5,A32_B6_K10,933.0060727827911,732.0682184573387,A16_B2_K16,200.93785432545235,200.93765232543282,0.0002020000195180989
197.5,A32_B6_K8,955.9717169374042,732.0682184573387,A16_B2_K16,223.90349848006542,223.90329648004408,0.00020200002134792067
197.5,A32_B4_K10,900.3572880356801,732.0682184573387,A16_B2_K16,168.28906957834135,168.28886757832183,0.0002020000195180989
197.5,A32_B4_K8,922.2366397708419,732.0682184573387,A16_B2_K16,190.16842131350313,190.16821931348179,0.00020200002134792067
197.75,A32_B6_K14,899.3262823524943,732.2024568957017,A16_B2_K16,167.1238254567926,167.12362345677428,0.0002020000182982177
197.75,A32_B6_K12,910.8927834061448,732.2024568957017,A16_B2_K16,178.69032651044301,178.6901245104235,0.0002020000195180989
197.75,A32_B6_K10,933.1869331398105,732.2024568957017,A16_B2_K16,200.9844762441088,200.98427424408928,0.0002020000195180989
197.75,A32_B6_K8,956.1888247690503,732.2024568957017,A16_B2_K16,223.9863678733485,223.98616587332717,0.00020200002134792067
197.75,A32_B4_K10,900.5392340082623,732.2024568957017,A16_B2_K16,168.33677711256053,168.336575112541,0.0002020000195180989
197.75,A32_B4_K8,922.4502507506023,732.2024568957017,A16_B2_K16,190.24779385490058,190.24759185487923,0.00020200002134792067
198.0,A32_B6_K14,899.4372293914514,732.3366953340648,A16_B2_K16,167.10053405738665,167.10033205736835,0.0002020000182982177
198.0,A32_B6_K12,911.0418265495628,732.3366953340648,A16_B2_K16,178.705131215498,178.70492921547847,0.0002020000195180989
198.0,A32_B6_K10,933.3677934968299,732.3366953340648,A16_B2_K16,201.03109816276515,201.03089616274562,0.0002020000195180989
198.0,A32_B6_K8,956.4059326006964,732.3366953340648,A16_B2_K16,224.0692372666316,224.06903526661026,0.00020200002134792067
198.0,A32_B4_K10,900.7211799808442,732.3366953340648,A16_B2_K16,168.38448464677947,168.38428264675994,0.0002020000195180989
198.0,A32_B4_K8,922.6638617303631,732.3366953340648,A16_B2_K16,190.32716639629837,190.32696439627702,0.00020200002134792067
198.25,A32_B6_K14,899.5481764304086,732.4709337724279,A16_B2_K16,167.07724265798072,167.0770406579624,0.0002020000182982177
198.25,A32_B6_K12,911.1908696929806,732.4709337724279,A16_B2_K16,178.71993592055276,178.71973392053323,0.0002020000195180989
198.25,A32_B6_K10,933.5486538538494,732.4709337724279,A16_B2_K16,201.0777200814215,201.07751808140196,0.0002020000195180989
198.25,A32_B6_K8,956.6230404323426,732.4709337724279,A16_B2_K16,224.1521066599147,224.15190465989335,0.00020200002134792067
198.25,A32_B4_K10,900.9031259534264,732.4709337724279,A16_B2_K16,168.43219218099853,168.431990180979,0.0002020000195180989
198.25,A32_B4_K8,922.8774727101238,732.4709337724279,A16_B2_K16,190.40653893769593,190.40633693767458,0.00020200002134792067
198.5,A32_B6_K14,899.6591234693656,732.6051722107907,A16_B2_K16,167.0539512585749,167.0537492585566,0.0002020000182982177
198.5,A32_B6_K12,911.3399128363985,732.6051722107907,A16_B2_K16,178.73474062560786,178.73453862558833,0.0002020000195180989
198.5,A32_B6_K10,933.7295142108687,732.6051722107907,A16_B2_K16,201.12434200007806,201.12414000005853,0.0002020000195180989
198.5,A32_B6_K8,956.8401482639886,732.6051722107907,A16_B2_K16,224.2349760531979,224.23477405317655,0.00020200002134792067
198.5,A32_B4_K10,901.0850719260084,732.6051722107907,A16_B2_K16,168.4798997152177,168.47969771519817,0.0002020000195180989
198.5,A32_B4_K8,923.0910836898843,732.6051722107907,A16_B2_K16,190.4859114790936,190.48570947907226,0.00020200002134792067
198.75,A32_B6_K14,899.7700705083228,732.7394106491537,A16_B2_K16,167.03065985916908,167.03045785915077,0.0002020000182982177
198.75,A32_B6_K12,911.4889559798165,732.7394106491537,A16_B2_K16,178.74954533066284,178.7493433306433,0.0002020000195180989
198.75,A32_B6_K10,933.9103745678881,732.7394106491537,A16_B2_K16,201.1709639187344,201.17076191871487,0.0002020000195180989
198.75,A32_B6_K8,957.0572560956346,732.7394106491537,A16_B2_K16,224.31784544648087,224.31764344645953,0.00020200002134792067
198.75,A32_B4_K10,901.2670178985904,732.7394106491537,A16_B2_K16,168.52760724943676,168.52740524941723,0.0002020000195180989
198.75,A32_B4_K8,923.304694669645,732.7394106491537,A16_B2_K16,190.56528402049128,190.56508202046993,0.00020200002134792067
199.0,A32_B6_K14,899.8810175472798,732.8736490875167,A16_B2_K16,167.00736845976314,167.00716645974484,0.0002020000182982177
199.0,A32_B6_K12,911.6379991232345,732.8736490875167,A16_B2_K16,178.76435003571783,178.7641480356983,0.0002020000195180989
199.0,A32_B6_K10,934.0912349249076,732.8736490875167,A16_B2_K16,201.21758583739086,201.21738383737133,0.0002020000195180989
199.0,A32_B6_K8,957.2743639272808,732.8736490875167,A16_B2_K16,224.40071483976408,224.40051283974273,0.00020200002134792067
199.0,A32_B4_K10,901.4489638711726,732.8736490875167,A16_B2_K16,168.57531478365593,168.5751127836364,0.0002020000195180989
199.0,A32_B4_K8,923.5183056494058,732.8736490875167,A16_B2_K16,190.64465656188906,190.64445456186772,0.00020200002134792067
199.25,A32_B6_K14,899.991964586237,733.0078875258797,A16_B2_K16,166.98407706035732,166.98387506033902,0.0002020000182982177
199.25,A32_B6_K12,911.7870422666526,733.0078875258797,A16_B2_K16,178.77915474077292,178.7789527407534,0.0002020000195180989
199.25,A32_B6_K10,934.2720952819269,733.0078875258797,A16_B2_K16,201.2642077560472,201.26400575602767,0.0002020000195180989
199.25,A32_B6_K8,957.4914717589268,733.0078875258797,A16_B2_K16,224.48358423304705,224.4833822330257,0.00020200002134792067
199.25,A32_B4_K10,901.629873177088,733.0078875258797,A16_B2_K16,168.62198565120832,168.6217836511888,0.0002020000195180989
199.25,A32_B4_K8,923.7319166291663,733.0078875258797,A16_B2_K16,190.72402910328663,190.72382710326528,0.00020200002134792067
199.5,A32_B6_K14,900.1029116251941,733.1421259642427,A16_B2_K16,166.9607856609514,166.96058366093308,0.0002020000182982177
199.5,A32_B6_K12,911.9360854100703,733.1421259642427,A16_B2_K16,178.79395944582757,178.79375744580804,0.0002020000195180989
199.5,A32_B6_K10,934.4529556389464,733.1421259642427,A16_B2_K16,201.31082967470365,201.31062767468413,0.0002020000195180989
199.5,A32_B6_K8,957.708579590573,733.1421259642427,A16_B2_K16,224.56645362633026,224.5662516263089,0.00020200002134792067
199.5,A32_B4_K10,901.8090020663367,733.1421259642427,A16_B2_K16,168.66687610209397,168.66667410207444,0.0002020000195180989
199.5,A32_B4_K8,923.945527608927,733.1421259642427,A16_B2_K16,190.8034016446843,190.80319964466295,0.00020200002134792067
199.75,A32_B6_K14,900.2138586641512,733.2763644026056,A16_B2_K16,166.93749426154557,166.93729226152726,0.0002020000182982177
199.75,A32_B6_K12,912.0851285534882,733.2763644026056,A16_B2_K16,178.80876415088255,178.80856215086303,0.0002020000195180989
199.75,A32_B6_K10,934.6338159959657,733.2763644026056,A16_B2_K16,201.3574515933601,201.35724959334058,0.0002020000195180989
199.75,A32_B6_K8,957.9240361201357,733.2763644026056,A16_B2_K16,224.6476717175301,224.64746971750876,0.00020200002134792067
199.75,A32_B4_K10,901.9881309555855,733.2763644026056,A16_B2_K16,168.71176655297984,168.7115645529603,0.0002020000195180989
199.75,A32_B4_K8,924.1574872866044,733.2763644026056,A16_B2_K16,190.88112288399873,190.88092088397738,0.00020200002134792067
200.0,A32_B6_K14,900.3248057031083,733.4106028409686,A16_B2_K16,166.91420286213963,166.91400086212133,0.0002020000182982177
200.0,A32_B6_K12,912.2341716969062,733.4106028409686,A16_B2_K16,178.82356885593754,178.823366855918,0.0002020000195180989
200.0,A32_B6_K10,934.8146763529852,733.4106028409686,A16_B2_K16,201.40407351201657,201.40387151199704,0.0002020000195180989
200.0,A32_B6_K8,958.1385000455316,733.4106028409686,A16_B2_K16,224.72789720456296,224.72769520454162,0.00020200002134792067
200.0,A32_B4_K10,902.1672598448342,733.4106028409686,A16_B2_K16,168.7566570038656,168.75645500384607,0.0002020000195180989
200.0,A32_B4_K8,924.368454360115,733.4106028409686,A16_B2_K16,190.9578515191464,190.95764951912506,0.00020200002134792067
